TIMESTAMP,VAR78,VAR79,VAR134,VAR157,VAR164,VAR165,VAR166,VAR167,VAR169,VAR175,VAR178,VAR228
2014-01-01 00:00:00,0.0,0.011119548,94395.5625,45.01292419,1.0,2.039287567,-2.337785721,296.5932617,33562560.0,28127568.0,36559392.0,7.98e-05
2014-01-01 01:00:00,0.030807495,0.038773283,94302.0,30.90986633,1.0,3.696643829,-1.778003693,298.9411621,3308981.0,1289465.0,3717553.0,0.0
2014-01-01 02:00:00,0.072738647,0.086512268,94333.875,25.31832886,1.0,4.751339912,-0.492028236,299.6486816,5985138.0,2587891.0,7014246.0,0.0
2014-01-01 03:00:00,0.07093811,0.146726549,94281.3125,22.60726929,1.0,4.386314392,-0.381575584,299.1816406,7691751.0,3930504.0,9611227.0,0.0
2014-01-01 04:00:00,0.187789917,0.289729893,94244.5,22.27577209,1.0,4.323616982,-0.527871132,298.609375,9007574.0,5303267.0,11830575.0,0.0
2014-01-01 05:00:00,0.163604736,0.393827736,94261.5,26.2578125,1.0,3.771688461,0.251362801,297.394043,9598226.0,6662227.0,13336883.0,0.0
2014-01-01 06:00:00,0.064880371,0.29291749,94126.875,25.14242554,1.0,1.219958305,-1.181089401,297.0405273,10159815.0,8066834.0,14657516.0,0.0
2014-01-01 07:00:00,0.101531982,0.223484635,94121.3125,27.56750488,1.0,1.040077209,-0.880537033,296.8237305,10663747.0,9419557.0,15692634.0,0.0
2014-01-01 08:00:00,0.16015625,0.134707272,93992.125,32.12408447,0.991674483,-0.117505074,-1.582461357,295.8937988,10901080.0,10785045.0,16277958.0,0.0
2014-01-01 09:00:00,0.005310059,0.087058723,93896.8125,31.93742371,1.0,0.44482708,-2.302522659,295.3205566,11011952.0,12132714.0,16541826.0,0.0
2014-01-01 10:00:00,0.000473022,0.136627376,93791.4375,28.41841125,1.0,1.40237236,-3.160079002,295.376709,11018412.0,13462073.0,16558128.0,0.0
2014-01-01 11:00:00,0.005187988,0.141058862,93770.875,25.03034973,0.99999994,2.082326889,-2.909013748,295.0288086,11018412.0,14751646.0,16558128.0,0.0
2014-01-01 12:00:00,0.090362549,0.183145583,93716.8125,20.09477234,0.99999994,2.656590462,-3.86909008,295.8122559,11018412.0,16087338.0,16558128.0,0.0
2014-01-01 13:00:00,0.027371947,0.16912204,93702.6875,19.7693634,1.0,3.611287117,-3.474280357,296.2539062,11018407.0,17447152.0,16558128.0,0.0
2014-01-01 14:00:00,0.023345947,0.167282999,93644.625,19.69569397,1.0,4.737533569,-3.326454163,296.916748,11018407.0,18825472.0,16558128.0,0.0
2014-01-01 15:00:00,0.043647766,0.186956465,93592.8125,20.41810608,1.000000954,4.378488541,-2.448317528,296.5219727,11018407.0,20160400.0,16558128.0,0.0
2014-01-01 16:00:00,0.169151306,0.242989898,93574.1875,22.62335205,1.000000954,5.155999184,-1.731311798,296.1037598,11018407.0,21492240.0,16558128.0,0.0
2014-01-01 17:00:00,0.364040017,0.284038782,93629.9375,23.39506531,0.999032557,4.650500298,-0.829553604,295.4348145,11018407.0,22806224.0,16558128.0,0.0
2014-01-01 18:00:00,0.021349367,0.170033097,93675.75,28.44387817,1.000000954,4.951043129,-1.339977264,294.3146973,11018407.0,24134192.0,16558128.0,0.0
2014-01-01 19:00:00,0.006225586,0.168608069,93664.375,45.5475769,1.000000954,4.753993034,-2.636528015,292.6599121,11018407.0,25473104.0,16558128.0,0.0
2014-01-01 20:00:00,0.000213623,0.102173209,93618.0,54.91572571,0.996637106,3.821229935,-2.13612175,292.3166504,11137880.0,26781504.0,16784592.0,0.0
2014-01-01 21:00:00,0.000808716,0.028761722,93614.375,56.30947876,0.563287258,4.07727623,-2.873260498,293.5002441,11686514.0,28097152.0,17596784.0,0.0
2014-01-01 22:00:00,0.001312256,0.019254684,93612.4375,52.74790955,0.671486974,5.673026085,-2.498652458,295.7756348,13065890.0,29403584.0,19370560.0,0.0
2014-01-01 23:00:00,0.005283356,0.05031395,93620.9375,47.99368286,0.835846186,6.656832695,-2.089676857,297.4890137,15319871.0,30717504.0,22009696.0,0.0
2014-01-02 00:00:00,0.01474762,0.1456604,93607.625,48.49824524,1.0,6.050507545,-1.913460732,298.442627,17829712.0,32061024.0,24985248.0,0.0
2014-01-02 01:00:00,0.003158569,0.159957588,93668.0,34.8134613,0.999999702,6.669280052,-1.065033913,299.7214355,2797473.0,1348074.0,3371882.0,0.0
2014-01-02 02:00:00,0.020019531,0.18309778,93667.1875,33.60507202,0.99999404,6.700592995,-0.945674896,299.7770996,5524706.0,2701342.0,6867487.0,0.0
2014-01-02 03:00:00,0.009033203,0.159009099,93675.0,34.32206726,0.999998152,6.571798325,-0.933657646,299.4360352,7890189.0,4067173.0,10083883.0,0.0
2014-01-02 04:00:00,0.019104004,0.131686449,93623.9375,34.99882507,0.999996007,6.128424644,-0.749206543,299.3391113,10134728.0,5445583.0,13098260.0,0.0
2014-01-02 05:00:00,0.021385193,0.154338837,93577.875,33.07139587,0.99999541,5.076105118,-0.265119553,299.3215332,12020351.0,6829937.0,15664639.0,0.0
2014-01-02 06:00:00,0.008026123,0.102218628,93536.25,30.88237,1.000003815,4.454734802,-0.184848785,299.2487793,13523724.0,8216774.0,17794320.0,0.0
2014-01-02 07:00:00,0.011764526,0.097132742,93514.9375,28.35017395,0.997316957,3.290822983,0.508821487,299.1293945,14619688.0,9589800.0,19365968.0,0.0
2014-01-02 08:00:00,0.023326874,0.105007589,93550.625,29.20245361,1.000003815,2.731209755,-0.108510017,298.4760742,15250177.0,10934750.0,20327264.0,0.0
2014-01-02 09:00:00,0.01651001,0.061609358,93602.75,32.27275085,0.97761184,1.907227516,-0.778796196,296.6889648,15441431.0,12260467.0,20676592.0,0.0
2014-01-02 10:00:00,0.017959595,0.073188365,93651.375,33.40328979,0.985299051,2.638096809,-1.363348007,295.7197266,15447940.0,13592761.0,20695024.0,0.0
2014-01-02 11:00:00,0.014877319,0.076913655,93699.3125,31.84725952,0.960276127,3.026438713,-1.15779686,295.0009766,15447940.0,14930509.0,20695024.0,0.0
2014-01-02 12:00:00,0.088546753,0.098838508,93756.1875,33.40834045,0.966289818,2.794905663,-1.643624306,293.958252,15447940.0,16238793.0,20695024.0,0.0
2014-01-02 13:00:00,0.135162354,0.096793532,93777.9375,44.13142395,0.946505129,3.286168098,-2.018307686,292.9936523,15447972.0,17594112.0,20695024.0,0.0
2014-01-02 14:00:00,0.210708618,0.059601095,93739.125,55.65936279,0.994643986,1.307980537,-1.480596542,291.7849121,15447972.0,18908464.0,20695024.0,0.0
2014-01-02 15:00:00,0.638031006,0.110180855,93687.8125,61.56027222,0.999993265,1.820130348,-1.806437492,291.3847656,15447972.0,20262544.0,20695024.0,0.0
2014-01-02 16:00:00,0.424133301,0.061083566,93607.6875,62.41714478,1.000001907,0.971018791,-1.232735634,290.9106445,15447972.0,21605200.0,20695024.0,0.0
2014-01-02 17:00:00,0.679076195,0.056203231,93605.5,67.80822754,1.000006676,0.462738991,-1.931411743,290.6962891,15447972.0,22971152.0,20695024.0,0.000762701
2014-01-02 18:00:00,0.22366333,0.00063324,93510.125,69.52857971,1.0,-0.425345421,-0.86387825,290.4677734,15447972.0,24329536.0,20695024.0,0.000779986
2014-01-02 19:00:00,0.346439481,0.006010056,93597.1875,68.69992065,0.999996245,0.264596939,-0.372208595,290.6564941,15447972.0,25716288.0,20695024.0,0.00079
2014-01-02 20:00:00,0.182691872,0.016448975,93591.6875,68.87260437,0.99903506,-0.461616516,-0.959601402,290.7219238,15488437.0,27107600.0,20878928.0,0.000814438
2014-01-02 21:00:00,0.223709106,0.003915787,93590.0,67.39907837,0.931427002,-0.913300514,-1.765385628,290.998291,15788114.0,28505840.0,21495520.0,0.000834107
2014-01-02 22:00:00,0.353031755,0.013850212,93588.8125,70.00090027,0.978851318,-0.418229103,-2.083707809,291.3022461,16417179.0,29900912.0,22590640.0,0.000988007
2014-01-02 23:00:00,0.502836049,0.00174427,93553.0625,72.52452087,1.000005722,-0.171069145,-1.030380249,291.5605469,17106448.0,31304192.0,23928640.0,0.00106132
2014-01-03 00:00:00,0.375043988,5.72e-05,93492.375,73.53111267,1.000005722,0.079779625,-1.070392609,291.6193848,17613968.0,32704816.0,25341728.0,0.001192689
2014-01-03 01:00:00,0.052749634,0.000295639,93322.75,65.86582947,0.836090088,0.295315743,-1.296015739,294.6716309,1304044.0,1452403.0,2177769.0,0.0
2014-01-03 02:00:00,0.004394531,0.0,93246.375,57.69282532,0.226074219,1.122153282,-1.743109703,297.517334,3973969.0,2957310.0,5515285.0,0.0
2014-01-03 03:00:00,0.002334595,0.0,93146.5625,51.19873047,0.062133789,2.428928375,-1.512988091,300.1083984,7433349.0,4419494.0,9509616.0,0.0
2014-01-03 04:00:00,0.001731873,0.0,93063.625,45.73539734,0.037475586,3.804602623,-1.423149109,302.1398926,11044633.0,5823096.0,13563482.0,0.0
2014-01-03 05:00:00,0.020547342,0.0,93022.625,40.82275391,0.114284396,5.57005024,-1.347206116,303.0803223,14223877.0,7223550.0,17188192.0,0.0
2014-01-03 06:00:00,0.019684892,0.0,93008.3125,42.301651,0.256055892,6.327361107,-1.52644825,302.121582,16678188.0,8620514.0,20074160.0,0.0
2014-01-03 07:00:00,0.008719627,0.0,93036.125,44.40002441,0.118854165,5.728906631,-1.224704742,301.0227051,18430064.0,10026308.0,22229488.0,0.0
2014-01-03 08:00:00,0.007613674,0.0,93061.0625,44.84715271,0.096099854,5.096726418,-0.613440514,300.017334,19519568.0,11372921.0,23640320.0,0.0
2014-01-03 09:00:00,0.002166748,0.0,93105.625,43.89465332,0.013702393,3.988810539,-0.057727814,298.4272461,19859248.0,12699272.0,24167952.0,0.0
2014-01-03 10:00:00,0.000900269,0.0,93133.875,43.30102539,0.0,3.354717255,0.245521545,296.5471191,19869920.0,13975157.0,24191872.0,0.0
2014-01-03 11:00:00,0.0,0.0,93188.0625,42.72486877,0.0,2.890696526,0.761393547,295.1220703,19869920.0,15217449.0,24191872.0,0.0
2014-01-03 12:00:00,0.0,0.0,93260.6875,44.6993103,0.0,2.14027977,0.9998312,293.4726562,19869920.0,16417304.0,24191872.0,0.0
2014-01-03 13:00:00,0.0,0.0,93254.25,47.77915955,0.0,2.406001091,0.499957085,291.333252,19870464.0,17551456.0,24191872.0,0.0
2014-01-03 14:00:00,0.0,0.0,93242.3125,53.27680969,0.0,2.302182198,-0.422812462,290.1826172,19870464.0,18665904.0,24191872.0,0.0
2014-01-03 15:00:00,0.0,0.0,93241.8125,58.80690002,0.0,2.097210884,-0.559047699,289.5566406,19870464.0,19777888.0,24191872.0,0.0
2014-01-03 16:00:00,0.0,0.0,93229.9375,62.89277649,0.0,2.085791588,-0.701048851,288.6569824,19870464.0,20872304.0,24191872.0,0.0
2014-01-03 17:00:00,0.0,0.0,93251.375,64.33680725,0.0,2.231724739,-0.683377266,287.9084473,19870464.0,21937472.0,24191872.0,0.0
2014-01-03 18:00:00,0.0,0.0,93294.125,66.80769348,0.0,2.173332214,-0.719684601,287.1413574,19870464.0,22975120.0,24191872.0,0.0
2014-01-03 19:00:00,0.0,0.0,93352.8125,68.4836731,0.0,2.16647625,-0.863585472,286.5327148,19870288.0,23986272.0,24191760.0,0.0
2014-01-03 20:00:00,4.2e-05,0.0,93408.25,64.53816223,0.007049561,2.947403908,-0.830570221,288.0258789,20123792.0,24999520.0,24542368.0,0.0
2014-01-03 21:00:00,0.0,0.0,93456.6875,53.08154297,0.0,3.952365875,-0.031264305,288.8930664,21118752.0,26025520.0,25700304.0,0.0
2014-01-03 22:00:00,0.0,0.0,93506.125,44.02185059,0.0,4.134652138,-0.268387795,290.3005371,22959056.0,27059664.0,27703392.0,0.0
2014-01-03 23:00:00,0.0,0.0,93521.625,37.47442627,0.0,4.617048264,-0.511869431,292.079834,25585104.0,28109472.0,30482496.0,0.0
2014-01-04 00:00:00,0.0,0.0,93522.4375,33.08621216,0.0,5.092037201,-0.729942322,293.8195801,28868064.0,29180336.0,33910320.0,0.0
2014-01-04 01:00:00,0.0,0.0,93494.375,27.44758606,0.0,6.165157318,-1.000294685,294.9489746,3772587.0,1075582.0,3898186.0,0.0
2014-01-04 02:00:00,0.0,0.0,93482.75,24.06768799,0.0,6.302145958,-1.135614395,295.9321289,7806092.0,2159567.0,8058612.0,0.0
2014-01-04 03:00:00,0.0,0.0,93472.5625,20.84024048,0.0,6.464550018,-1.055377007,296.6650391,11867437.0,3247077.0,12250842.0,0.0
2014-01-04 04:00:00,0.0,0.0,93434.375,19.20388794,0.0,6.530087471,-0.715371132,297.020752,15720052.0,4329863.0,16242353.0,0.0
2014-01-04 05:00:00,0.0,0.0,93433.6875,20.89578247,0.0,6.622144699,-0.410702705,296.9245605,19137536.0,5405915.0,19816208.0,0.0
2014-01-04 06:00:00,0.0,0.0,93464.25,25.38046265,0.0,6.595228195,-0.002515793,296.34375,21920784.0,6480960.0,22786624.0,0.0
2014-01-04 07:00:00,0.0,0.0,93526.0625,28.17814636,0.0,6.091449738,0.297103882,295.498291,23931392.0,7560047.0,25010240.0,0.0
2014-01-04 08:00:00,0.0,0.0,93616.5,30.9519043,0.0,5.433008194,0.360022545,294.2976074,25114912.0,8627012.0,26399168.0,0.0
2014-01-04 09:00:00,0.0,0.0,93746.6875,34.93692017,0.0,3.454033852,-0.070187569,292.7116699,25516704.0,9677048.0,26950928.0,0.0
2014-01-04 10:00:00,0.0,0.0,93810.3125,37.43821716,0.0,2.395968437,-0.096394539,290.6025391,25528688.0,10720845.0,26974784.0,0.0
2014-01-04 11:00:00,0.0,0.0,93890.75,40.07693481,0.0,2.272680283,-0.350737572,288.5593262,25528688.0,11759096.0,26974784.0,0.0
2014-01-04 12:00:00,0.0,0.0,93964.4375,42.80151367,0.0,2.3540411,-1.066521645,287.3752441,25528688.0,12786299.0,26974784.0,0.0
2014-01-04 13:00:00,0.0,0.0,93973.3125,44.86305237,0.0,1.831318855,-1.624200821,286.6552734,25529008.0,13808171.0,26974784.0,0.0
2014-01-04 14:00:00,0.0,0.0,93966.8125,46.01271057,0.0,1.393875122,-1.883330345,285.7463379,25529008.0,14821567.0,26974784.0,0.0
2014-01-04 15:00:00,0.0,0.0,93957.5625,47.73222351,0.0,1.469552994,-1.794546127,285.0974121,25529008.0,15828153.0,26974784.0,0.0
2014-01-04 16:00:00,0.0,0.0,93927.25,49.24179077,0.0,1.79462719,-1.377220154,284.7385254,25529008.0,16826800.0,26974784.0,0.0
2014-01-04 17:00:00,0.0,0.0,93919.3125,51.25645447,0.0,2.029254913,-0.943203926,284.0708008,25529008.0,17817472.0,26974784.0,0.0
2014-01-04 18:00:00,0.0,0.0,93937.625,53.59359741,0.0,1.695853233,-0.677475929,283.7355957,25529008.0,18801632.0,26974784.0,0.0
2014-01-04 19:00:00,0.0,0.0,93979.125,56.12510681,0.0,1.347322464,-0.555921555,283.8640137,25528976.0,19782336.0,26974800.0,0.0
2014-01-04 20:00:00,0.0,0.0,94011.125,58.12284851,0.0,0.619575501,-0.51017189,285.3925781,25769920.0,20784496.0,27316336.0,0.0
2014-01-04 21:00:00,0.0,0.0,94040.1875,50.02508545,0.0,0.62267971,-0.633807182,288.7590332,26749200.0,21828224.0,28473184.0,0.0
2014-01-04 22:00:00,0.0,0.0,94043.25,39.38592529,0.0,1.897821426,-1.285502434,291.4768066,28548576.0,22897264.0,30472000.0,0.0
2014-01-04 23:00:00,0.0,0.0,94015.0,34.56286621,0.0,2.555781364,-2.369165421,293.407959,31125184.0,23984928.0,33250272.0,0.0
2014-01-05 00:00:00,0.0,0.0,93963.9375,30.95375061,0.0,3.298620224,-3.124572754,295.2060547,34354480.0,25093792.0,36681424.0,0.0
2014-01-05 01:00:00,0.0,0.0,93897.125,26.87594604,0.0,3.988800049,-3.215147018,296.7614746,3710350.0,1127997.0,3906039.0,0.0
2014-01-05 02:00:00,0.0,0.0,93807.375,24.03108215,0.0,4.920749664,-3.551474571,297.8312988,7681647.0,2263992.0,8077254.0,0.0
2014-01-05 03:00:00,0.0,0.0,93726.875,22.16168213,0.0,5.537298203,-3.50742054,298.5214844,11684520.0,3404277.0,12281895.0,0.0
2014-01-05 04:00:00,0.0,0.0,93644.125,21.30435181,0.0,5.883400917,-3.355222702,298.9812012,15481921.0,4544410.0,16287346.0,0.0
2014-01-05 05:00:00,0.0,0.0,93548.25,19.4067688,0.0,6.204639435,-3.267176628,299.2045898,18847088.0,5685156.0,19875920.0,0.0
2014-01-05 06:00:00,0.0,0.0,93490.0625,18.92436218,0.0,6.660212517,-3.022210121,299.0480957,21594992.0,6818729.0,22857920.0,0.0
2014-01-05 07:00:00,0.0,0.0,93506.8125,18.5799408,0.0,7.030628204,-2.649661064,298.4787598,23589760.0,7939884.0,25088512.0,0.0
2014-01-05 08:00:00,0.0,0.0,93561.0625,19.80865479,0.0,6.666397095,-2.050726891,297.442627,24764176.0,9048586.0,26482448.0,0.0
2014-01-05 09:00:00,0.0,0.0,93628.8125,23.11894226,0.0,4.799554825,-1.257493973,295.7634277,25162528.0,10141760.0,27036416.0,0.0
2014-01-05 10:00:00,0.0,0.0,93683.6875,26.01020813,0.0,4.724052429,-0.688762665,294.1643066,25174496.0,11227708.0,27061040.0,0.0
2014-01-05 11:00:00,0.000286102,0.0,93749.1875,28.55569458,0.001678467,4.416338921,-0.586285591,293.1430664,25174496.0,12312537.0,27061040.0,0.0
2014-01-05 12:00:00,0.000162125,0.0,93815.125,30.01847839,0.0,3.510091782,-0.621530533,292.1655273,25174496.0,13399963.0,27061040.0,0.0
2014-01-05 13:00:00,0.001142502,1.62e-05,93814.75,33.18148804,0.013641357,3.041061401,-0.315760613,291.0109863,25174496.0,14472710.0,27061040.0,0.0
2014-01-05 14:00:00,0.0,0.0,93832.4375,36.31663513,0.0,2.849844933,-0.149095535,289.75,25174496.0,15525644.0,27061040.0,0.0
2014-01-05 15:00:00,0.0,0.0,93844.8125,41.52633667,0.0,3.021294594,0.451155663,288.9936523,25174480.0,16578706.0,27061040.0,0.0
2014-01-05 16:00:00,0.0,0.0,93839.0,47.38201904,0.0,2.86868763,0.103007317,287.9729004,25174480.0,17618576.0,27061040.0,0.0
2014-01-05 17:00:00,0.0,0.0,93816.0,48.47215271,0.0,2.734440804,-0.551751137,287.0197754,25174480.0,18637824.0,27061040.0,0.0
2014-01-05 18:00:00,0.0,0.0,93858.4375,51.64616394,0.0,2.730500221,-0.571609497,285.8063965,25174480.0,19599824.0,27061040.0,0.0
2014-01-05 19:00:00,0.0,0.0,93918.6875,57.24076843,0.000961304,2.687046051,-0.358136177,284.7478027,25174480.0,20538432.0,27061040.0,0.0
2014-01-05 20:00:00,0.0,0.0,93972.5625,60.89953613,0.001678467,3.02740097,-0.580607414,285.7832031,25414336.0,21496288.0,27391216.0,0.0
2014-01-05 21:00:00,0.0,0.0,94021.1875,56.45529175,0.0,4.696376801,-0.428149223,286.9755859,26398592.0,22488256.0,28534496.0,0.0
2014-01-05 22:00:00,0.0,0.0,94068.9375,47.45680237,0.004577637,5.147409439,-0.657957077,288.4448242,28204656.0,23507280.0,30518448.0,0.0
2014-01-05 23:00:00,2.38e-05,0.0,94100.5625,39.46339417,0.002655029,5.547247887,-0.366375923,289.9846191,30793232.0,24539904.0,33285616.0,0.0
2014-01-06 00:00:00,2.38e-05,0.0,94092.25,34.03431702,0.011276245,5.730054855,-0.259378433,291.5112305,34039712.0,25587152.0,36701760.0,0.0
2014-01-06 01:00:00,0.0,0.0,94091.125,29.15579224,0.0,6.019145966,-0.68317318,292.8505859,3737760.0,1054652.0,3892142.0,0.0
2014-01-06 02:00:00,0.0,0.0,94084.4375,27.27503967,0.0,6.434324265,-0.262976646,293.8598633,7742580.0,2117328.0,8049872.0,0.0
2014-01-06 03:00:00,0.0,0.0,94092.5,25.20922852,0.0,6.319966316,-0.046625555,294.7668457,11781965.0,3189056.0,12241796.0,0.0
2014-01-06 04:00:00,0.0,0.0,94110.1875,22.61294556,0.0,6.28570652,0.367103517,295.2851562,15619829.0,4259495.0,16235385.0,0.0
2014-01-06 05:00:00,0.0,0.0,94116.0625,19.44418335,0.0,5.88698101,0.73264122,295.4633789,19030560.0,5322439.0,19812224.0,0.0
2014-01-06 06:00:00,0.0,0.0,94153.4375,19.99253845,0.0,5.581516266,1.095822334,295.2978516,21823216.0,6371073.0,22783600.0,0.0
2014-01-06 07:00:00,0.0,0.0,94205.375,23.90597534,0.0,5.160874367,1.578275681,294.6931152,23850944.0,7413651.0,25007040.0,0.0
2014-01-06 08:00:00,0.0,0.0,94274.0,27.48664856,0.0,4.733606339,1.96444416,293.536377,25042608.0,8449279.0,26397744.0,0.0
2014-01-06 09:00:00,0.0,0.0,94392.125,30.35040283,0.0,3.868988991,1.343851089,291.7675781,25446608.0,9472960.0,26951488.0,0.0
2014-01-06 10:00:00,0.0,0.0,94453.1875,32.37768555,0.000961304,3.831706047,1.329115868,290.0268555,25458608.0,10490995.0,26976064.0,0.0
2014-01-06 11:00:00,0.0,0.0,94533.375,32.8730011,0.0,3.400058746,1.571728706,288.8991699,25458608.0,11511683.0,26976064.0,0.0
2014-01-06 12:00:00,0.0,0.0,94600.5625,33.56513977,0.0,1.911342621,1.862261772,287.7612305,25458608.0,12525622.0,26976064.0,0.0
2014-01-06 13:00:00,0.001903534,0.0,94655.625,37.22209167,0.011413574,0.144352913,2.113898277,286.2460938,25458608.0,13527890.0,26976064.0,0.0
2014-01-06 14:00:00,0.005077362,0.0,94679.5,48.53450012,0.038452148,-1.179143906,2.096377373,285.9916992,25458608.0,14524262.0,26976064.0,0.0
2014-01-06 15:00:00,0.004314423,0.0,94692.6875,60.53652954,0.050506592,-1.251166344,2.109241486,285.4621582,25458608.0,15536212.0,26976064.0,0.0
2014-01-06 16:00:00,0.00302887,0.0,94698.1875,60.56552124,0.090057373,-1.015990257,2.431221962,285.1088867,25458880.0,16559210.0,26976064.0,0.0
2014-01-06 17:00:00,0.011825562,0.0,94703.125,55.47981262,0.177093506,-1.075130463,2.59718895,284.6970215,25458880.0,17585936.0,26976064.0,0.0
2014-01-06 18:00:00,0.025306702,0.0,94738.1875,52.41119385,0.391571045,-1.186952591,3.024707794,284.0454102,25458880.0,18583920.0,26976064.0,0.0
2014-01-06 19:00:00,0.020652771,0.0,94787.875,53.08789062,0.495056152,-1.101758003,3.481114388,283.2485352,25458880.0,19576672.0,26976064.0,0.0
2014-01-06 20:00:00,0.02141571,0.0,94824.375,54.75491333,0.587921143,-1.074181557,4.105664253,283.7658691,25640528.0,20698432.0,27264192.0,0.0
2014-01-06 21:00:00,0.023010254,0.0,94844.875,54.20317078,0.689788818,-1.113314629,3.629281044,285.0544434,26382544.0,21786304.0,28233728.0,0.0
2014-01-06 22:00:00,0.021629334,0.0,94878.75,47.41934204,0.562774658,-1.314444542,3.101006508,287.2104492,27710352.0,22942640.0,29875344.0,0.0
2014-01-06 23:00:00,0.008537292,0.0,94879.5,45.30461121,0.391662598,-1.487045288,1.996525764,289.2905273,29584816.0,24207296.0,32134368.0,0.0
2014-01-07 00:00:00,0.001037598,0.0,94851.0625,45.21130371,0.020385742,-1.115497589,0.603672981,291.2609863,32581504.0,25426560.0,35418480.0,0.0
2014-01-07 01:00:00,0.000114441,0.0,94806.875,38.06364441,0.005554199,-1.134989738,-0.451075554,293.2807617,3665837.0,1134131.0,3900862.0,0.0
2014-01-07 02:00:00,0.005271912,3.39e-05,94769.8125,34.98262024,0.125396729,-0.69843483,-0.092324257,294.6796875,7571117.0,2284580.0,8055556.0,0.0
2014-01-07 03:00:00,0.019638062,0.000999928,94742.125,32.79644775,0.525543213,-0.72633934,0.585693359,295.7145996,11432679.0,3464267.0,12197089.0,0.0
2014-01-07 04:00:00,0.021736145,0.002916813,94699.5,31.83566284,0.501617432,-1.256790161,0.617166519,296.21875,14768253.0,4707369.0,15875534.0,0.0
2014-01-07 05:00:00,0.032424927,0.004807949,94645.375,26.74328613,0.75857544,-1.522836685,0.251537323,296.480957,17580000.0,6001221.0,19074288.0,0.0
2014-01-07 06:00:00,0.05960083,0.006577969,94625.75,30.06300354,0.959014893,-4.220011711,0.86854744,296.0871582,19603824.0,7280773.0,21509568.0,0.0
2014-01-07 07:00:00,0.002296448,9.73e-05,94726.375,46.02484131,0.580505371,-7.129216194,1.02941227,292.0917969,20443360.0,8557231.0,22814272.0,0.0
2014-01-07 08:00:00,0.004333496,0.0,94817.4375,54.05757141,0.077056885,-6.894318581,1.22193718,290.5119629,21451984.0,9730772.0,24081968.0,0.0
2014-01-07 09:00:00,0.009414673,0.0,94938.9375,65.67585754,0.110809326,-6.477497101,1.36091423,288.001709,21823520.0,10834966.0,24622768.0,0.0
2014-01-07 10:00:00,0.021034241,0.0,95023.125,71.27807617,0.331604004,-5.703435898,1.748689651,286.5019531,21834096.0,11910745.0,24646352.0,0.0
2014-01-07 11:00:00,0.017913818,0.0,95084.3125,70.67132568,0.149139404,-5.191735268,2.020922661,285.8039551,21834096.0,12997421.0,24646352.0,0.0
2014-01-07 12:00:00,0.017601013,0.0,95129.8125,73.2281189,0.307830811,-4.717018127,2.132047653,285.3366699,21834096.0,14103901.0,24646352.0,0.0
2014-01-07 13:00:00,0.011627197,0.0,95129.0625,73.97064209,0.13067627,-3.939366341,1.958151817,284.9379883,21834096.0,15192930.0,24646352.0,0.0
2014-01-07 14:00:00,0.012992859,0.0,95107.5,74.46600342,0.218231201,-3.668364525,2.048436165,284.5500488,21834096.0,16252248.0,24646352.0,0.0
2014-01-07 15:00:00,0.012825012,0.0,95091.0,74.82896423,0.478637695,-3.361140251,1.978975296,284.2119141,21834096.0,17298624.0,24646352.0,0.0
2014-01-07 16:00:00,0.009208679,0.0,95074.8125,74.75926208,0.402374268,-3.032043457,1.925156593,283.9970703,21834368.0,18363600.0,24646352.0,0.0
2014-01-07 17:00:00,0.004928589,0.0,95092.875,75.49841309,0.197540283,-2.613512039,1.840414047,283.6259766,21834368.0,19405904.0,24646352.0,0.0
2014-01-07 18:00:00,0.001586914,0.0,95127.6875,75.60969543,0.045928955,-2.517112732,2.11524868,283.3540039,21834368.0,20442576.0,24646352.0,0.0
2014-01-07 19:00:00,0.000671387,0.0,95185.0,75.33917236,0.026245117,-2.257351875,2.153806686,282.9301758,21834368.0,21439408.0,24646352.0,0.0
2014-01-07 20:00:00,0.000221252,0.0,95231.6875,71.02180481,0.009277344,-2.63147068,2.673931122,283.815918,22040400.0,22448688.0,24954704.0,0.0
2014-01-07 21:00:00,0.0,0.0,95262.8125,62.34082031,0.0,-3.303637505,2.765686035,285.3752441,22970592.0,23473008.0,26082176.0,0.0
2014-01-07 22:00:00,0.0,0.0,95290.8125,54.41366577,0.0,-3.493159294,1.969527245,287.3757324,24718960.0,24516432.0,28059168.0,0.0
2014-01-07 23:00:00,0.000183105,0.0,95276.0625,48.80117798,0.053527832,-3.585541725,1.003193855,289.3549805,27239856.0,25586176.0,30821360.0,0.0
2014-01-08 00:00:00,0.0,0.00012207,95245.375,45.25660706,0.208312988,-3.534246445,0.368382454,291.1499023,30411072.0,26681296.0,34236144.0,0.0
2014-01-08 01:00:00,0.002891541,0.0,95263.3125,49.27912903,0.22277832,-3.824549675,-0.857257843,291.9970703,3225683.0,1225405.0,3603649.0,0.0
2014-01-08 02:00:00,0.000747681,0.000349045,95188.4375,45.35713196,0.17199707,-3.652654648,-0.761068344,293.2250977,7059189.0,2405770.0,7724556.0,0.0
2014-01-08 03:00:00,0.000202179,0.000997066,95138.3125,41.77496338,0.251360774,-3.392878532,-0.337265015,294.324707,10928464.0,3592492.0,11883108.0,0.0
2014-01-08 04:00:00,0.000156403,0.000641823,95055.1875,39.38645935,0.324249268,-3.373356819,-0.014139175,295.1154785,14652244.0,4765563.0,15892650.0,0.0
2014-01-08 05:00:00,0.000293732,0.001610756,95016.75,38.42892456,0.940697014,-3.500897408,0.136912346,295.4821777,17962272.0,5926724.0,19490528.0,0.0
2014-01-08 06:00:00,0.00189209,0.01206398,94959.0,38.93054199,0.992645264,-3.828111649,0.221348763,295.4719238,20625648.0,7087786.0,22449760.0,0.0
2014-01-08 07:00:00,0.005977631,0.025322914,94960.9375,40.56332397,0.987094164,-4.179095268,0.163994789,294.6887207,22346352.0,8274327.0,24483056.0,0.0
2014-01-08 08:00:00,4.58e-05,0.022236824,94987.4375,43.63276672,0.918230593,-5.050666809,-0.945230484,293.0571289,23197632.0,9507512.0,25584656.0,0.0
2014-01-08 09:00:00,0.001163483,0.006725311,95056.875,50.82415771,0.644470215,-5.545750618,-0.292440414,290.7131348,23490816.0,10655596.0,26021968.0,0.0
2014-01-08 10:00:00,0.000751495,0.000869751,95121.5625,59.55430603,0.290191889,-5.238812447,0.520555496,288.3383789,23502512.0,11746047.0,26044848.0,0.0
2014-01-08 11:00:00,0.002059937,0.007884026,95187.875,68.88273621,0.92279315,-4.503851891,0.713043213,286.7873535,23502512.0,12811592.0,26044848.0,0.0
2014-01-08 12:00:00,0.008995056,0.018095016,95271.625,73.95855713,0.904821932,-3.507961273,0.652840614,285.9995117,23502512.0,13879934.0,26044848.0,0.0
2014-01-08 13:00:00,0.007949829,0.00273399,95301.8125,75.50669861,0.385864258,-2.992898941,0.953229904,285.8330078,23502512.0,15027881.0,26044848.0,0.0
2014-01-08 14:00:00,0.004817963,0.000376225,95299.9375,77.25816345,0.122253418,-2.577297211,0.969991684,285.2539062,23502768.0,16101549.0,26044848.0,0.0
2014-01-08 15:00:00,0.005285263,0.0,95288.625,80.15844727,0.131988525,-2.224067688,0.894832611,284.6137695,23502768.0,17138096.0,26044848.0,0.0
2014-01-08 16:00:00,0.004455566,0.000268936,95264.1875,82.79867554,0.19732666,-1.95580864,0.981257439,284.140625,23502768.0,18170784.0,26044848.0,0.0
2014-01-08 17:00:00,0.008476257,0.001096725,95252.75,84.4989624,0.395412743,-1.65855217,1.024691582,283.9353027,23502768.0,19231280.0,26044848.0,0.0
2014-01-08 18:00:00,0.019699097,0.000593185,95268.5,84.39598083,0.56547606,-1.777575493,1.1021595,284.4147949,23502768.0,20379296.0,26044848.0,0.0
2014-01-08 19:00:00,0.023220062,0.003408628,95273.0625,83.95211792,0.747452736,-1.670057297,1.344788551,284.6337891,23502768.0,21552176.0,26044848.0,0.0
2014-01-08 20:00:00,0.022361755,0.050146747,95298.5625,80.92182922,0.944738448,-2.529431343,1.218159676,285.5908203,23655664.0,22728432.0,26305344.0,0.0
2014-01-08 21:00:00,0.037956238,0.052980565,95335.125,70.74151611,0.999998808,-3.447606087,-0.56093502,287.1530762,24189024.0,23978368.0,27089456.0,0.0
2014-01-08 22:00:00,0.024303436,0.028606631,95350.25,63.74052429,0.999042034,-2.986252785,-1.044676781,288.4970703,25046896.0,25310256.0,28384880.0,0.0
2014-01-08 23:00:00,0.018463135,0.014721319,95318.875,60.99319458,0.995323002,-2.620252609,-0.764518738,290.2304688,26832992.0,26677792.0,30657824.0,0.0
2014-01-09 00:00:00,0.003520966,0.001869202,95286.0,57.16860962,0.941477954,-2.708410263,-0.513836861,291.623291,29130272.0,27980592.0,33494944.0,0.0
2014-01-09 01:00:00,0.002250671,0.125742197,95313.25,52.47666931,0.999999821,-1.799561501,-1.355465889,292.8161621,2329134.0,1307402.0,3012586.0,0.0
2014-01-09 02:00:00,0.001823024,0.091922164,95264.0625,48.23605347,1.0,-1.598768234,-1.520695686,293.7373047,4591149.0,2614590.0,6034143.0,0.0
2014-01-09 03:00:00,0.001960754,0.03827583,95202.3125,44.91850281,0.999999821,-1.357717514,-1.382473946,294.829834,7105552.0,3953436.0,9245008.0,0.0
2014-01-09 04:00:00,0.00750351,0.007226627,95131.5625,41.06080627,0.999999702,-1.124538422,-0.553253174,295.8459473,9850330.0,5282929.0,12558105.0,0.0
2014-01-09 05:00:00,0.012226105,0.012272067,95036.875,37.74447632,1.0,-1.297901154,0.203752518,296.9128418,12807265.0,6567047.0,15936966.0,0.0
2014-01-09 06:00:00,0.004829407,0.019028448,94959.1875,37.06723022,1.0,-1.468510628,0.104598045,297.0866699,15110099.0,7844982.0,18637024.0,0.0
2014-01-09 07:00:00,0.017608643,0.018605493,94915.5,36.48709106,0.986288965,-1.562346458,0.249729157,296.9731445,16696091.0,9107098.0,20580464.0,0.0
2014-01-09 08:00:00,0.029808044,0.009684149,94945.5,35.30882263,0.991954446,-2.002633095,0.416510582,296.6005859,17469520.0,10424975.0,21639776.0,0.0
2014-01-09 09:00:00,0.010242462,0.021745376,94999.0,40.86599731,0.999041736,-2.582857132,-0.392503738,294.8730469,17772928.0,11669716.0,22094736.0,0.0
2014-01-09 10:00:00,0.000427246,0.023965836,95065.4375,52.03117371,0.897460938,-3.35073185,-1.792603493,292.8276367,17782336.0,12924042.0,22114944.0,0.0
2014-01-09 11:00:00,0.000961304,0.003761292,95106.6875,57.89398193,0.337127686,-2.182888031,-1.11105442,291.458252,17782336.0,14135711.0,22114944.0,0.0
2014-01-09 12:00:00,0.006734848,0.000259399,95153.125,59.20957947,0.145050049,-1.863903046,-0.43814373,289.8867188,17782336.0,15293710.0,22114944.0,0.0
2014-01-09 13:00:00,0.004281998,0.0,95181.75,63.29391479,0.157196045,-1.798618317,-0.048933029,288.9758301,17782336.0,16464514.0,22114944.0,0.0
2014-01-09 14:00:00,0.000769615,6.48e-05,95163.1875,67.9765625,0.063964844,-1.765817642,-0.018557549,287.8483887,17782336.0,17610528.0,22114944.0,0.0
2014-01-09 15:00:00,0.000741959,0.000473022,95137.9375,71.55990601,0.12600708,-2.065338135,0.174635887,286.6662598,17782336.0,18740048.0,22114944.0,0.0
2014-01-09 16:00:00,0.001020432,0.000244141,95109.875,74.61164856,0.189636231,-1.234532356,1.009031296,287.0925293,17782368.0,19842288.0,22114944.0,0.0
2014-01-09 17:00:00,0.000890732,0.0,95084.625,77.77893066,0.135681152,-1.014232635,1.114999771,286.7006836,17782368.0,20971008.0,22114944.0,0.0
2014-01-09 18:00:00,0.000146866,0.0,95105.0,80.55825806,0.011779785,-0.755876541,0.817708969,286.675293,17782368.0,22072224.0,22114944.0,0.0
2014-01-09 19:00:00,4.2e-05,0.0,95126.0,83.56948853,0.001678467,-0.346982956,0.74825573,286.1975098,17782368.0,23164688.0,22114944.0,0.0
2014-01-09 20:00:00,0.000105858,0.0,95164.1875,83.41249084,0.015731812,-0.052995682,0.581412315,286.592041,17966976.0,24275024.0,22406512.0,0.0
2014-01-09 21:00:00,0.000211716,0.0,95195.4375,72.15698242,0.012374878,-0.076169014,0.128373146,288.9699707,18841328.0,25434400.0,23516224.0,0.0
2014-01-09 22:00:00,0.000128746,0.0,95196.625,62.33001709,0.015060425,0.223773003,-0.396809578,291.3791504,20505648.0,26625360.0,25478400.0,0.0
2014-01-09 23:00:00,4.77e-05,0.0,95171.5625,54.78244019,0.004684448,0.566253662,-1.011522293,293.9187012,22931792.0,27845184.0,28232928.0,0.0
2014-01-10 00:00:00,0.001018524,4.72e-05,95116.1875,47.40670776,0.005783081,0.812506676,-1.310149193,296.208252,26007104.0,29093856.0,31652816.0,0.0
2014-01-10 01:00:00,0.010528564,0.000132561,95056.375,42.65766907,0.050384521,0.564487457,-1.597924232,297.3791504,3559840.0,1285746.0,3913181.0,0.0
2014-01-10 02:00:00,0.065361023,0.001635551,94977.1875,35.94329834,0.317764282,0.680222511,-1.039078712,298.8134766,7238909.0,2585056.0,7989715.0,0.0
2014-01-10 03:00:00,0.064247131,0.005317688,94932.0,32.31367493,0.416717529,0.819860458,-0.540837288,299.3591309,10347713.0,3914963.0,11652352.0,0.0
2014-01-10 04:00:00,0.044339318,0.007177353,94880.0,30.3065033,0.35006237,0.732438088,0.007124901,299.6760254,13010457.0,5248007.0,14935542.0,0.0
2014-01-10 05:00:00,0.066319585,0.013965607,94825.5,29.71170044,0.422235847,1.113046646,0.674430847,300.1052246,15732209.0,6605844.0,18127936.0,0.0
2014-01-10 06:00:00,0.054962158,0.007211685,94799.4375,30.83570862,0.568055689,1.231093407,1.195185661,299.470459,17249840.0,7937452.0,20171616.0,0.0
2014-01-10 07:00:00,0.024399243,0.003555298,94769.25,30.35456848,0.512416422,0.758142471,1.450796127,299.407959,18778176.0,9280706.0,22109600.0,0.0
2014-01-10 08:00:00,0.008728027,0.000465393,94762.25,31.91758728,0.295211792,0.255738258,1.526501656,298.7900391,19553776.0,10607400.0,23202144.0,0.0
2014-01-10 09:00:00,0.016578674,0.00012207,94816.75,35.05924988,0.251220703,-0.178142548,1.387530327,296.8974609,19864928.0,11853998.0,23694192.0,0.0
2014-01-10 10:00:00,0.026405334,6.16e-05,94874.875,35.87580872,0.250656128,-1.499772072,1.025465012,295.1845703,19873520.0,13107091.0,23716240.0,0.0
2014-01-10 11:00:00,0.011827469,3.09e-05,94929.1875,48.33483887,0.203475952,-2.860919952,-0.387008667,294.1176758,19873520.0,14384784.0,23716240.0,0.0
2014-01-10 12:00:00,0.005367279,8.05e-06,94974.9375,63.89424133,0.086380005,-1.950088501,-0.459349632,292.4716797,19873520.0,15613121.0,23716240.0,0.0
2014-01-10 13:00:00,0.009168625,0.0,94973.5625,71.0292511,0.19367981,-1.757574081,0.543109894,290.9909668,19873520.0,16821088.0,23716240.0,0.0
2014-01-10 14:00:00,0.000404358,0.0,94923.4375,76.57662964,0.061431885,-0.596539497,1.527024269,290.7973633,19873520.0,18018656.0,23716240.0,0.0
2014-01-10 15:00:00,0.0,0.0,94886.5,82.22396851,0.0,-0.301833153,1.481149673,290.2963867,19873520.0,19193168.0,23716240.0,0.0
2014-01-10 16:00:00,0.0,0.0,94862.1875,85.25691223,0.0,0.205710411,0.951690674,289.8063965,19873440.0,20360464.0,23716240.0,0.0
2014-01-10 17:00:00,0.0,0.0,94875.125,88.06010437,0.001930237,0.716609955,0.812432289,289.1894531,19873440.0,21523136.0,23716240.0,0.0
2014-01-10 18:00:00,0.0,0.0,94897.625,90.7036438,0.0,0.602005959,0.383184433,288.7792969,19873440.0,22682752.0,23716240.0,0.0
2014-01-10 19:00:00,0.0,0.0,94912.25,92.01158142,0.0,0.458696365,-0.264293671,288.0393066,19873440.0,23839824.0,23716240.0,0.0
2014-01-10 20:00:00,0.0,0.0,94923.4375,90.73175049,0.003631592,0.554083824,-0.693374634,288.9121094,20051104.0,25008672.0,23999024.0,0.0
2014-01-10 21:00:00,0.0,0.0,94930.5,74.67831421,0.014953613,0.910234451,-0.691513062,292.5200195,20912592.0,26227680.0,25097552.0,0.0
2014-01-10 22:00:00,0.0,0.0,94928.75,58.02430725,0.113342285,1.92551136,-0.56807518,295.7592773,22566160.0,27477744.0,27049792.0,0.0
2014-01-10 23:00:00,0.0,0.00088501,94902.8125,46.95001221,0.883758545,2.571090698,-0.163276672,298.4155273,24982128.0,28761200.0,29796288.0,0.0
2014-01-11 00:00:00,0.045207977,0.012200356,94852.4375,38.57948303,0.976322413,2.39395237,0.340729713,300.3793945,28020400.0,30077376.0,33189520.0,0.0
2014-01-11 01:00:00,0.05046463,0.036840439,94843.625,33.50102234,0.994659424,2.677865028,0.370764732,301.3154297,2792503.0,1403665.0,3334695.0,0.0
2014-01-11 02:00:00,0.03433609,0.046863999,94774.875,30.36978149,0.986330032,2.530041695,0.257768631,302.4042969,5906698.0,2855880.0,7045026.0,0.0
2014-01-11 03:00:00,0.060949031,0.020678479,94705.125,26.94807434,0.955941439,2.167211533,0.475876808,303.2160645,9043893.0,4274304.0,10806927.0,0.0
2014-01-11 04:00:00,0.033027664,0.012727737,94650.25,25.94953918,0.976714969,1.775872231,0.045542717,303.0217285,11127202.0,5642685.0,13635324.0,0.0
2014-01-11 05:00:00,0.036615551,0.021351017,94599.0625,23.96502686,0.990660727,1.735232353,0.315340042,303.8300781,13603900.0,7118840.0,16666071.0,0.0
2014-01-11 06:00:00,0.082071066,0.015954129,94552.4375,23.47886658,0.9956761,2.051822662,0.860957146,303.6975098,15409207.0,8532209.0,18970976.0,0.0
2014-01-11 07:00:00,0.062781215,0.007411957,94559.625,23.16203308,0.993628442,2.098711014,1.115356445,303.0546875,16405418.0,9962438.0,20409248.0,0.0
2014-01-11 08:00:00,0.084431946,0.005574226,94587.5,24.93211365,0.986801148,2.031052589,1.766336441,302.1289062,16971408.0,11396162.0,21321328.0,0.0
2014-01-11 09:00:00,0.065918446,0.003129482,94698.1875,33.12939453,0.88592124,-1.225505829,2.657395363,300.029541,17118016.0,12829814.0,21655824.0,0.0
2014-01-11 10:00:00,0.007736206,0.000521898,94750.125,43.89102173,0.584907413,-4.0446558,0.87652874,297.1291504,17125360.0,14212718.0,21675904.0,0.0
2014-01-11 11:00:00,0.003010488,9.39e-05,94783.8125,49.40031433,0.372451782,-2.670214653,0.576497078,295.1618652,17125360.0,15475776.0,21675904.0,0.0
2014-01-11 12:00:00,0.003653526,0.0,94804.9375,52.94145203,0.082855225,-1.666490555,0.719184876,293.5583496,17125360.0,16730978.0,21675904.0,0.0
2014-01-11 13:00:00,0.002423286,0.0,94807.875,55.692276,0.026199341,-1.48494339,1.342506409,291.9118652,17125360.0,17948064.0,21675904.0,0.0
2014-01-11 14:00:00,0.001644135,0.0,94787.125,58.97853088,0.119720459,-1.123876572,1.675598145,291.1972656,17125360.0,19155232.0,21675904.0,0.0
2014-01-11 15:00:00,0.000358582,0.0,94758.125,63.08111572,0.016723633,-1.075881958,1.541687965,290.8588867,17125360.0,20372080.0,21675904.0,0.0
2014-01-11 16:00:00,6.48e-05,0.0,94728.1875,67.37913513,0.000961304,-0.978449822,1.623997688,290.0793457,17125280.0,21570416.0,21675904.0,0.0
2014-01-11 17:00:00,8.96e-05,0.0,94707.125,71.31021118,0.002655029,-0.986866951,1.633068085,289.3120117,17125280.0,22758128.0,21675904.0,0.0
2014-01-11 18:00:00,0.000202179,0.0,94720.875,74.82502747,0.012359619,-0.960896492,1.707683563,288.6264648,17125280.0,23933808.0,21675904.0,0.0
2014-01-11 19:00:00,0.000423431,0.0,94750.5625,77.56340027,0.005355835,-1.027993202,1.644752502,288.1347656,17125280.0,25100896.0,21675904.0,0.0
2014-01-11 20:00:00,0.0,0.0,94780.0625,76.44221497,0.002685547,-1.039382935,1.262701035,290.0385742,17295600.0,26283664.0,21949504.0,0.0
2014-01-11 21:00:00,0.0,0.0,94816.375,65.25862122,0.0,-1.032137871,1.028439522,292.670166,18147920.0,27508528.0,23037472.0,0.0
2014-01-11 22:00:00,0.0,0.0,94819.4375,53.39323425,0.0,-1.069664001,0.697588921,295.4606934,19793712.0,28767344.0,24979168.0,0.0
2014-01-11 23:00:00,0.0,0.0,94801.75,46.80609131,0.0,-0.815134049,-0.017367363,297.8840332,22204992.0,30059632.0,27714336.0,0.0
2014-01-12 00:00:00,0.0,6.44e-05,94761.875,41.20297241,0.023513794,-0.535726547,-0.388710022,300.277832,25272816.0,31382096.0,31115696.0,0.0
2014-01-12 01:00:00,0.0,4.43e-05,94760.625,34.55708313,0.009140015,-0.025762558,-0.532444,302.3122559,3563446.0,1341427.0,3887292.0,0.0
2014-01-12 02:00:00,0.003129959,0.000543118,94699.1875,32.19429016,0.229156494,-0.153748512,-0.123954713,303.8984375,7401754.0,2695853.0,8051692.0,0.0
2014-01-12 03:00:00,0.031467438,0.00308609,94630.5,29.7277832,0.238677979,-0.769248962,0.369225323,305.0429688,11260795.0,4068735.0,12256691.0,0.0
2014-01-12 04:00:00,0.041917801,0.000167847,94577.1875,27.48699951,0.20451355,-0.970766068,0.58821106,305.8166504,14838716.0,5456211.0,16225844.0,0.0
2014-01-12 05:00:00,0.024749756,2.24e-05,94540.25,24.05879211,0.139282227,-1.024108887,1.157132149,306.3312988,17703856.0,6835179.0,19520912.0,0.0
2014-01-12 06:00:00,0.007987976,9.92e-05,94516.125,26.79364014,0.069213867,-3.327185631,2.58234024,305.8439941,19962560.0,8214089.0,22203728.0,0.0
2014-01-12 07:00:00,0.000846863,0.0,94641.375,49.1438446,0.002685547,-7.237166405,1.390384674,301.0117188,21671088.0,9571652.0,24272496.0,0.0
2014-01-12 08:00:00,0.000286102,0.0,94751.9375,54.80970764,0.0,-6.710215569,0.930552483,298.0695801,22685360.0,10876429.0,25585104.0,0.0
2014-01-12 09:00:00,0.000350952,0.0,94880.5625,64.91122437,0.009002686,-5.859864235,1.384541512,294.7126465,23064080.0,12122703.0,26147952.0,0.0
2014-01-12 10:00:00,0.002655029,0.0,94990.6875,72.85107422,0.044067383,-4.675321579,0.926357269,292.295166,23075024.0,13323288.0,26171536.0,0.0
2014-01-12 11:00:00,0.008911133,0.0,95069.9375,76.97702026,0.091247559,-3.786024094,0.700543404,291.1435547,23075024.0,14508353.0,26171536.0,0.0
2014-01-12 12:00:00,0.013404846,0.0,95111.25,77.95298767,0.152252197,-3.55309391,0.601782799,290.5270996,23075024.0,15740565.0,26171536.0,0.0
2014-01-12 13:00:00,0.011230469,0.0,95100.375,78.49653625,0.210662842,-3.221781731,0.631349564,289.7531738,23075024.0,16918528.0,26171536.0,0.0
2014-01-12 14:00:00,0.00661087,0.0,95081.9375,78.3895874,0.114074707,-3.0204916,0.832918167,289.1149902,23075024.0,18084384.0,26171536.0,0.0
2014-01-12 15:00:00,0.004390717,0.0,95046.75,77.2182312,0.111450195,-2.60265255,0.791287422,288.439209,23075024.0,19228304.0,26171536.0,0.0
2014-01-12 16:00:00,0.002883911,0.0,95022.375,76.61712646,0.067871094,-2.188670158,0.667108536,287.7028809,23075104.0,20341328.0,26171536.0,0.0
2014-01-12 17:00:00,0.002319336,0.0,95038.125,76.61372375,0.011932373,-1.913973808,0.555434227,287.125,23075104.0,21462928.0,26171536.0,0.0
2014-01-12 18:00:00,0.002231598,0.0,95075.5,77.99194336,0.026611328,-1.763737679,0.565140724,286.0019531,23075104.0,22511856.0,26171536.0,0.0
2014-01-12 19:00:00,0.002052307,0.0,95114.375,79.47012329,0.04309082,-1.588312149,0.777238846,285.4123535,23075104.0,23547824.0,26171536.0,0.0
2014-01-12 20:00:00,0.001785278,0.0,95138.1875,78.6235199,0.036148071,-1.484951973,1.039920807,286.9494629,23246640.0,24588496.0,26433424.0,0.0
2014-01-12 21:00:00,0.001003265,0.0,95149.75,68.29069519,0.03678894,-1.948847771,1.332144737,288.8361816,24121536.0,25660032.0,27500336.0,0.0
2014-01-12 22:00:00,0.000359535,0.0,95142.375,52.98602295,0.009048462,-2.11070919,1.13371563,291.3989258,25812864.0,26767376.0,29418336.0,0.0
2014-01-12 23:00:00,0.0,0.0,95108.75,42.41540527,0.002685547,-2.107937813,0.678483009,294.1806641,28283424.0,27909968.0,32125920.0,0.0
2014-01-13 00:00:00,0.0,0.0,95077.6875,33.96746826,0.0,-2.109704971,0.176672936,296.9892578,31419408.0,29089360.0,35499680.0,0.0
2014-01-13 01:00:00,0.0,0.0,95035.625,29.70288086,0.0,-2.273426056,-0.588487625,299.0092773,3625371.0,1210237.0,3862868.0,0.0
2014-01-13 02:00:00,0.0,0.0,94961.25,25.88056946,0.0,-2.244040489,-0.952907562,301.0429688,7521247.0,2448155.0,8006213.0,0.0
2014-01-13 03:00:00,0.0,0.0,94897.0,23.46444702,0.0,-2.135071754,-1.018754005,302.5175781,11453505.0,3706428.0,12198263.0,0.0
2014-01-13 04:00:00,0.0,0.0,94835.0,22.22076416,0.0,-2.100364685,-1.012138367,303.4399414,15189989.0,4973140.0,16202453.0,0.0
2014-01-13 05:00:00,0.0,0.0,94791.375,21.35630798,0.0,-2.31056881,-0.903288841,303.9248047,18507104.0,6240521.0,19796816.0,0.0
2014-01-13 06:00:00,0.0,0.0,94735.3125,21.36083984,0.0,-2.718523979,-0.762745857,303.9018555,21208816.0,7504968.0,22790592.0,0.0
2014-01-13 07:00:00,0.0,0.0,94731.75,21.6446228,0.0,-3.113444328,-0.968716621,303.3798828,23162208.0,8758825.0,25033984.0,0.0
2014-01-13 08:00:00,0.0,0.0,94754.0625,22.98881531,0.0,-3.477351189,-1.261325836,302.1799316,24305488.0,9995033.0,26435840.0,0.0
2014-01-13 09:00:00,0.0,0.0,94814.125,29.37350464,0.0,-3.743745804,-1.020343781,299.7973633,24687216.0,11214401.0,26990816.0,0.0
2014-01-13 10:00:00,0.0,0.0,94885.375,42.45365906,0.0,-4.006147385,-0.660984993,297.1044922,24697904.0,12430896.0,27013312.0,0.0
2014-01-13 11:00:00,0.0,0.0,94971.375,53.60627747,0.0,-3.297801971,-0.230358124,294.8959961,24697904.0,13636769.0,27013312.0,0.0
2014-01-13 12:00:00,0.0,0.0,95016.5625,60.03631592,0.0,-2.058946609,0.644761086,293.0678711,24697904.0,14822387.0,27013312.0,0.0
2014-01-13 13:00:00,0.0,0.0,95004.9375,64.14189148,0.0,-1.39093399,1.156161308,291.6337891,24697904.0,15987038.0,27013312.0,0.0
2014-01-13 14:00:00,0.0,0.0,94990.0625,67.53109741,0.0,-1.166976929,1.349180222,290.5161133,24697904.0,17135952.0,27013312.0,0.0
2014-01-13 15:00:00,0.0,0.0,94964.9375,70.84840393,0.0,-1.094175339,1.525417328,289.5610352,24697904.0,18269872.0,27013312.0,0.0
2014-01-13 16:00:00,0.0,0.0,94956.0,74.3351593,0.0,-1.017989159,1.665537834,288.7841797,24697520.0,19390704.0,27013312.0,0.0
2014-01-13 17:00:00,0.0,0.0,94948.9375,77.23178101,0.0,-0.910235405,1.84982872,288.0231934,24697520.0,20496640.0,27013312.0,0.0
2014-01-13 18:00:00,0.000227928,0.0,94978.875,79.63438416,0.011032104,-0.774321556,2.13794899,287.2814941,24697520.0,21588208.0,27013312.0,0.0
2014-01-13 19:00:00,0.00033474,0.0,95038.1875,82.24580383,0.004684448,-0.801892281,2.105047226,286.9006348,24697520.0,22668672.0,27013312.0,0.0
2014-01-13 20:00:00,0.000375748,0.0,95083.6875,82.6807251,0.002685547,-0.513072968,1.075350761,288.8735352,24859328.0,23758016.0,27265232.0,0.0
2014-01-13 21:00:00,0.00033474,0.0,95123.4375,68.01821899,0.021385193,-0.51624012,0.8508358,291.6523438,25712400.0,24895328.0,28318176.0,0.0
2014-01-13 22:00:00,0.0,0.0,95150.3125,47.55345154,0.0,-0.109882355,0.067656517,294.7272949,27383392.0,26070224.0,30225488.0,0.0
2014-01-13 23:00:00,0.0,0.0,95136.375,35.71868896,0.0,0.351229668,-0.524196625,297.7268066,29834400.0,27276048.0,32925376.0,0.0
2014-01-14 00:00:00,0.0,0.0,95096.6875,25.66001892,0.0,0.579378128,-1.26554966,300.8562012,32951840.0,28513008.0,36292368.0,0.0
2014-01-14 01:00:00,0.0,0.0,95019.0,18.35142517,0.0,0.88954258,-1.682946205,304.125,3599456.0,1285728.0,3860623.0,0.0
2014-01-14 02:00:00,0.0,0.0,94951.6875,17.33117676,0.0,1.270834923,-1.675247192,305.8630371,7476628.0,2587000.0,8002024.0,0.0
2014-01-14 03:00:00,0.0,0.0,94879.375,16.75750732,0.0,1.115720749,-1.822440147,307.0236816,11395262.0,3904816.0,12192723.0,0.0
2014-01-14 04:00:00,0.0,0.0,94818.5625,16.15077209,0.0,0.769001007,-2.066669464,307.7207031,15115306.0,5232778.0,16196931.0,0.0
2014-01-14 05:00:00,0.0,0.0,94766.9375,16.1027832,0.0,0.421892166,-2.180962563,307.9941406,18410912.0,6564083.0,19793456.0,0.0
2014-01-14 06:00:00,0.000104904,0.0,94708.3125,15.95836449,0.0,0.262558937,-2.081807137,307.9411621,21093296.0,7893817.0,22788192.0,0.0
2014-01-14 07:00:00,0.0,0.0,94704.125,16.20057678,0.004684448,0.166453362,-1.903834343,307.6379395,23031152.0,9218288.0,25030768.0,0.0
2014-01-14 08:00:00,0.0,0.0,94735.1875,16.62548828,0.0,-0.483801842,-1.600749969,306.7277832,24164928.0,10529177.0,26431920.0,0.0
2014-01-14 09:00:00,2.35e-05,0.0,94807.6875,18.02352905,0.0,-1.678098679,-1.614124298,303.6745605,24542368.0,11807662.0,26985120.0,0.0
2014-01-14 10:00:00,0.0,0.0,94862.3125,19.87387085,0.0,-3.259225845,-1.635111809,301.2290039,24552832.0,13071540.0,27006960.0,0.0
2014-01-14 11:00:00,0.0,0.0,94933.25,25.76222229,0.0,-2.275382042,-1.452681541,298.7558594,24552832.0,14307548.0,27006960.0,0.0
2014-01-14 12:00:00,0.0,0.0,94980.875,31.33847046,0.0,-1.55228138,-1.160040855,297.8112793,24552832.0,15520815.0,27006960.0,0.0
2014-01-14 13:00:00,0.0,0.0,95002.8125,35.17607117,0.0,0.030241966,0.629977226,297.7763672,24552832.0,16719614.0,27006960.0,0.0
2014-01-14 14:00:00,0.0,0.0,95007.625,40.36508179,0.0,-0.245582581,1.044457436,296.4396973,24552832.0,17912944.0,27006960.0,0.0
2014-01-14 15:00:00,0.0,0.0,94987.9375,44.85513306,0.0,-0.131789208,0.084728241,295.5324707,24552832.0,19093728.0,27006960.0,0.0
2014-01-14 16:00:00,0.0,0.0,94972.25,47.03697205,0.0,0.198921204,-0.382163048,294.9370117,24553056.0,20265264.0,27006960.0,0.0
2014-01-14 17:00:00,0.0,0.0,94968.8125,48.57928467,0.0,-0.028013229,-0.365945816,294.1098633,24553056.0,21430576.0,27006960.0,0.0
2014-01-14 18:00:00,0.0,0.0,95005.4375,50.9672699,0.0,0.670814514,-0.662818909,293.0732422,24553056.0,22590480.0,27006960.0,0.0
2014-01-14 19:00:00,0.0,0.0,95046.125,53.60522461,0.0,0.991412163,-1.081177711,291.3962402,24553056.0,23752896.0,27006960.0,0.0
2014-01-14 20:00:00,0.0,0.0,95094.0625,56.96739197,0.0,0.447728157,-0.728496552,291.90625,24704544.0,24936896.0,27251664.0,0.0
2014-01-14 21:00:00,0.0,0.0,95147.75,49.7169342,0.0,0.874319077,-0.897691727,295.6398926,25531632.0,26182528.0,28299440.0,0.0
2014-01-14 22:00:00,0.0,0.0,95173.0,40.80807495,0.0,1.363865852,-1.286951065,298.9829102,27152720.0,27460224.0,30203760.0,0.0
2014-01-14 23:00:00,0.0,0.0,95143.25,33.64349365,0.0,2.259572029,-1.314852715,302.088623,29540208.0,28776400.0,32905408.0,0.0
2014-01-15 00:00:00,0.0,0.0,95094.75,27.9382782,0.0,3.032052994,-1.141241074,304.7331543,32585152.0,30124816.0,36279264.0,0.0
2014-01-15 01:00:00,0.0,0.0,95036.75,23.42558289,0.0,3.302749634,-0.558524132,307.1335449,3532271.0,1383693.0,3868293.0,0.0
2014-01-15 02:00:00,2.29e-05,0.0,94941.5625,20.78544617,0.0,2.455875397,-0.562121391,308.5957031,7349402.0,2794223.0,8017186.0,0.0
2014-01-15 03:00:00,0.000171661,0.0,94869.0,18.6991272,0.0,1.134449959,-0.771853447,309.453125,11215827.0,4220171.0,12215461.0,0.0
2014-01-15 04:00:00,0.004638672,0.005195618,94792.0,17.19906616,0.044006348,0.119277,-0.899092674,309.9555664,14868248.0,5647800.0,16208561.0,0.0
2014-01-15 05:00:00,0.026145935,0.035198212,94734.8125,16.49836731,0.219055176,-0.306500435,-0.788725853,310.1992188,18125344.0,7082776.0,19805600.0,0.0
2014-01-15 06:00:00,0.057846069,0.053588867,94695.375,13.94031048,0.625350952,-1.123867989,0.1271801,310.0412598,20676336.0,8494569.0,22720592.0,0.0
2014-01-15 07:00:00,0.020347595,0.09305954,94737.75,16.30929565,0.914581299,-3.936445236,0.554981232,308.4650879,22032640.0,9853643.0,24483584.0,0.0
2014-01-15 08:00:00,0.000179291,0.01632309,94772.6875,17.3658905,0.705490112,-3.77613163,-0.755939484,306.987793,22792096.0,11283870.0,25510736.0,0.0
2014-01-15 09:00:00,0.001098633,0.000882149,94821.25,19.45988464,0.148361206,-2.587751389,-0.201519966,304.7385254,23109856.0,12655890.0,25994656.0,0.0
2014-01-15 10:00:00,0.001044273,0.000399113,94877.8125,24.16299438,0.069549561,-2.548206329,0.250743866,302.3898926,23119136.0,13998817.0,26015776.0,0.0
2014-01-15 11:00:00,0.002370358,0.000221729,94916.875,31.57463074,0.047103882,-2.143766403,0.756063461,300.0419922,23119136.0,15314751.0,26015776.0,0.0
2014-01-15 12:00:00,0.00109005,0.000166357,94949.8125,38.0967865,0.054290771,-2.462465286,1.095944405,297.7697754,23119136.0,16608937.0,26015776.0,0.0
2014-01-15 13:00:00,0.0,3.23e-05,94943.25,44.28422546,0.027786255,-0.911276817,1.898697853,297.1381836,23119136.0,17881776.0,26015776.0,0.0
2014-01-15 14:00:00,0.0,5.87e-06,94918.375,50.39698792,0.0,-0.419141769,2.363067627,295.3728027,23119136.0,19149840.0,26015776.0,0.0
2014-01-15 15:00:00,0.0,0.0,94902.3125,54.87620544,0.0,-0.807278633,2.35009861,294.3635254,23119136.0,20404624.0,26015776.0,0.0
2014-01-15 16:00:00,0.0,0.0,94881.125,57.09132385,0.0,-0.995284081,1.875136375,294.0134277,23119136.0,21650208.0,26015776.0,0.0
2014-01-15 17:00:00,0.0,0.0,94883.75,58.89707947,0.0,-0.735086441,1.589680672,294.0615234,23119232.0,22884864.0,26015776.0,0.0
2014-01-15 18:00:00,0.0,0.0,94899.3125,60.51039124,0.0,-0.394165993,1.604641914,293.784668,23119232.0,24111568.0,26015776.0,0.0
2014-01-15 19:00:00,0.0,0.0,94923.5625,60.76383972,0.0,-0.168305397,1.94449234,292.7109375,23119232.0,25329168.0,26015776.0,0.0
2014-01-15 20:00:00,0.0,0.0,94951.6875,59.60115051,0.0,0.088583946,1.218626022,293.638916,23262400.0,26551104.0,26251264.0,0.0
2014-01-15 21:00:00,0.0,0.0,94965.1875,50.15396118,0.0,-0.003844261,1.227201462,297.232666,24073552.0,27825760.0,27288496.0,0.0
2014-01-15 22:00:00,0.0,0.0,94960.875,37.20776367,0.0,-0.104575157,1.088027,301.1435547,25681792.0,29136384.0,29182192.0,0.0
2014-01-15 23:00:00,0.0,0.0,94933.625,27.32804871,0.0,-0.228392601,1.037380219,304.5515137,28060896.0,30485216.0,31873392.0,0.0
2014-01-16 00:00:00,0.0,0.0,94884.9375,18.98677063,0.0,-0.740789414,1.06586647,307.1037598,31101648.0,31865760.0,35236528.0,0.0
2014-01-16 01:00:00,0.0,0.0,94839.9375,12.7161808,0.0,-1.699561119,0.775928497,307.9931641,3578529.0,1329671.0,3848931.0,0.0
2014-01-16 02:00:00,0.0,0.0,94752.5625,10.19448853,0.0,-2.896735191,0.81052208,309.5490723,7454969.0,2650965.0,7977536.0,0.0
2014-01-16 03:00:00,0.0,0.0,94697.5,8.693459511,0.0,-4.261209488,0.669830322,310.4130859,11400745.0,3958500.0,12153048.0,0.0
2014-01-16 04:00:00,0.0,0.0,94639.125,9.756311417,0.0,-5.024842262,0.877225876,310.4584961,15164047.0,5258767.0,16141503.0,0.0
2014-01-16 05:00:00,0.0,0.0,94609.3125,11.37980843,0.0,-5.207829475,0.882779121,310.0571289,18509536.0,6555365.0,19724336.0,0.0
2014-01-16 06:00:00,0.0,0.0,94556.5,13.5036459,0.0,-5.361433029,0.774651527,309.2678223,21235456.0,7851354.0,22709440.0,0.0
2014-01-16 07:00:00,0.0,0.0,94578.0,16.34938049,0.0,-5.583934784,0.662746429,307.9211426,23204192.0,9141882.0,24944992.0,0.0
2014-01-16 08:00:00,0.0,0.0,94620.75,18.98968506,0.0,-5.425512314,0.58109951,305.9753418,24355840.0,10414023.0,26339056.0,0.0
2014-01-16 09:00:00,0.0,0.0,94681.0625,21.4200592,0.0,-4.301891327,0.505145073,303.472168,24739584.0,11650236.0,26884192.0,0.0
2014-01-16 10:00:00,0.0,0.0,94718.0,24.94044495,0.0,-3.240605354,0.526863098,300.7155762,24749488.0,12843969.0,26904592.0,0.0
2014-01-16 11:00:00,0.0,0.0,94751.625,28.97834778,0.0,-2.495577812,0.589814186,298.0197754,24749488.0,13997343.0,26904592.0,0.0
2014-01-16 12:00:00,0.0,0.0,94791.0625,32.10279846,0.0,-2.146663666,1.144342422,295.4604492,24749488.0,15116326.0,26904592.0,0.0
2014-01-16 13:00:00,0.0,0.0,94786.0625,34.66938782,0.0,-1.870085716,1.970006943,293.5693359,24749488.0,16213313.0,26904592.0,0.0
2014-01-16 14:00:00,0.0,0.0,94780.125,36.90068054,0.0,-1.352783203,2.481616974,292.3486328,24749488.0,17299776.0,26904592.0,0.0
2014-01-16 15:00:00,0.0,0.0,94749.625,38.81105042,0.0,-0.817844391,2.679076195,291.4560547,24749488.0,18380352.0,26904592.0,0.0
2014-01-16 16:00:00,0.0,0.0,94719.3125,40.21432495,0.0,-0.450428963,2.778392792,290.644043,24749760.0,19457920.0,26904592.0,0.0
2014-01-16 17:00:00,0.0,0.0,94706.3125,41.60717773,0.0,-0.376897812,2.696468353,290.2160645,24749760.0,20532144.0,26904592.0,0.0
2014-01-16 18:00:00,0.0,0.0,94705.4375,43.01564026,0.0,-0.729380608,2.346281052,289.9770508,24749760.0,21601136.0,26904592.0,0.0
2014-01-16 19:00:00,0.0,0.0,94718.5625,45.05783081,0.0,-0.978387833,2.187005997,289.1774902,24749760.0,22662064.0,26904592.0,0.0
2014-01-16 20:00:00,0.0,0.0,94715.25,46.4559021,0.0,-0.64764595,1.50940609,290.3662109,24895216.0,23730112.0,27127056.0,0.0
2014-01-16 21:00:00,0.0,0.0,94723.1875,39.06767273,0.0,-0.471429825,1.330994606,294.7839355,25740640.0,24855872.0,28141488.0,0.0
2014-01-16 22:00:00,0.0,0.0,94720.4375,28.21122742,0.0,-0.769075394,0.676353455,298.9914551,27413200.0,26026624.0,30006256.0,0.0
2014-01-16 23:00:00,0.0,0.0,94695.125,21.6051178,0.0,-0.674138069,-0.635893822,302.0402832,29881248.0,27235488.0,32664496.0,0.0
2014-01-17 00:00:00,0.0,0.0,94640.0,15.9146471,0.0,-0.135917664,-1.694919586,304.7165527,33030448.0,28470240.0,35991152.0,0.0
2014-01-17 01:00:00,0.0,0.0,94567.0625,11.09768009,0.0,-0.704916,-1.883615494,306.8359375,3653511.0,1249677.0,3822684.0,0.0
2014-01-17 02:00:00,0.0,0.0,94476.125,9.776262283,0.0,-0.710357666,-2.161868095,308.0239258,7596743.0,2509436.0,7928907.0,0.0
2014-01-17 03:00:00,0.0,0.0,94392.5,9.198652267,0.0,-0.828186989,-2.217760086,308.809082,11590760.0,3773783.0,12087664.0,0.0
2014-01-17 04:00:00,0.0,0.0,94326.625,8.600168228,0.0,-0.815347672,-2.243024826,309.3308105,15393395.0,5037460.0,16063545.0,0.0
2014-01-17 05:00:00,0.0,0.0,94255.6875,8.03972435,0.0,-0.624089241,-2.207454681,309.5554199,18776144.0,6295282.0,19634272.0,0.0
2014-01-17 06:00:00,0.0,0.0,94188.625,6.868144035,0.0,-0.365303993,-2.082274437,309.4533691,21545504.0,7542485.0,22606288.0,0.0
2014-01-17 07:00:00,0.0,0.0,94147.0,6.348233223,0.0,-0.282346726,-1.998897552,309.0046387,23557280.0,8771648.0,24829968.0,0.0
2014-01-17 08:00:00,0.0,0.0,94153.8125,8.012187004,0.0,-0.2874403,-1.341596603,307.6933594,24739840.0,9977247.0,26214640.0,0.0
2014-01-17 09:00:00,0.0,0.0,94180.9375,9.663865089,0.0,-1.569373131,-1.969531059,303.8278809,25132656.0,11149004.0,26753952.0,0.0
2014-01-17 10:00:00,0.0,0.0,94243.625,14.83574867,0.0,-3.08039093,-1.897976875,301.5727539,25142352.0,12332417.0,26773376.0,0.0
2014-01-17 11:00:00,0.0,0.0,94313.125,31.48641968,0.0,-2.820584297,-2.277469635,299.6413574,25142352.0,13545271.0,26773376.0,0.0
2014-01-17 12:00:00,0.0,0.0,94347.625,40.21690369,0.0,-1.993590355,-1.73405838,297.6542969,25142352.0,14736434.0,26773376.0,0.0
2014-01-17 13:00:00,0.0,0.0,94359.1875,41.65400696,0.0,-1.447983742,-1.153253555,296.5751953,25142352.0,15908218.0,26773376.0,0.0
2014-01-17 14:00:00,0.0,0.0,94357.8125,45.08511353,0.0,-0.018164635,0.731819153,296.7700195,25142352.0,17079312.0,26773376.0,0.0
2014-01-17 15:00:00,0.0,0.0,94316.0625,48.71994019,0.0,-0.368453026,1.119515419,295.8300781,25142352.0,18256192.0,26773376.0,0.0
2014-01-17 16:00:00,0.0,0.0,94281.6875,50.88111877,0.0,-0.642407417,0.44447422,295.1608887,25142160.0,19433696.0,26773376.0,0.0
2014-01-17 17:00:00,0.0,0.0,94246.375,52.08015442,0.0,-0.730402947,0.096482277,294.6298828,25142160.0,20612016.0,26773376.0,0.0
2014-01-17 18:00:00,0.0,0.0,94257.8125,53.49450684,0.0,-0.173364639,0.441269875,293.956543,25142160.0,21782192.0,26773376.0,0.0
2014-01-17 19:00:00,0.0,0.0,94306.375,55.69625854,0.0,0.393241882,1.117920876,292.578125,25142160.0,22948096.0,26773376.0,0.0
2014-01-17 20:00:00,0.0,0.0,94338.375,58.20907593,0.0,0.32513237,0.431704521,292.8193359,25273968.0,24132448.0,26988704.0,0.0
2014-01-17 21:00:00,0.0,0.0,94352.125,51.39880371,0.0,0.166197777,-0.083650589,296.3608398,26072736.0,25381744.0,28000528.0,0.0
2014-01-17 22:00:00,0.0,0.0,94356.125,39.63832092,0.0,0.96126461,-0.843381882,299.8005371,27671488.0,26661936.0,29870240.0,0.0
2014-01-17 23:00:00,0.0,0.0,94332.375,31.99401855,0.0,1.98946476,-1.348575592,302.8039551,30045520.0,27974448.0,32540544.0,0.0
2014-01-18 00:00:00,0.0,0.0,94289.375,25.77154541,0.0,2.690605164,-1.579603195,305.5407715,33082816.0,29320960.0,35886448.0,0.0
2014-01-18 01:00:00,0.001850128,0.000375748,94226.625,20.61883545,0.012542725,2.193159103,-1.577010155,307.3647461,3530380.0,1370542.0,3846764.0,0.0
2014-01-18 02:00:00,0.006858826,0.004447937,94152.6875,18.64788818,0.119323731,1.621660233,-1.473987579,308.6765137,7303097.0,2770395.0,7949656.0,0.0
2014-01-18 03:00:00,0.000831604,0.001319885,94078.0,17.81484985,0.050567627,0.935112,-1.493472099,309.213623,10821895.0,4162621.0,11858903.0,0.0
2014-01-18 04:00:00,0.006961823,0.004737854,94002.0625,17.19813538,0.228942871,0.488846779,-1.986729622,309.8725586,14436345.0,5589987.0,15816105.0,0.0
2014-01-18 05:00:00,0.040809631,0.022437423,93951.25,11.07144737,0.442421377,-0.012782097,-1.660316467,309.9265137,17585824.0,6972217.0,19292736.0,0.0
2014-01-18 06:00:00,0.112487793,0.138419271,93929.3125,15.06023693,0.724624455,-3.189508438,-0.999718666,308.7150879,19786032.0,8432685.0,21910832.0,0.000296593
2014-01-18 07:00:00,0.133880615,0.134782493,94006.25,31.12307739,0.886695683,-4.419231415,1.468242645,304.8828125,21079696.0,9784082.0,23613616.0,0.000439405
2014-01-18 08:00:00,0.019699097,0.095428467,94138.8125,44.45440674,0.947416604,-1.771085739,3.133780479,301.8632812,21679520.0,11168112.0,24529216.0,0.000684023
2014-01-18 09:00:00,0.06187439,0.027534485,94231.4375,42.66371155,0.812957764,-3.913583755,0.823321343,300.5527344,21900272.0,12535647.0,24912256.0,0.000734091
2014-01-18 10:00:00,0.031188965,0.031021118,94302.9375,48.38592529,0.828918457,-3.305121422,1.548309326,298.6660156,21906352.0,13920983.0,24927488.0,0.000763893
2014-01-18 11:00:00,0.001365662,0.016630173,94330.5625,51.33244324,0.822357178,-2.312774658,0.840684891,297.4077148,21906352.0,15275209.0,24927488.0,0.000761747
2014-01-18 12:00:00,0.007474899,0.014938354,94325.75,54.67169189,0.955078125,-2.194223404,-0.217644692,296.2705078,21906352.0,16591136.0,24927488.0,0.000771046
2014-01-18 13:00:00,0.003660202,0.006711006,94293.25,57.18562317,0.21484375,-1.937802315,-0.237354279,295.0410156,21906352.0,17882192.0,24927488.0,0.000777483
2014-01-18 14:00:00,0.000879288,0.000668526,94237.875,58.85340881,0.036407471,-1.650536537,0.562563896,293.4675293,21906352.0,19112816.0,24927488.0,0.000777483
2014-01-18 15:00:00,0.004497528,0.000601292,94173.5,61.64320374,0.116027832,-1.521934509,1.228167534,292.5429688,21906352.0,20322224.0,24927488.0,0.000777483
2014-01-18 16:00:00,0.000507355,0.000303864,94110.0,63.94699097,0.130126953,-1.576047897,1.188419342,292.0234375,21906352.0,21536480.0,24927488.0,0.000777483
2014-01-18 17:00:00,0.0,0.0,94073.4375,65.92884827,0.0,-1.534770966,1.222025871,291.4453125,21906336.0,22729104.0,24927488.0,0.000777483
2014-01-18 18:00:00,0.000766754,0.000132501,94066.25,68.4331665,0.027435303,-1.358053207,1.210525513,291.2160645,21906336.0,23913648.0,24927488.0,0.000777483
2014-01-18 19:00:00,0.00352478,0.000383556,94094.875,73.21524048,0.11529541,-1.672865868,1.448569298,290.9838867,21906336.0,25092128.0,24927488.0,0.000777483
2014-01-18 20:00:00,0.006698608,0.0,94130.4375,78.13398743,0.213592529,-2.627723694,1.899200439,291.3757324,22027120.0,26275104.0,25134832.0,0.000781059
2014-01-18 21:00:00,0.006851196,0.0,94146.875,72.08287048,0.13873291,-3.12419796,1.614486694,292.8181152,22788080.0,27528144.0,26128704.0,0.000781059
2014-01-18 22:00:00,0.003852844,0.0,94154.75,63.5663147,0.056121826,-3.069620132,1.233864784,294.7568359,24198432.0,28791760.0,27864960.0,0.000781059
2014-01-18 23:00:00,0.001533508,0.0,94142.9375,53.07829285,0.016693115,-3.162199974,0.911242485,297.237793,26438848.0,30091600.0,30464368.0,0.000781059
2014-01-19 00:00:00,0.000228882,0.0,94095.9375,45.14862061,0.0,-3.271450043,0.306629181,299.432373,29430208.0,31408944.0,33822112.0,0.000781059
2014-01-19 01:00:00,0.0,0.0,94043.6875,33.77857971,0.0,-3.29943943,-0.207038879,301.5178223,3490641.0,1321683.0,3848841.0,0.0
2014-01-19 02:00:00,4.58e-05,8.39e-05,93994.0,31.98646545,0.003601074,-3.330478668,-0.678056717,302.8659668,7264189.0,2666610.0,7990782.0,0.0
2014-01-19 03:00:00,0.005615234,0.003334045,93932.625,31.87208557,0.111602783,-3.210735321,-0.344444275,303.5380859,11070895.0,4032364.0,12181271.0,0.0
2014-01-19 04:00:00,0.022232056,0.006004333,93885.125,34.01809692,0.269113362,-3.137553215,-0.200881004,303.7055664,14575691.0,5413077.0,16111075.0,0.0
2014-01-19 05:00:00,0.107319474,0.039276123,93881.1875,35.37800598,0.55576545,-3.073616028,-0.480730057,303.2277832,17331776.0,6783868.0,19359168.0,0.0
2014-01-19 06:00:00,0.160122812,0.03194046,93894.6875,41.06225586,0.541786194,-4.286335945,-0.517187119,300.7058105,18657856.0,8167169.0,21291632.0,0.0
2014-01-19 07:00:00,0.001525879,0.001962662,93885.625,48.57980347,0.242164016,-5.926520348,0.402382851,298.9633789,19945824.0,9574088.0,23035008.0,0.0
2014-01-19 08:00:00,0.005630493,0.002218246,93941.0,56.11750793,0.138000488,-5.43548584,1.570670128,296.7875977,20925232.0,10897063.0,24334816.0,0.0
2014-01-19 09:00:00,0.004867554,0.000362396,94018.125,67.8371582,0.043731689,-4.99158287,2.296956062,294.1064453,21256304.0,12177278.0,24853200.0,0.0
2014-01-19 10:00:00,0.008666992,0.000220299,94092.25,75.55627441,0.140838623,-4.368549347,1.495036125,292.4089355,21264272.0,13404976.0,24870448.0,0.0
2014-01-19 11:00:00,0.03968811,0.00012207,94105.375,79.05574036,0.904571533,-4.386983871,1.058140755,291.744873,21264272.0,14669054.0,24870448.0,0.0
2014-01-19 12:00:00,0.087020874,0.0,94106.5,81.34890747,0.974945068,-4.465438843,0.861839294,291.6008301,21264272.0,16052476.0,24870448.0,0.0
2014-01-19 13:00:00,0.096511841,0.0,94104.1875,81.20661926,0.884674072,-4.12322998,1.130367279,291.5456543,21264272.0,17465456.0,24870448.0,0.0
2014-01-19 14:00:00,0.104324341,0.0,94082.3125,81.92750549,0.969665527,-3.488544464,1.495887756,291.2775879,21264272.0,18827680.0,24870448.0,0.0
2014-01-19 15:00:00,0.110819399,0.0,94059.0625,81.57666016,0.953826904,-3.40779686,1.5801754,291.2270508,21264272.0,20251792.0,24870448.0,0.000446796
2014-01-19 16:00:00,0.108840942,0.0,94013.0625,82.37605286,0.905029297,-3.405838966,1.561067581,290.862793,21264032.0,21622432.0,24870448.0,0.000465631
2014-01-19 17:00:00,0.115585327,0.0,93983.625,82.43830872,0.918365479,-3.430945396,1.474611282,290.6555176,21264032.0,23014896.0,24870448.0,0.000480413
2014-01-19 18:00:00,0.098648071,0.0,93975.0625,81.95681763,0.892364502,-3.401269913,1.424863815,290.5063477,21264032.0,24423856.0,24870448.0,0.000492573
2014-01-19 19:00:00,0.083404541,0.0,94003.4375,82.30137634,0.86227417,-3.284632683,1.408043861,290.2692871,21264032.0,25799280.0,24870448.0,0.000504494
2014-01-19 20:00:00,0.093933105,0.0,94029.0625,82.32359314,0.789794922,-3.17258358,1.56435585,290.2680664,21326800.0,27160352.0,25020528.0,0.000517368
2014-01-19 21:00:00,0.097503662,0.0,94046.625,78.92677307,0.728515625,-4.223524094,1.442304611,290.9211426,21675728.0,28560800.0,25653328.0,0.00053978
2014-01-19 22:00:00,0.121261597,0.0,94044.9375,68.92869568,1.0,-4.475353241,0.578154564,292.6611328,22710976.0,29944528.0,27104688.0,0.000573635
2014-01-19 23:00:00,0.146560669,0.0,94052.125,65.29634094,1.0,-4.057398796,0.269765854,293.5961914,23742800.0,31390192.0,28784528.0,0.000605345
2014-01-20 00:00:00,0.155548096,0.0,94033.3125,62.28540039,1.0,-3.673377037,0.215731621,294.5302734,25090592.0,32849568.0,30884544.0,0.000632524
2014-01-20 01:00:00,0.214584351,0.0,94010.9375,65.70353699,0.997314453,-4.427311897,-0.020439148,294.2546387,1656169.0,1481695.0,2469804.0,0.000175685
2014-01-20 02:00:00,0.192733765,0.0,94014.125,70.75210571,0.992645264,-4.712181091,0.948198319,293.5986328,3027560.0,2928369.0,4770157.0,0.000251353
2014-01-20 03:00:00,0.066177368,0.0,94001.875,68.98895264,0.809112549,-4.641894341,1.122299194,294.0466309,4761380.0,4383571.0,7321334.0,0.000272214
2014-01-20 04:00:00,0.02973938,0.0,93960.9375,64.03773499,0.560180664,-4.176740646,0.711785317,294.8613281,6771172.0,5839540.0,10047629.0,0.000273943
2014-01-20 05:00:00,0.003952026,0.0,93907.1875,58.75154114,0.139251709,-3.831778526,0.166235924,295.9208984,9284687.0,7242485.0,13049641.0,0.000273943
2014-01-20 06:00:00,0.0078125,0.0,93837.375,52.76327515,0.080047607,-3.811360359,0.907109261,297.1159668,11891079.0,8528760.0,16011513.0,0.000273943
2014-01-20 07:00:00,0.010162354,0.0,93855.6875,54.41531372,0.045227051,-4.574828148,1.063620567,296.394043,13757585.0,9799517.0,18212224.0,0.000272632
2014-01-20 08:00:00,0.015579224,0.0,93905.75,63.43624878,0.146362305,-5.503863335,0.538475037,294.0688477,14782681.0,11028715.0,19515632.0,0.000272632
2014-01-20 09:00:00,0.017303467,0.0,94020.875,70.57385254,0.258239746,-5.403615952,0.413081169,291.3642578,15126515.0,12240795.0,20032560.0,0.000275493
2014-01-20 10:00:00,0.026596069,0.0,94086.5625,75.17845154,0.271636963,-4.831457138,0.831709862,289.8039551,15133355.0,13444326.0,20048464.0,0.000279069
2014-01-20 11:00:00,0.036026001,0.0,94136.0625,75.70243835,0.223754883,-4.276621819,1.186293602,289.1931152,15133355.0,14688941.0,20048464.0,0.00028944
2014-01-20 12:00:00,0.045257568,0.0,94172.9375,75.82554626,0.424682617,-3.505355835,1.347447395,288.6027832,15133355.0,15893348.0,20048464.0,0.000303388
2014-01-20 13:00:00,0.069915771,0.0,94157.9375,76.6958313,0.661895752,-3.063318253,1.493569374,288.3676758,15133355.0,17152208.0,20048464.0,0.000321865
2014-01-20 14:00:00,0.098693848,0.0,94136.5625,77.17947388,0.842559815,-2.742865562,1.487747192,288.1848145,15133355.0,18428416.0,20048464.0,0.000348091
2014-01-20 15:00:00,0.125183106,0.0,94098.75,77.27906799,0.873291016,-2.580882072,1.477570534,288.1965332,15133355.0,19766176.0,20048464.0,0.000379324
2014-01-20 16:00:00,0.130203247,0.0,94057.4375,78.23445129,0.937805176,-2.359050751,1.566893578,288.166748,15133355.0,21112576.0,20048464.0,0.000417948
2014-01-20 17:00:00,0.139633179,0.0,94034.0,78.72840881,0.988983154,-2.149074554,1.52069664,288.2409668,15133306.0,22488912.0,20048464.0,0.000457525
2014-01-20 18:00:00,0.129577637,0.0,94025.1875,79.50376892,0.947174072,-1.991511345,1.118135452,288.2131348,15133306.0,23832208.0,20048464.0,0.000495672
2014-01-20 19:00:00,0.127044678,0.0,94034.0,80.55931091,0.927185059,-1.662078857,1.022156715,288.2802734,15133306.0,25184048.0,20048464.0,0.000528097
2014-01-20 20:00:00,0.130722046,0.0,94066.9375,81.12072754,1.0,-1.294203758,1.15278244,288.5339355,15181189.0,26535168.0,20182464.0,0.000565052
2014-01-20 21:00:00,0.120300293,0.0,94091.6875,81.34919739,1.0,-1.490605354,0.620907784,289.2148438,15445317.0,27931776.0,20758144.0,0.000600338
2014-01-20 22:00:00,0.09526062,0.0,94118.5625,77.37355042,1.0,-2.000487328,-0.809254646,290.6643066,16175807.0,29330224.0,21955552.0,0.000625134
2014-01-20 23:00:00,0.072570801,0.0,94121.4375,69.18267822,1.0,-1.142393112,-1.541511536,292.6159668,17494784.0,30771584.0,23857824.0,0.000632763
2014-01-21 00:00:00,0.049041748,0.0,94081.875,63.31011963,0.920318604,-0.192925453,-1.688389778,294.3735352,19241696.0,32218336.0,26263360.0,0.000635624
2014-01-21 01:00:00,0.102416992,4.48e-05,93968.0,51.58039856,0.955963135,1.746796608,-1.499702454,297.0539551,2757718.0,1421297.0,3279231.0,0.0
2014-01-21 02:00:00,0.00479126,0.000150919,93889.0,43.08000183,0.285555661,1.442891121,-0.94849968,298.7185059,5457367.0,2874461.0,6589267.0,0.0
2014-01-21 03:00:00,0.024017334,0.003391266,93827.4375,34.9017334,0.661104083,2.06951046,-0.520297051,301.2055664,9267580.0,4247202.0,10743452.0,0.0
2014-01-21 04:00:00,0.012924194,0.002686501,93745.6875,30.90055847,0.722407639,2.263879776,-0.737034798,301.9699707,12415014.0,5608623.0,14340677.0,0.0
2014-01-21 05:00:00,0.019882202,0.003064156,93726.9375,26.85583496,0.68674463,2.610794067,-0.602965355,302.7834473,15408067.0,6945172.0,17687504.0,0.0
2014-01-21 06:00:00,0.029029846,0.004285812,93734.875,26.10334778,0.744598389,2.5936203,-0.108384132,302.7768555,17614672.0,8309868.0,20290640.0,0.0
2014-01-21 07:00:00,0.042678833,0.013895035,93780.0,20.87005615,0.676116943,1.773295403,0.655488014,302.3935547,19246576.0,9604856.0,22274688.0,0.0
2014-01-21 08:00:00,0.098854065,0.034036636,93887.0,40.17788696,0.610931397,-3.46811676,3.299397469,299.1694336,20114112.0,10903007.0,23427136.0,0.0
2014-01-21 09:00:00,0.00202179,0.0001297,94079.25,70.92932129,0.084320068,-5.366136551,1.975126266,294.2431641,20397312.0,12193197.0,23885888.0,0.0
2014-01-21 10:00:00,0.002708435,0.0,94208.75,75.91590881,0.0730896,-4.809546471,1.149888039,292.3283691,20404368.0,13410513.0,23900832.0,0.0
2014-01-21 11:00:00,0.014190674,0.0,94326.625,81.28121948,0.683807373,-4.294361115,1.184798241,291.1838379,20404368.0,14614822.0,23900832.0,0.0
2014-01-21 12:00:00,0.032066345,0.0,94413.0,81.72642517,0.877105713,-3.570764542,0.864069939,290.7927246,20404368.0,15885846.0,23900832.0,0.0
2014-01-21 13:00:00,0.037246704,0.0,94448.5,81.73416138,0.931060791,-3.594100952,0.892181993,290.6103516,20404368.0,17219696.0,23900832.0,0.0
2014-01-21 14:00:00,0.026794434,0.0,94474.25,81.1751709,0.729034424,-3.521258354,0.949895024,290.2653809,20404368.0,18536272.0,23900832.0,0.0
2014-01-21 15:00:00,0.014823914,0.0,94492.5625,81.50524902,0.399749756,-3.275356293,0.833477974,289.9050293,20404368.0,19821344.0,23900832.0,0.0
2014-01-21 16:00:00,0.017585754,0.0,94498.8125,81.98962402,0.393768311,-3.002324104,0.771103859,289.4819336,20404368.0,21054224.0,23900832.0,0.0
2014-01-21 17:00:00,0.01675415,0.0,94506.0625,84.21536255,0.385864258,-2.36863327,0.633293152,288.7641602,20404176.0,22219584.0,23900832.0,0.0
2014-01-21 18:00:00,0.023498535,0.0,94533.25,84.90058899,0.449615479,-2.626059532,0.626629293,288.7211914,20404176.0,23457840.0,23900832.0,0.0
2014-01-21 19:00:00,0.019088745,0.0,94589.25,84.69496155,0.591796875,-2.248614311,0.293343663,288.4980469,20404176.0,24694432.0,23900832.0,0.0
2014-01-21 20:00:00,0.023101807,0.0,94683.4375,82.37687683,0.5234375,-2.623280525,0.063046455,288.9736328,20486816.0,25923840.0,24054128.0,0.0
2014-01-21 21:00:00,0.047821045,0.0,94770.8125,74.01509094,0.567443848,-3.251433372,0.305151939,290.1022949,20990256.0,27230096.0,24786464.0,0.0
2014-01-21 22:00:00,0.030738831,0.0,94853.625,66.48110962,0.475952148,-3.093497276,0.312805176,291.1323242,21894768.0,28552368.0,26064656.0,0.000106692
2014-01-21 23:00:00,0.008094788,0.0,94887.5625,58.23101807,0.305877686,-2.935070038,-0.005651474,292.7331543,23610432.0,29882432.0,28194192.0,0.000106692
2014-01-22 00:00:00,0.00428772,0.0,94873.0,51.07228088,0.274383545,-2.716851234,-0.438396573,294.5854492,26471408.0,31163792.0,31344096.0,0.000106692
2014-01-22 01:00:00,0.057327271,0.0,94856.8125,53.43295288,0.953948975,-3.509411812,-0.331274033,294.7145996,2283946.0,1421667.0,2895217.0,0.0
2014-01-22 02:00:00,0.028717041,0.0,94839.875,49.11044312,0.655944824,-3.567950249,0.05970192,296.1523438,5619820.0,2815595.0,6640204.0,0.0
2014-01-22 03:00:00,0.014717102,0.0,94854.375,43.67658997,0.489685059,-3.549705505,0.644301415,297.2277832,8890500.0,4206305.0,10337640.0,0.0
2014-01-22 04:00:00,0.015075684,0.0,94833.875,39.89274597,0.54397583,-3.504932404,0.607211113,297.880127,12086096.0,5551045.0,13940868.0,0.0
2014-01-22 05:00:00,0.001945496,3.39e-05,94800.6875,38.18746948,0.109283447,-3.834582329,-0.013274193,298.2556152,15119339.0,6877252.0,17341808.0,0.0
2014-01-22 06:00:00,0.005950928,0.000228882,94787.75,38.04225159,0.023010254,-4.097361565,-0.569107056,298.0615234,17727360.0,8125953.0,20272896.0,0.0
2014-01-22 07:00:00,0.003585815,0.000145435,94823.8125,40.21992493,0.016723633,-4.864966393,-0.714346886,296.8232422,19560096.0,9351295.0,22411088.0,0.0
2014-01-22 08:00:00,0.002311707,0.000162154,94896.0,49.39666748,0.031890869,-6.083798409,0.105446816,294.1269531,20669536.0,10535688.0,23777232.0,0.0
2014-01-22 09:00:00,0.002471924,0.000156403,95017.125,56.01835632,0.042755127,-5.539879799,0.757669449,291.5524902,21024000.0,11679506.0,24297968.0,0.0
2014-01-22 10:00:00,0.001976013,7.01e-05,95115.8125,59.60697937,0.03616333,-4.447361946,0.485967636,289.9055176,21031296.0,12809248.0,24312560.0,0.0
2014-01-22 11:00:00,0.001735687,2.22e-05,95201.375,63.89395142,0.026733398,-3.761511803,0.502791405,288.7297363,21031296.0,13917493.0,24312560.0,0.0
2014-01-22 12:00:00,0.002059937,0.0,95272.1875,68.55285645,0.037475586,-3.002763748,0.598300934,287.8967285,21031296.0,15011261.0,24312560.0,0.0
2014-01-22 13:00:00,0.004993439,0.0,95270.4375,73.21815491,0.154510498,-2.619071007,0.910574913,287.3103027,21031296.0,16096322.0,24312560.0,0.0
2014-01-22 14:00:00,0.004558563,0.0,95236.875,76.74331665,0.060272217,-2.233552933,1.143941879,286.9333496,21031296.0,17196272.0,24312560.0,0.0
2014-01-22 15:00:00,0.003807068,0.0,95212.125,80.13513184,0.097259521,-1.786684036,1.32532692,286.4570312,21031296.0,18277840.0,24312560.0,0.0
2014-01-22 16:00:00,0.011863709,0.0,95186.375,84.14248657,0.303009033,-1.616378784,1.353047371,285.9951172,21031296.0,19337296.0,24312560.0,0.0
2014-01-22 17:00:00,0.018913269,0.0,95160.0625,84.99243164,0.344329834,-1.624107361,1.239724159,286.2973633,21031296.0,20476464.0,24312560.0,0.0
2014-01-22 18:00:00,0.023658752,0.0,95149.5,85.51182556,0.637023926,-1.443868637,1.126185417,285.9160156,21031296.0,21577312.0,24312560.0,0.0
2014-01-22 19:00:00,0.046035767,0.0,95164.9375,84.3420105,0.734161377,-1.193966866,1.152588844,286.4248047,21031296.0,22779344.0,24312560.0,5.47e-05
2014-01-22 20:00:00,0.054618835,0.0,95206.9375,82.47938538,0.826599121,-1.519839287,1.522029877,287.7216797,21089584.0,24084560.0,24442112.0,5.75e-05
2014-01-22 21:00:00,0.061424255,0.0,95235.1875,77.54414368,0.76248169,-2.957764626,0.266989708,288.934082,21492096.0,25375088.0,25091744.0,0.000100851
2014-01-22 22:00:00,0.056144714,0.0,95259.875,67.51750183,0.839675903,-3.788271904,-1.095828056,290.6364746,22395728.0,26685600.0,26355904.0,0.000145912
2014-01-22 23:00:00,0.020042419,0.0,95239.625,55.63134766,0.913604736,-3.514618874,-1.382860184,292.8342285,24226352.0,27973648.0,28557744.0,0.000145912
2014-01-23 00:00:00,0.014881134,0.0,95193.6875,51.70648193,0.635528565,-3.252124786,-1.272730827,294.7167969,26787008.0,29355584.0,31482784.0,0.000145912
2014-01-23 01:00:00,0.000823975,0.0,95117.625,42.43817139,0.028961182,-3.028601646,-0.891703606,296.6660156,3473583.0,1247324.0,3732539.0,0.0
2014-01-23 02:00:00,0.000644684,0.0,95014.375,37.52101135,0.01739502,-2.813986778,-1.166006088,298.3718262,7310111.0,2487244.0,7822102.0,0.0
2014-01-23 03:00:00,0.000495911,0.0,94924.5,34.21725464,0.004669189,-2.724431992,-1.196640968,299.6062012,11203485.0,3740136.0,11971587.0,0.0
2014-01-23 04:00:00,0.0,0.0,94827.125,32.51437378,0.0,-2.91854763,-1.218455315,300.4211426,14908477.0,4986045.0,15942040.0,0.0
2014-01-23 05:00:00,0.000335693,0.0,94758.5,32.47567749,0.013671875,-3.218482971,-1.308458328,300.7141113,18205392.0,6232276.0,19514528.0,0.0
2014-01-23 06:00:00,0.0,0.0,94699.3125,32.98059082,0.002685547,-3.469082832,-1.225933075,300.4846191,20849024.0,7492910.0,22446448.0,0.0
2014-01-23 07:00:00,0.0,0.0,94685.4375,33.49404907,0.0,-3.761686325,-1.255948067,299.828125,22794720.0,8719355.0,24666416.0,0.0
2014-01-23 08:00:00,0.0,0.0,94691.125,36.62806702,0.108886719,-4.354846954,-1.552884102,298.5568848,23922816.0,9921483.0,26036256.0,0.0
2014-01-23 09:00:00,0.0,0.005084991,94735.3125,41.64137268,1.0,-3.757696152,-1.770051956,296.6081543,24278976.0,11098382.0,26548768.0,0.0
2014-01-23 10:00:00,0.0,0.006533146,94748.5625,50.32673645,0.999023438,-4.138015747,-2.179815292,294.5280762,24285632.0,12279099.0,26561056.0,0.0
2014-01-23 11:00:00,0.0,0.002194559,94775.4375,62.72581482,0.91813463,-4.116312981,-2.070047379,292.6420898,24285632.0,13457373.0,26561056.0,0.0
2014-01-23 12:00:00,0.000209808,0.005321503,94825.5,70.55915833,0.921058178,-2.749094009,-1.807635307,291.0515137,24285632.0,14588627.0,26561056.0,0.0
2014-01-23 13:00:00,0.000350952,0.009701729,94820.0,74.80435181,0.994659424,-1.638817787,-1.017160416,289.7565918,24285632.0,15724134.0,26561056.0,0.0
2014-01-23 14:00:00,0.000701904,0.018822331,94705.25,77.41365051,0.999999821,-1.586650848,-0.468123436,288.9719238,24285632.0,16875040.0,26561056.0,0.0
2014-01-23 15:00:00,0.000991821,0.023373242,94628.125,79.36036682,0.99999994,-1.70243454,0.364120483,287.9938965,24285632.0,18029584.0,26561056.0,0.0
2014-01-23 16:00:00,0.001205444,0.032238536,94528.6875,80.69132996,1.0,-1.422320366,0.57553196,287.9604492,24285632.0,19209712.0,26561056.0,0.0
2014-01-23 17:00:00,0.002166748,0.043320425,94476.8125,82.03656006,1.0,-1.058060646,1.063324928,287.8945312,24285664.0,20414112.0,26561056.0,0.0
2014-01-23 18:00:00,0.003948212,0.077106118,94439.5,83.00042725,1.0,-0.543913841,1.216869354,287.9790039,24285664.0,21623520.0,26561056.0,0.0
2014-01-23 19:00:00,0.00384903,0.116474152,94392.0625,83.57199097,1.0,-0.454803467,0.976287842,288.2385254,24285664.0,22881632.0,26561056.0,0.0
2014-01-23 20:00:00,0.00642395,0.170175552,94378.3125,83.50822449,1.0,-0.083674431,0.815383911,289.1499023,24340544.0,24148576.0,26667776.0,0.0
2014-01-23 21:00:00,0.015258789,0.228590906,94371.5,81.87173462,1.0,-0.232933998,0.020113945,290.0664062,24666672.0,25456384.0,27216144.0,0.0
2014-01-23 22:00:00,0.059631348,0.162561476,94361.375,76.92079163,1.0,1.105651855,-0.719813347,291.4123535,25272512.0,26805360.0,28254608.0,0.0
2014-01-23 23:00:00,0.141269147,0.177358866,94342.9375,75.15794373,1.0,1.918228149,-1.504304886,292.7595215,26408128.0,28177312.0,29966368.0,0.000502348
2014-01-24 00:00:00,0.114746094,0.223498642,94281.9375,79.94360352,1.0,2.119567871,-1.973901749,292.5666504,27322704.0,29533152.0,31741680.0,0.001369476
2014-01-24 01:00:00,0.060668945,0.093411624,94138.875,64.15130615,0.999999464,3.848726273,-2.559925079,295.8095703,1483530.0,1421326.0,2395611.0,0.0
2014-01-24 02:00:00,0.348075092,0.386444986,94087.8125,75.33383179,1.0,4.550329208,-4.146509171,294.0136719,2903441.0,2834609.0,4822536.0,0.00219512
2014-01-24 03:00:00,0.428550422,0.264140964,94027.1875,85.14598083,1.0,4.069878578,-3.275324821,292.2937012,3735009.0,4170479.0,6717457.0,0.003106594
2014-01-24 04:00:00,0.669869781,0.236112654,93955.3125,92.48832703,1.0,2.936502457,-4.393728256,291.027832,4291167.0,5518969.0,8345551.0,0.004533768
2014-01-24 05:00:00,0.483215332,0.227059901,93858.75,95.85427856,1.0,3.316693306,-5.453016281,290.1130371,4574838.0,6886664.0,9620937.0,0.006786823
2014-01-24 06:00:00,0.985352576,0.150765538,93776.0,98.6036377,1.000002861,3.478276253,-3.977829933,290.3034668,4892730.0,8289930.0,10754013.0,0.008867741
2014-01-24 07:00:00,0.494166017,0.143959045,93749.875,93.45587158,1.000004768,4.31639576,-0.898303986,289.6174316,5007615.0,9704595.0,11506447.0,0.010806281
2014-01-24 08:00:00,0.231157303,0.177177429,93768.6875,90.42315674,0.99999392,3.201282501,-0.59435463,289.0214844,5103098.0,11055699.0,11983306.0,0.0112781
2014-01-24 09:00:00,0.258215845,0.188087463,93825.125,91.33494568,1.000002861,2.772784233,-0.767887116,288.817627,5151536.0,12384002.0,12193063.0,0.011368126
2014-01-24 10:00:00,0.017014619,0.081062317,93828.3125,93.23355103,0.995417833,3.088104248,-1.541426659,288.4936523,5152700.0,13705275.0,12200537.0,0.011425834
2014-01-24 11:00:00,0.010803223,0.029922485,93889.125,94.21981812,0.841888428,2.95645237,-0.63676548,288.1181641,5152700.0,14954424.0,12200537.0,0.011433553
2014-01-24 12:00:00,0.027053833,0.000102997,93945.5,93.9528656,0.386627197,2.728248596,-0.356383324,288.0307617,5152700.0,16188727.0,12200537.0,0.011440229
2014-01-24 13:00:00,0.007583618,0.0,93948.125,92.59249878,0.36038208,2.556625366,-0.090659261,288.1982422,5152700.0,17442496.0,12200537.0,0.01144179
2014-01-24 14:00:00,0.001144409,0.0,93951.125,89.19032288,0.052398682,1.935824394,-0.107392967,287.6530762,5152700.0,18612496.0,12200537.0,0.011443697
2014-01-24 15:00:00,0.000946045,0.0,93915.6875,87.39102173,0.021118164,1.503760338,-0.89607954,286.2624512,5152700.0,19663840.0,12200537.0,0.011444245
2014-01-24 16:00:00,0.000587463,0.0,93904.6875,87.05281067,0.001678467,1.730441093,-1.145921707,285.701416,5152700.0,20704064.0,12200537.0,0.011444245
2014-01-24 17:00:00,0.000499725,0.0,93924.8125,87.06002808,0.000976563,1.930193901,-1.232344627,285.2177734,5152329.0,21728128.0,12200537.0,0.011444245
2014-01-24 18:00:00,0.001060486,0.0,93978.6875,88.21235657,0.0,1.823119164,-1.251755714,284.6298828,5152329.0,22744864.0,12200537.0,0.011444245
2014-01-24 19:00:00,0.002147675,0.0,94065.125,90.97428894,0.036804199,1.248431206,-0.32933712,284.395752,5152329.0,23780576.0,12200537.0,0.011445675
2014-01-24 20:00:00,0.004688263,0.0,94181.375,93.90341187,0.104110718,0.164438248,0.9704144,285.1140137,5238872.0,24878720.0,12348913.0,0.011445675
2014-01-24 21:00:00,0.006111145,0.0,94283.25,86.56689453,0.172592163,-1.780768394,1.712504387,286.6062012,5934231.0,25941760.0,13226897.0,0.011445675
2014-01-24 22:00:00,0.004890442,0.0,94391.625,71.43766785,0.173171997,-2.127702713,2.638940811,287.8220215,7387089.0,27046256.0,14909436.0,0.011445675
2014-01-24 23:00:00,0.000442505,0.0,94445.8125,55.43756104,0.007354736,-1.60131073,2.376635551,289.559082,9700629.0,28181440.0,17454368.0,0.011445675
2014-01-25 00:00:00,0.0,0.0,94488.125,42.72293091,0.0,-1.043732643,2.538204193,291.3666992,12724641.0,29267344.0,20682928.0,0.011445675
2014-01-25 01:00:00,6.87e-05,0.0,94417.6875,38.21780396,0.008026123,-0.895546913,2.181965828,294.0266113,3546872.0,1126705.0,3749566.0,0.0
2014-01-25 02:00:00,0.000267029,0.0,94445.6875,30.70085144,0.009002686,-1.499355316,2.597893715,295.6022949,7396275.0,2249667.0,7801366.0,0.0
2014-01-25 03:00:00,0.000415802,0.0,94437.1875,25.42320251,0.017456055,-1.914482117,2.795633316,296.5852051,11313061.0,3397880.0,11933589.0,0.0
2014-01-25 04:00:00,0.000505447,0.0,94427.875,23.61117554,0.04548645,-2.125007629,2.618022919,297.0163574,15022564.0,4531061.0,15876227.0,0.0
2014-01-25 05:00:00,0.003253937,0.0,94443.5,22.7722168,0.082717896,-2.084524155,2.602070808,297.1140137,18296528.0,5666729.0,19402384.0,0.0
2014-01-25 06:00:00,0.005401611,0.000130773,94448.1875,22.72096252,0.291549683,-1.999858856,2.901670456,296.8847656,20951104.0,6804337.0,22327552.0,0.0
2014-01-25 07:00:00,0.00399971,0.0,94475.9375,22.34877014,0.188705444,-2.061153412,3.029840469,296.2731934,22636208.0,7999480.0,24310832.0,0.0
2014-01-25 08:00:00,0.0229702,8.77e-05,94545.8125,23.25331116,0.394424439,-2.383318901,3.371330261,295.3115234,23616272.0,9161203.0,25551664.0,0.0
2014-01-25 09:00:00,0.003993988,0.000264585,94689.8125,36.15701294,0.241088867,-4.319026947,1.887784958,292.2004395,23876896.0,10356450.0,25977728.0,0.0
2014-01-25 10:00:00,0.000228882,4.49e-05,94858.5,53.77867126,0.048309326,-5.272404671,0.839536369,288.6057129,23882512.0,11445143.0,25989440.0,0.0
2014-01-25 11:00:00,0.000354767,0.0,94975.5,67.81434631,0.004333496,-4.355181694,0.53493166,286.739502,23882512.0,12493166.0,25989440.0,0.0
2014-01-25 12:00:00,0.000423431,0.0,95079.75,68.52420044,0.029998779,-3.264650345,0.008652687,285.904541,23882512.0,13530924.0,25989440.0,0.0
2014-01-25 13:00:00,0.000537872,0.0,95124.625,65.99356079,0.007354736,-3.345392227,-0.023409843,285.3093262,23882512.0,14559943.0,25989440.0,0.0
2014-01-25 14:00:00,0.000488281,0.0,95161.25,63.71586609,0.022064209,-3.496408463,0.217420578,284.7675781,23882512.0,15580397.0,25989440.0,0.0
2014-01-25 15:00:00,0.0001297,0.0,95165.625,62.44291687,0.002685547,-3.319272995,0.369325638,284.1879883,23882512.0,16590498.0,25989440.0,0.0
2014-01-25 16:00:00,0.0,0.0,95142.0625,62.06291199,0.0,-2.579129219,0.534009934,283.5712891,23882512.0,17591296.0,25989440.0,0.0
2014-01-25 17:00:00,0.0,0.0,95135.4375,61.95881653,0.0,-2.092411995,0.834124565,283.034668,23882512.0,18587392.0,25989440.0,0.0
2014-01-25 18:00:00,0.0,0.0,95150.875,61.81555176,0.002685547,-1.843118668,0.925617218,282.4975586,23882512.0,19571824.0,25989440.0,0.0
2014-01-25 19:00:00,0.0,0.0,95187.0625,62.04985046,0.0,-1.721130371,0.991630554,282.0605469,23882512.0,20552560.0,25989440.0,0.0
2014-01-25 20:00:00,0.0,0.0,95223.125,62.29414368,0.0,-1.410340309,1.155221939,282.885498,23966608.0,21529344.0,26135152.0,0.0
2014-01-25 21:00:00,0.0,0.0,95251.9375,57.88774109,0.0,-2.314418793,1.404354095,284.7802734,24688848.0,22544000.0,27040992.0,0.0
2014-01-25 22:00:00,0.0,0.0,95292.3125,51.05455017,0.0,-2.609229088,0.922326088,286.9731445,26225520.0,23585248.0,28809472.0,0.0
2014-01-25 23:00:00,0.0,0.0,95303.1875,44.57354736,0.0,-2.470075607,0.43752861,289.1186523,28553328.0,24654848.0,31386720.0,0.0
2014-01-26 00:00:00,0.0,0.0,95291.4375,39.89610291,0.0,-2.249563217,0.114700317,291.1335449,31566128.0,25750512.0,34649456.0,0.0
2014-01-26 01:00:00,0.0,0.0,95284.0,44.41220093,0.0,-2.331600189,-0.856748581,292.9562988,3518432.0,1133994.0,3778242.0,0.0
2014-01-26 02:00:00,0.00038147,0.0,95226.9375,40.38786316,0.01739502,-2.040963173,-0.723898888,294.4868164,7332317.0,2292939.0,7854594.0,0.0
2014-01-26 03:00:00,0.000572205,0.0,95183.6875,38.19628906,0.013702393,-1.900863647,-0.48055172,295.6464844,11200419.0,3465640.0,11992134.0,0.0
2014-01-26 04:00:00,0.000343323,0.0,95161.625,36.66366577,0.023376465,-2.03608799,-0.393862724,296.5163574,14885227.0,4654361.0,15953985.0,0.0
2014-01-26 05:00:00,0.000228882,0.0,95135.5,35.62142944,0.023376465,-2.281774521,-0.64423275,297.0324707,18160880.0,5849038.0,19515584.0,0.0
2014-01-26 06:00:00,0.0,0.0,95096.3125,35.89221191,0.0,-2.639968872,-1.052969933,297.0500488,20836000.0,7035665.0,22479104.0,0.0
2014-01-26 07:00:00,0.0,0.0,95086.375,37.13955688,0.0,-3.079027176,-1.650736809,296.4970703,22764080.0,8200577.0,24684800.0,0.0
2014-01-26 08:00:00,0.0,0.0,95111.9375,39.29594421,0.0,-3.488336563,-2.351793289,295.2470703,23874720.0,9347625.0,26039120.0,0.0
2014-01-26 09:00:00,0.0,0.0,95171.4375,43.16090393,0.0,-3.324996948,-2.365980148,293.1989746,24217264.0,10468829.0,26536384.0,0.0
2014-01-26 10:00:00,0.0,0.0,95256.375,49.33772278,0.0,-3.619599342,-2.084970474,291.2617188,24222640.0,11575141.0,26547648.0,0.0
2014-01-26 11:00:00,0.0,0.0,95325.625,57.14161682,0.0,-3.362436295,-1.524765015,289.6884766,24222640.0,12664479.0,26547648.0,0.0
2014-01-26 12:00:00,0.0,0.0,95355.75,63.35293579,0.0,-2.665660858,-0.740599632,288.3884277,24222640.0,13736570.0,26547648.0,0.0
2014-01-26 13:00:00,0.0,0.0,95339.6875,67.63090515,0.007354736,-2.276356697,-0.322281838,287.2626953,24222640.0,14795642.0,26547648.0,0.0
2014-01-26 14:00:00,0.000260353,0.0,95328.3125,71.11831665,0.018066406,-1.956677437,-0.053051949,286.1293945,24222640.0,15841650.0,26547648.0,0.0
2014-01-26 15:00:00,0.000641823,0.0,95327.0625,73.77838135,0.003616333,-1.907567978,0.205694199,284.9316406,24222640.0,16872912.0,26547648.0,0.0
2014-01-26 16:00:00,0.000973701,0.0,95314.1875,75.53533936,0.020385742,-2.013156891,0.451203346,284.2595215,24222640.0,17901424.0,26547648.0,0.0
2014-01-26 17:00:00,0.000724792,0.0,95292.25,77.50117493,0.005279541,-1.769334793,0.996229172,283.8515625,24222640.0,18911184.0,26547648.0,0.0
2014-01-26 18:00:00,0.00043869,0.0,95282.75,79.65379333,0.012939453,-1.353820801,1.50767231,283.5375977,24222640.0,19928992.0,26547648.0,0.0
2014-01-26 19:00:00,0.00030899,0.0,95305.875,81.94213867,0.007492065,-1.047235489,1.767140388,283.3825684,24222640.0,20926208.0,26547648.0,0.0
2014-01-26 20:00:00,4.67e-05,0.0,95322.25,82.8432312,0.000961304,-0.756466866,1.270946503,284.0380859,24303504.0,21924160.0,26685072.0,0.0
2014-01-26 21:00:00,0.0,0.0,95339.1875,73.01843262,0.003608704,-1.267095566,0.539640427,286.8823242,25023616.0,22989120.0,27575504.0,0.0
2014-01-26 22:00:00,0.0,0.0,95367.9375,62.63398743,0.0,-1.22990799,-0.524635315,289.0559082,26565248.0,24066624.0,29327616.0,0.0
2014-01-26 23:00:00,0.0,0.0,95369.5,53.17526245,0.0,-0.883547783,-0.915982246,291.4177246,28903760.0,25175632.0,31889952.0,0.0
2014-01-27 00:00:00,0.0,0.0,95346.25,44.7984314,0.0,-0.463101387,-1.450302124,293.7746582,31927568.0,26314672.0,35138592.0,0.0
2014-01-27 01:00:00,0.0,0.0,95257.6875,35.47009277,0.0,-0.194077492,-1.803422928,295.9543457,3543148.0,1159688.0,3759352.0,0.0
2014-01-27 02:00:00,0.0,0.0,95192.625,29.80213928,0.0,-0.02126503,-1.650042534,297.8461914,7389012.0,2335483.0,7816765.0,0.0
2014-01-27 03:00:00,0.0,0.0,95130.0,26.33282471,0.0,-0.029351234,-1.540770531,299.3222656,11297799.0,3524996.0,11938015.0,0.0
2014-01-27 04:00:00,0.0,0.0,95045.625,24.27990723,0.0,-0.129234314,-1.553009987,300.3862305,15025703.0,4718373.0,15884079.0,0.0
2014-01-27 05:00:00,0.0,0.0,94988.375,22.74455261,0.0,-0.266293526,-1.437047005,301.0463867,18341472.0,5913254.0,19428464.0,0.0
2014-01-27 06:00:00,0.0,0.0,94924.875,21.85656738,0.0,-0.5001297,-1.198929787,301.2624512,21043536.0,7107004.0,22374464.0,0.0
2014-01-27 07:00:00,0.0,0.0,94914.6875,21.1129303,0.0,-0.770083427,-1.068182945,301.1115723,22989312.0,8293444.0,24567296.0,0.0
2014-01-27 08:00:00,0.0,0.0,94907.1875,21.2625885,0.0,-0.983107567,-1.046748161,300.4448242,24108512.0,9464108.0,25912000.0,0.0
2014-01-27 09:00:00,0.0,0.0,94943.5,24.82241821,0.0,-2.035242081,-1.327615738,296.8442383,24448768.0,10612714.0,26401504.0,0.0
2014-01-27 10:00:00,0.0,0.0,94961.6875,27.85900879,0.0,-2.550304413,-1.057201385,294.5,24453696.0,11760695.0,26411872.0,0.0
2014-01-27 11:00:00,0.0,0.0,95028.0,36.87947083,0.0,-2.922468185,-1.545572281,294.317627,24453696.0,12925063.0,26411872.0,0.0
2014-01-27 12:00:00,0.0,0.0,95049.8125,50.33892822,0.0,-2.381814957,-1.450667381,292.5812988,24453696.0,14076648.0,26411872.0,0.0
2014-01-27 13:00:00,0.0,0.0,95008.8125,55.97468567,0.0,-2.103974342,-0.714121819,290.6408691,24453696.0,15197645.0,26411872.0,0.0
2014-01-27 14:00:00,0.0,0.0,95001.3125,60.52806091,0.0,-1.485273361,0.733398438,289.8840332,24453696.0,16296103.0,26411872.0,0.0
2014-01-27 15:00:00,0.0,0.0,94987.1875,65.32427979,0.0,-0.197928429,1.566087723,289.0671387,24453696.0,17384192.0,26411872.0,0.0
2014-01-27 16:00:00,0.0,0.0,94976.1875,69.79437256,0.0,-0.619031906,1.680018425,288.5622559,24453696.0,18464432.0,26411872.0,0.0
2014-01-27 17:00:00,0.0,0.0,94961.5,74.71788025,0.0,-1.342169762,1.228322983,287.8088379,24453696.0,19535024.0,26411872.0,0.0
2014-01-27 18:00:00,0.000155449,0.0,94952.6875,79.32478333,0.0,-1.628526688,0.854589462,287.0424805,24453696.0,20597808.0,26411872.0,0.0
2014-01-27 19:00:00,0.000310898,0.0,94962.1875,83.01342773,0.006362915,-1.559755325,0.658386231,286.8361816,24453696.0,21653664.0,26411872.0,0.0
2014-01-27 20:00:00,0.000531197,0.0,94964.5625,85.32243347,0.001678467,-1.181007385,0.53163147,286.5683594,24528896.0,22713472.0,26541536.0,0.0
2014-01-27 21:00:00,0.000440478,0.0,94982.0,77.60227966,0.000965118,-0.547626495,0.279848099,289.5427246,25232032.0,23840416.0,27421056.0,0.0
2014-01-27 22:00:00,0.0,0.0,95006.5625,66.54052734,0.0,-0.164451599,-0.021987915,292.2419434,26743568.0,25005088.0,29164688.0,0.0
2014-01-27 23:00:00,0.0,0.0,94990.5,57.22425842,0.0,0.328416824,-0.842933655,294.9008789,29045824.0,26205824.0,31722224.0,0.0
2014-01-28 00:00:00,0.0,0.0,94940.75,47.27159119,0.0,0.960888863,-1.902675629,297.6774902,32028224.0,27436416.0,34970336.0,0.0
2014-01-28 01:00:00,0.0,0.0,94927.875,37.40351868,0.0,1.812954903,-2.085441589,300.487793,3497081.0,1261345.0,3761610.0,0.0
2014-01-28 02:00:00,0.0,0.0,94839.875,31.7706604,0.0,2.001180649,-2.122901917,302.0734863,7293434.0,2544826.0,7823601.0,0.0
2014-01-28 03:00:00,0.0,0.0,94737.9375,27.99276733,0.0,1.939490318,-2.223871231,303.2006836,11150625.0,3838542.0,11951062.0,0.0
2014-01-28 04:00:00,0.0,0.0,94656.375,25.16267395,0.0,1.835076332,-2.385287285,303.9853516,14829376.0,5133615.0,15903615.0,0.0
2014-01-28 05:00:00,0.0,0.0,94580.5,23.31866455,0.0,1.92039299,-2.568756104,304.3999023,18104224.0,6419556.0,19452688.0,0.0
2014-01-28 06:00:00,0.0,0.0,94529.5,21.91859436,0.0,2.247102737,-2.557299614,304.3894043,20778000.0,7690599.0,22400048.0,0.0
2014-01-28 07:00:00,0.0,0.0,94502.125,21.08091736,0.0,2.541506767,-2.35914135,303.907959,22705328.0,8943757.0,24591024.0,0.0
2014-01-28 08:00:00,0.0,0.0,94513.0,21.78842163,0.0,2.636444092,-1.666093826,302.7685547,23813008.0,10174412.0,25930752.0,0.0
2014-01-28 09:00:00,0.0,0.0,94551.875,27.26190186,0.0,2.088191986,-0.434862137,299.2023926,24146144.0,11375666.0,26413056.0,0.0
2014-01-28 10:00:00,0.0,0.0,94583.0625,33.24653625,0.0,2.641765594,0.675818443,296.1791992,24150544.0,12569578.0,26422112.0,0.0
2014-01-28 11:00:00,0.0,0.0,94620.125,36.51989746,0.0,2.196087837,1.555221558,294.6550293,24150544.0,13762202.0,26422112.0,0.0
2014-01-28 12:00:00,0.0,0.0,94643.0625,38.27030945,0.0,1.863249779,1.94174099,293.7587891,24150544.0,14942941.0,26422112.0,0.0
2014-01-28 13:00:00,0.0,0.0,94635.875,42.44523621,0.0,-0.398544312,0.468216896,292.7790527,24150544.0,16117069.0,26422112.0,0.0
2014-01-28 14:00:00,0.0,0.0,94588.8125,49.76667786,0.0,-0.81811142,-1.295215607,291.65625,24150544.0,17280928.0,26422112.0,0.0
2014-01-28 15:00:00,0.0,0.0,94554.6875,53.12980652,0.0,-0.161719322,-2.082130432,291.0603027,24150544.0,18423584.0,26422112.0,0.0
2014-01-28 16:00:00,0.0,0.0,94527.3125,54.20620728,0.0,0.588633537,-1.805545807,290.609375,24150544.0,19551072.0,26422112.0,0.0
2014-01-28 17:00:00,0.0,0.0,94544.375,55.34757996,0.0,1.103616714,0.024607658,291.0505371,24150544.0,20676064.0,26422112.0,0.0
2014-01-28 18:00:00,0.0,0.0,94575.3125,56.98156738,0.0,1.702729225,-0.115869522,288.9848633,24150544.0,21806672.0,26422112.0,0.0
2014-01-28 19:00:00,0.0,0.0,94612.6875,57.78479004,0.0,1.605306625,-0.75545311,288.9155273,24150544.0,22936320.0,26422112.0,0.0
2014-01-28 20:00:00,0.0,0.0,94672.75,59.49151611,0.0,0.359816551,-0.584819794,289.3208008,24218688.0,24069744.0,26544992.0,0.0
2014-01-28 21:00:00,0.0,0.0,94714.0,54.84596252,0.0,0.359651566,-0.520524025,293.0629883,24898464.0,25268736.0,27414848.0,0.0
2014-01-28 22:00:00,0.0,0.0,94741.125,42.88131714,0.0,0.898765564,-0.797681809,297.1894531,26380752.0,26505600.0,29152336.0,0.0
2014-01-28 23:00:00,0.0,0.0,94724.875,34.06202698,0.0,2.270645142,-1.219801903,300.7709961,28646848.0,27781344.0,31705888.0,0.0
2014-01-29 00:00:00,0.0,0.0,94690.1875,28.6103363,0.0,3.406546593,-1.147807121,303.4140625,31587888.0,29089712.0,34952240.0,0.0
2014-01-29 01:00:00,0.0,0.0,94683.625,24.57421875,0.0,3.522982597,-0.614816666,305.1450195,3447788.0,1338324.0,3763841.0,0.0
2014-01-29 02:00:00,0.0,0.0,94609.1875,21.71107483,0.0,2.617847443,-0.354449272,306.6604004,7192004.0,2708673.0,7830075.0,0.0
2014-01-29 03:00:00,0.0,0.0,94530.375,20.30949402,0.0,1.047168732,-0.462656975,307.5578613,10998895.0,4101920.0,11962701.0,0.0
2014-01-29 04:00:00,7.06e-05,1.14e-05,94457.4375,19.63011169,0.001922607,-0.311090469,-0.689369202,308.0664062,14630527.0,5501501.0,15922098.0,0.0
2014-01-29 05:00:00,0.004333496,0.000244141,94422.25,17.67468262,0.102340698,-0.710170746,-1.066832542,308.4138184,17855520.0,6887031.0,19477808.0,0.0
2014-01-29 06:00:00,0.038921356,0.001831055,94428.125,20.71652222,0.516906738,-3.016444206,-0.620117188,307.963623,20456656.0,8274325.0,22418240.0,0.0
2014-01-29 07:00:00,0.034801483,0.003789902,94477.9375,34.35803223,0.469924927,-6.027702332,0.090676308,303.5578613,21910912.0,9640826.0,24245952.0,0.0
2014-01-29 08:00:00,0.011302948,0.000426769,94586.375,46.24520874,0.16607666,-5.943904877,1.564887047,299.2663574,22610720.0,11012869.0,25229840.0,0.0
2014-01-29 09:00:00,0.004484177,8.31e-05,94731.8125,49.97912598,0.048706055,-4.044113159,2.315982819,296.3430176,22873072.0,12315758.0,25646464.0,0.0
2014-01-29 10:00:00,0.001644135,6.1e-05,94840.125,54.28677368,0.039794922,-3.234654427,1.810620308,294.1835938,22876192.0,13568234.0,25654016.0,0.0
2014-01-29 11:00:00,0.001399994,7.13e-05,94933.125,58.19995117,0.030731201,-2.966671944,1.316521645,292.6169434,22876192.0,14776116.0,25654016.0,0.0
2014-01-29 12:00:00,0.002246857,1.62e-05,94968.875,62.39494324,0.048065186,-2.502690315,1.542361259,291.5710449,22876192.0,15965656.0,25654016.0,0.0
2014-01-29 13:00:00,0.003341675,0.0,94951.5,67.12472534,0.052703857,-2.364309311,1.58482933,290.8325195,22876192.0,17143328.0,25654016.0,0.0
2014-01-29 14:00:00,0.004562378,0.0,94933.25,69.7563324,0.038604736,-1.872314453,1.392332077,290.2387695,22876192.0,18322720.0,25654016.0,0.0
2014-01-29 15:00:00,0.006439209,0.0,94896.8125,70.41700745,0.093902588,-1.849848747,1.201597214,289.7180176,22876192.0,19488096.0,25654016.0,0.0
2014-01-29 16:00:00,0.008571625,0.0,94868.8125,71.62994385,0.103851318,-1.819849014,0.951874733,289.2714844,22876192.0,20657008.0,25654016.0,0.0
2014-01-29 17:00:00,0.008533478,0.0,94849.875,73.83175659,0.108886719,-1.748332024,0.845332146,288.9460449,22876192.0,21830496.0,25654016.0,0.0
2014-01-29 18:00:00,0.007038116,0.0,94852.875,75.76785278,0.113128662,-1.429858208,0.9839077,288.7946777,22876192.0,23033520.0,25654016.0,0.0
2014-01-29 19:00:00,0.006450653,0.0,94867.375,77.07913208,0.119293213,-1.08876133,1.224665642,288.270752,22876192.0,24206192.0,25654016.0,0.0
2014-01-29 20:00:00,0.008544922,0.0,94902.4375,76.78285217,0.118896484,-0.50625515,1.176737785,289.3173828,22932640.0,25401760.0,25766864.0,0.0
2014-01-29 21:00:00,0.007162094,0.0,94920.75,73.85868835,0.095016479,-0.901644707,1.07335186,291.0146484,23536704.0,26622224.0,26591472.0,0.0
2014-01-29 22:00:00,0.003188133,0.0,94932.75,65.11364746,0.050033569,-0.994936943,0.362661362,293.2521973,24934000.0,27901648.0,28288480.0,0.0
2014-01-29 23:00:00,0.000777006,0.0,94925.6875,54.91300964,0.042709351,-0.904582977,-0.085125923,295.9572754,27157104.0,29168192.0,30836592.0,0.0
2014-01-30 00:00:00,0.000516176,0.0,94902.0625,44.4019165,0.01914978,-0.683241844,-0.500972748,298.8774414,30060384.0,30469696.0,34082320.0,0.0
2014-01-30 01:00:00,0.0,0.0,94809.5625,29.67796326,0.0,-0.047394753,-1.412906647,301.8078613,3426118.0,1317905.0,3759347.0,0.0
2014-01-30 02:00:00,2.29e-05,0.0,94727.125,21.3835144,0.0,0.505535126,-1.918814659,304.3198242,7154632.0,2649193.0,7821494.0,0.0
2014-01-30 03:00:00,4.77e-05,0.0,94650.375,18.82556152,0.002685547,0.685632706,-1.875778198,306.0957031,10949735.0,3992393.0,11951176.0,0.0
2014-01-30 04:00:00,0.000408173,2.86e-05,94558.375,18.80513,0.005569458,0.645385742,-1.709337234,307.2617188,14569580.0,5348587.0,15908399.0,0.0
2014-01-30 05:00:00,0.001747131,6.87e-05,94486.125,18.71566772,0.009872437,0.644777298,-1.628321648,307.8996582,17766448.0,6710634.0,19446224.0,0.0
2014-01-30 06:00:00,0.004676819,0.000230789,94437.4375,18.08145142,0.043731689,0.527484894,-1.616285324,308.0842285,20368896.0,8075959.0,22382800.0,0.0
2014-01-30 07:00:00,0.011627197,0.005313873,94424.625,17.20426941,0.093185425,0.424677849,-1.48316288,307.6616211,22064544.0,9425130.0,24412880.0,0.0
2014-01-30 08:00:00,0.011013031,0.001550674,94431.125,16.65020752,0.184738159,0.394889832,-0.786852837,306.7058105,23058416.0,10772088.0,25678192.0,0.0
2014-01-30 09:00:00,0.005283356,0.000431061,94463.625,20.4519043,0.126296997,0.783100128,-1.073093414,304.763916,23347088.0,12074548.0,26127392.0,0.0
2014-01-30 10:00:00,0.004066467,0.000128746,94496.1875,25.25239563,0.098831177,0.435150147,-1.256924629,300.5634766,23350096.0,13416303.0,26134032.0,0.0
2014-01-30 11:00:00,6.48e-05,3.05e-05,94553.8125,27.90744019,0.0,-1.201482773,-2.00869751,299.5720215,23350096.0,14773446.0,26134032.0,0.0
2014-01-30 12:00:00,0.000228882,0.0,94551.125,27.92466736,0.0,-0.777002335,-2.283935547,297.3996582,23350096.0,16025549.0,26134032.0,0.0
2014-01-30 13:00:00,0.000228882,0.0,94527.6875,28.22393799,0.005355835,0.111431122,-2.360836983,296.5319824,23350096.0,17266448.0,26134032.0,0.0
2014-01-30 14:00:00,0.000179291,0.0,94498.75,29.9393158,0.016067505,1.089134216,-1.617098808,295.7165527,23350096.0,18498464.0,26134032.0,0.0
2014-01-30 15:00:00,0.0,0.0,94490.75,32.62771606,0.0,1.526457787,-0.516016007,295.795166,23350096.0,19716720.0,26134032.0,0.0
2014-01-30 16:00:00,0.0,0.0,94443.75,35.61566162,0.0,0.872541428,-0.614274025,295.8984375,23350096.0,20923840.0,26134032.0,0.0
2014-01-30 17:00:00,0.0,0.0,94420.0625,37.88215637,0.0,0.765051842,-0.678236008,295.2104492,23350096.0,22125488.0,26134032.0,0.0
2014-01-30 18:00:00,0.0,0.0,94406.5625,40.0868988,0.0,0.600571632,-0.511598587,294.420166,23350096.0,23322304.0,26134032.0,0.0
2014-01-30 19:00:00,0.0,0.0,94428.125,43.71903992,0.0,0.673174858,-0.527310371,293.3388672,23350096.0,24515168.0,26134032.0,0.0
2014-01-30 20:00:00,0.0,0.0,94469.3125,48.3568573,0.0,0.54764843,-0.774703026,291.6655273,23406768.0,25707632.0,26242960.0,0.0
2014-01-30 21:00:00,0.0,0.0,94510.0,45.93663025,0.0,0.595540047,-0.759950638,295.2932129,24053616.0,26958304.0,27089248.0,0.0
2014-01-30 22:00:00,0.0,0.0,94534.4375,34.40174866,0.0,1.078255653,-1.226971626,299.223877,25494896.0,28237264.0,28806976.0,0.0
2014-01-30 23:00:00,0.0,0.0,94550.0,24.95376587,0.0,2.223443031,-1.437245369,302.5932617,27714480.0,29551776.0,31344816.0,0.0
2014-01-31 00:00:00,0.000365257,0.000297546,94519.8125,21.00611877,0.0,2.62901783,-1.410353661,305.1501465,30608544.0,30900560.0,34580432.0,0.0
2014-01-31 01:00:00,0.004932404,0.005626678,94414.5625,18.13023376,0.103057861,3.363635063,-1.001160622,307.1982422,3404234.0,1372532.0,3755724.0,0.0
2014-01-31 02:00:00,0.034130096,0.027755737,94360.625,17.56777954,0.363922119,2.85921669,-0.06943512,308.3920898,7093276.0,2773425.0,7816093.0,0.0
2014-01-31 03:00:00,0.039932251,0.04712677,94317.375,16.35746765,0.429290772,2.068551064,0.467717171,308.5522461,10149309.0,4187439.0,11365151.0,0.0
2014-01-31 04:00:00,0.031177521,0.035820007,94277.3125,15.72949409,0.424667358,1.801527977,1.106612206,308.5407715,12831754.0,5656808.0,14593640.0,0.0
2014-01-31 05:00:00,0.022773743,0.022159576,94277.0625,16.82502747,0.375259399,1.180035591,2.247390747,308.6965332,15566157.0,7122009.0,17766928.0,0.0
2014-01-31 06:00:00,0.026977539,0.00818634,94257.6875,15.046031,0.357467651,0.41259861,2.527537346,308.3134766,17836752.0,8551675.0,20461984.0,0.0
2014-01-31 07:00:00,0.012996674,0.006099701,94257.6875,18.24980164,0.432571411,-0.834150314,2.493078232,307.5349121,19357216.0,9944640.0,22375120.0,0.0
2014-01-31 08:00:00,0.001289368,0.000850677,94271.25,23.10806274,0.141967773,-2.84117794,0.68806839,305.4450684,20147584.0,11343164.0,23469024.0,0.0
2014-01-31 09:00:00,0.0013237,0.000465631,94320.5,35.0196991,0.091308594,-3.845125198,0.088290215,302.4140625,20444256.0,12670827.0,23933168.0,0.0
2014-01-31 10:00:00,0.004803658,0.000289917,94383.4375,49.82695007,0.035018921,-3.007990837,0.328484535,299.7253418,20446544.0,14003523.0,23938064.0,0.0
2014-01-31 11:00:00,0.003181458,0.000136971,94454.4375,58.49636841,0.022064209,-2.933289528,0.862260819,297.6994629,20446544.0,15305447.0,23938064.0,0.0
2014-01-31 12:00:00,0.002243042,5.94e-05,94537.125,64.20562744,0.041656494,-2.755993843,0.393486977,296.0581055,20446544.0,16594978.0,23938064.0,0.0
2014-01-31 13:00:00,0.001449585,2.05e-05,94565.0625,68.03964233,0.032287598,-2.686008453,0.513942719,294.6030273,20446544.0,17871584.0,23938064.0,0.0
2014-01-31 14:00:00,0.001106262,0.0,94571.375,66.565979,0.017333984,-2.505030632,0.922624588,293.4279785,20446544.0,19117424.0,23938064.0,0.0
2014-01-31 15:00:00,0.000934601,0.0,94557.5625,63.44512939,0.013366699,-2.110368729,1.260975838,292.6455078,20446544.0,20343552.0,23938064.0,0.0
2014-01-31 16:00:00,0.000667572,0.0,94521.8125,60.92481995,0.0,-1.732775688,1.161048889,291.9572754,20446544.0,21555120.0,23938064.0,0.0
2014-01-31 17:00:00,0.000423431,0.0,94497.0,58.97021484,0.0,-1.478144646,1.036165237,291.1811523,20446544.0,22755840.0,23938064.0,0.0
2014-01-31 18:00:00,0.000358582,0.0,94489.3125,58.20480347,0.008331299,-1.405197144,1.149580002,290.6474609,20446544.0,23948752.0,23938064.0,0.0
2014-01-31 19:00:00,0.000228882,0.0,94497.75,58.65740967,0.008331299,-1.442258835,1.243151665,290.1936035,20446544.0,25133984.0,23938064.0,0.0
2014-01-31 20:00:00,0.000228882,0.0,94523.375,59.56513977,0.0,-1.103388786,0.954381943,290.907959,20499296.0,26313968.0,24040544.0,0.0
2014-01-31 21:00:00,0.0,0.0,94525.625,53.6078186,0.0,-1.682812691,1.028972626,293.2763672,21131440.0,27535744.0,24873280.0,0.0
2014-01-31 22:00:00,0.0,0.0,94540.9375,46.11004639,0.0,-1.797463417,0.686971664,295.8955078,22561536.0,28784960.0,26577712.0,0.0
2014-01-31 23:00:00,0.0,0.0,94533.5,39.53443909,0.0,-1.704165459,0.241825104,298.798584,24776912.0,30070928.0,29102400.0,0.0
2014-02-01 00:00:00,0.0,0.0,94487.25,33.61541748,0.0,-1.460406303,-0.307276726,301.5930176,27672352.0,31397440.0,32323120.0,0.0
2014-02-01 01:00:00,0.0,0.0,94453.1875,30.75456238,0.0,-0.787423134,-1.203151703,302.9267578,3406020.0,1350292.0,3742394.0,0.0
2014-02-01 02:00:00,0.000305176,0.0,94381.875,24.06707764,0.0,0.021074295,-1.690767288,305.3271484,7115676.0,2722763.0,7789014.0,0.0
2014-02-01 03:00:00,0.00242424,0.0,94288.8125,20.71224976,0.012619019,0.686779022,-1.716919899,306.9665527,10892956.0,4105452.0,11902351.0,0.0
2014-02-01 04:00:00,0.004377365,0.0,94187.625,19.27592468,0.091430664,0.751758575,-2.000400543,308.057373,14477570.0,5497644.0,15832791.0,0.0
2014-02-01 05:00:00,0.004581451,1.62e-05,94116.4375,18.49015808,0.107421875,0.711096764,-2.179401398,308.638916,17583968.0,6891442.0,19310096.0,0.0
2014-02-01 06:00:00,0.010650635,0.000135422,94056.25,18.0997467,0.285476685,0.420799255,-2.149363518,308.7297363,20005744.0,8311340.0,22097888.0,0.0
2014-02-01 07:00:00,0.021976471,0.000642538,94037.625,16.87341309,0.529602051,-0.138491631,-2.31356144,308.2836914,21479296.0,9767595.0,23912576.0,0.0
2014-02-01 08:00:00,0.017215729,0.000224888,94032.875,16.72857666,0.623718262,-0.914751053,-1.886993408,307.1933594,22236544.0,11209897.0,24945200.0,0.0
2014-02-01 09:00:00,0.007639885,0.0,94110.25,30.95877075,0.203872681,-3.76855278,-1.185931206,303.1005859,22497872.0,12573019.0,25357040.0,0.0
2014-02-01 10:00:00,0.001058578,0.0,94221.1875,50.56311035,0.020675659,-4.165765762,-0.616650581,299.5578613,22499696.0,13918170.0,25361488.0,0.0
2014-02-01 11:00:00,0.001117706,0.0,94308.5,59.00689697,0.008285522,-2.522953033,-0.211128235,297.4768066,22499696.0,15226382.0,25361488.0,0.0
2014-02-01 12:00:00,0.000669479,0.0,94359.8125,61.55618286,0.010726929,-1.587857246,0.937028885,296.1181641,22499696.0,16510617.0,25361488.0,0.0
2014-02-01 13:00:00,0.000293732,0.0,94373.625,65.25567627,0.014694214,-1.309825897,1.290046692,295.0429688,22499696.0,17776832.0,25361488.0,0.0
2014-02-01 14:00:00,0.0,0.0,94380.0625,68.07952881,0.0,-1.011789322,1.39637661,294.0705566,22499696.0,19031952.0,25361488.0,0.0
2014-02-01 15:00:00,0.0,0.0,94364.8125,71.1494751,0.004684448,-0.856834412,1.505615234,293.2062988,22499696.0,20279184.0,25361488.0,0.0
2014-02-01 16:00:00,0.0,0.0,94355.3125,74.10569763,0.0,-0.856096268,1.583707809,292.5627441,22499696.0,21517456.0,25361488.0,0.0
2014-02-01 17:00:00,0.0,0.0,94332.0,76.78883362,0.0,-1.059656143,1.445915222,292.0290527,22499696.0,22751568.0,25361488.0,0.0
2014-02-01 18:00:00,0.0,0.0,94340.1875,78.76052856,0.0,-1.242537498,1.446805,291.3837891,22499696.0,23970160.0,25361488.0,0.0
2014-02-01 19:00:00,0.0,0.0,94371.125,79.8430481,0.0,-1.084482193,1.677381516,290.8515625,22499696.0,25178960.0,25361488.0,0.0
2014-02-01 20:00:00,0.0,0.0,94428.6875,80.28559875,0.0,-0.445133209,1.251914978,291.6689453,22549296.0,26384768.0,25457968.0,0.0
2014-02-01 21:00:00,0.0,0.0,94468.375,72.58914185,0.0,-1.043161392,1.264760971,294.5202637,23168784.0,27641648.0,26277424.0,0.0
2014-02-01 22:00:00,0.0,0.0,94472.3125,55.61355591,0.0,-1.358458519,0.760092735,297.6279297,24584128.0,28935184.0,27970160.0,0.0
2014-02-01 23:00:00,0.0,0.0,94457.8125,44.13899231,0.0,-1.193594933,-0.054920197,300.4921875,26787120.0,30265760.0,30484080.0,0.0
2014-02-02 00:00:00,0.0,0.0,94423.625,36.71496582,0.0,-0.557888031,-1.219420433,303.1494141,29670032.0,31634080.0,33695936.0,0.0
2014-02-02 01:00:00,0.0,0.0,94402.5,27.51945496,0.0,-1.245048523,-2.167747498,305.2075195,3393814.0,1374499.0,3734607.0,0.0
2014-02-02 02:00:00,0.0,0.0,94340.875,25.44114685,0.0,-1.220960617,-2.178286552,306.8625488,7087532.0,2776642.0,7775578.0,0.0
2014-02-02 03:00:00,0.0,0.0,94239.75,23.80647278,0.0,-1.465787888,-1.969567299,308.0290527,10843839.0,4198373.0,11886237.0,0.0
2014-02-02 04:00:00,0.0,0.0,94178.3125,22.27172852,0.0,-1.866411209,-1.733525276,308.8083496,14424801.0,5627897.0,15826029.0,0.0
2014-02-02 05:00:00,0.0,0.0,94098.0625,21.64979553,0.0,-2.521430969,-1.588646889,309.0864258,17605840.0,7055859.0,19366512.0,0.0
2014-02-02 06:00:00,0.006191254,0.0,94055.3125,21.9487915,0.159545898,-3.410709381,-1.671178818,308.8273926,20180160.0,8472272.0,22297472.0,0.0
2014-02-02 07:00:00,0.001296997,0.0,94065.0625,24.39549255,0.033477783,-4.814900398,-2.092875481,307.5219727,21907808.0,9884860.0,24353872.0,0.0
2014-02-02 08:00:00,0.001159668,0.0,94097.375,27.77084351,0.019073486,-5.625988007,-2.548701286,305.4445801,22916352.0,11262821.0,25636768.0,0.0
2014-02-02 09:00:00,0.000858307,0.0,94155.625,34.88566589,0.0,-5.287498474,-2.305095673,302.6411133,23197680.0,12604598.0,26075408.0,0.0
2014-02-02 10:00:00,0.000732422,0.0,94263.125,44.10588074,0.002685547,-4.52990818,-1.619821548,299.8679199,23198960.0,13923055.0,26077920.0,0.0
2014-02-02 11:00:00,8.87e-05,0.0,94349.25,48.23010254,0.002685547,-3.033328056,-0.623717308,297.7888184,23198960.0,15210928.0,26077920.0,0.0
2014-02-02 12:00:00,0.0,0.0,94395.5,50.57052612,0.0,-1.982051849,-0.08062458,296.0563965,23198960.0,16467827.0,26077920.0,0.0
2014-02-02 13:00:00,0.0,0.0,94393.375,52.67298889,0.0,-1.9700737,-0.01294136,294.6931152,23198960.0,17691040.0,26077920.0,0.0
2014-02-02 14:00:00,0.0,0.0,94387.4375,55.3296814,0.0,-2.10667038,0.221013069,293.5319824,23198960.0,18886560.0,26077920.0,0.0
2014-02-02 15:00:00,0.0,0.0,94383.3125,56.98124695,0.007354736,-1.940907478,0.447242737,292.4382324,23198960.0,20059936.0,26077920.0,0.0
2014-02-02 16:00:00,0.0001297,0.0,94369.1875,58.04969788,0.002655029,-1.419007301,0.895277023,290.9919434,23198960.0,21212848.0,26077920.0,0.0
2014-02-02 17:00:00,0.000286102,0.0,94373.75,58.51480103,0.0,-1.226184845,1.202440262,290.2749023,23198960.0,22354272.0,26077920.0,0.0
2014-02-02 18:00:00,0.000244141,0.0,94387.25,60.0760498,0.006378174,-1.514460564,0.881954193,289.9890137,23198960.0,23496848.0,26077920.0,0.0
2014-02-02 19:00:00,0.000179291,0.0,94419.625,62.6750946,0.007019043,-1.557224274,0.889638901,289.3378906,23198960.0,24630240.0,26077920.0,0.0
2014-02-02 20:00:00,8.39e-05,0.0,94454.625,65.04240417,0.0,-0.975663185,0.895362854,289.7358398,23245568.0,25758016.0,26168464.0,0.0
2014-02-02 21:00:00,0.000310898,0.0,94482.1875,61.21325684,0.008331299,-1.07199955,0.613010407,291.7788086,23857344.0,26933152.0,26969232.0,0.0
2014-02-02 22:00:00,0.0,0.0,94480.625,52.62333679,0.0,-0.664344788,-0.356960297,294.0217285,25277360.0,28147776.0,28647152.0,0.0
2014-02-02 23:00:00,0.0,0.0,94469.875,43.75849915,0.0,-0.006336212,-1.213650703,296.822998,27485168.0,29398688.0,31148816.0,0.0
2014-02-03 00:00:00,0.0,0.0,94425.375,34.0304718,0.0,0.656241417,-1.781614304,299.8486328,30370272.0,30686560.0,34348112.0,0.0
2014-02-03 01:00:00,0.0,0.0,94329.0625,25.39221191,0.0,1.015386581,-2.735377312,302.8835449,3402660.0,1313091.0,3721595.0,0.0
2014-02-03 02:00:00,0.0,0.0,94255.6875,21.50675964,0.011001587,1.801980019,-2.77069664,305.3811035,7104190.0,2655690.0,7750866.0,0.0
2014-02-03 03:00:00,0.0,0.0,94153.0625,19.94273376,0.0,2.651045799,-2.39527607,307.0986328,10875564.0,4014497.0,11848337.0,0.0
2014-02-03 04:00:00,0.0,0.0,94050.875,18.8490448,0.0,2.910317421,-2.207758904,308.2297363,14477133.0,5380699.0,15771341.0,0.0
2014-02-03 05:00:00,0.0,0.0,93987.6875,17.44702148,0.0,3.09021759,-2.065307617,308.8850098,17683520.0,6744832.0,19288928.0,0.0
2014-02-03 06:00:00,0.0,0.0,93947.3125,16.159729,0.0,3.616731644,-1.778753281,308.9406738,20295264.0,8095332.0,22200032.0,0.0
2014-02-03 07:00:00,0.0,0.000480652,93964.4375,16.21174622,0.277709961,3.995732307,-1.342404366,308.3125,22161552.0,9426526.0,24351376.0,0.0
2014-02-03 08:00:00,0.0,0.007804871,93975.625,18.1385498,0.567489624,3.890284538,-1.027467728,306.8840332,23200176.0,10738711.0,25638848.0,0.0
2014-02-03 09:00:00,0.000152588,0.00705719,94019.75,21.9480896,0.642242432,2.84743309,-0.506878853,304.046875,23442256.0,12051241.0,26020592.0,0.0
2014-02-03 10:00:00,0.003290176,0.000514984,94049.25,25.28918457,0.066436768,2.401481628,0.000650406,301.3891602,23442880.0,13359428.0,26021584.0,0.0
2014-02-03 11:00:00,0.011657715,0.0096035,94099.8125,27.00744629,0.264266968,2.133237839,0.859614372,299.8278809,23442880.0,14679123.0,26021584.0,0.0
2014-02-03 12:00:00,0.005512238,0.002124786,94168.5625,27.93008423,0.26473999,0.176402092,2.791139603,299.8205566,23442880.0,16024302.0,26021584.0,0.0
2014-02-03 13:00:00,4.58e-05,0.025485992,94245.625,38.56719971,0.777606845,-2.002229691,3.743919373,299.2075195,23442880.0,17365824.0,26021584.0,0.0
2014-02-03 14:00:00,0.0,0.020545959,94301.75,52.26937866,0.692929924,-2.858986855,4.073908806,297.828125,23442880.0,18709232.0,26021584.0,0.0
2014-02-03 15:00:00,0.000175476,0.002807667,94330.6875,60.13313293,0.303607404,-2.819443703,3.85344696,296.3061523,23442880.0,20021520.0,26021584.0,0.0
2014-02-03 16:00:00,0.010932922,0.028555609,94361.1875,63.73670959,0.87002039,-2.829485893,3.978604317,295.1650391,23442880.0,21308144.0,26021584.0,0.0
2014-02-03 17:00:00,0.018005371,0.089670897,94392.75,69.18414307,0.976012707,-3.632151604,2.448489189,294.0974121,23442880.0,22626976.0,26021584.0,0.0
2014-02-03 18:00:00,0.008629628,0.049938202,94450.625,71.85188293,0.833135426,-4.190594673,2.102848053,293.1796875,23442880.0,23989696.0,26021584.0,0.0
2014-02-03 19:00:00,0.005096436,0.02804184,94549.0625,71.18215942,0.959564209,-3.703123093,2.5283041,292.3056641,23442880.0,25299408.0,26021584.0,0.0
2014-02-03 20:00:00,0.006256104,0.036056519,94642.75,64.14164734,0.674072266,-3.95746994,3.223043442,291.7963867,23473216.0,26605344.0,26090960.0,0.0
2014-02-03 21:00:00,0.001525879,0.047002792,94724.0,55.99491882,0.918060303,-4.084692955,3.807388306,291.9804688,23840528.0,27909088.0,26679120.0,0.0
2014-02-03 22:00:00,0.002075195,0.014062881,94787.5,47.41163635,0.898040772,-4.384781837,4.500813484,292.8151855,24795856.0,29191888.0,27969040.0,0.0
2014-02-03 23:00:00,0.003845215,0.0,94854.0625,44.09280396,0.048095703,-4.956372261,5.038746834,294.28125,26754912.0,30448832.0,30277808.0,0.0
2014-02-04 00:00:00,0.002655029,0.0,94891.8125,45.96662903,0.034637451,-5.337731361,4.443058968,295.668457,29586752.0,31682112.0,33460272.0,0.0
2014-02-04 01:00:00,0.018676758,0.000795364,94957.5,52.89070129,0.161804199,-6.117308617,3.888414383,294.9160156,2872541.0,1294215.0,3346492.0,0.0
2014-02-04 02:00:00,0.006469727,0.0,94961.5,51.60751343,0.156524658,-6.484108925,3.488826752,295.3937988,6397666.0,2577940.0,7284131.0,0.0
2014-02-04 03:00:00,0.004684448,0.0,94944.375,50.82865906,0.097229004,-6.390975952,3.346849442,295.5270996,10105148.0,3834338.0,11376310.0,0.0
2014-02-04 04:00:00,0.007659912,0.0,94959.6875,50.98890686,0.315582275,-6.177663803,3.212527275,295.3972168,13609988.0,5110469.0,15264356.0,0.0
2014-02-04 05:00:00,0.004852295,0.0,94942.5,51.9286499,0.114593506,-6.063122749,3.374324799,294.7573242,16524878.0,6382888.0,18588048.0,0.0
2014-02-04 06:00:00,0.002700806,0.0,94943.5625,52.26994324,0.114715576,-6.029671669,3.61058712,294.0498047,19009664.0,7650543.0,21432976.0,0.0
2014-02-04 07:00:00,0.001678467,0.0,94990.125,54.35818481,0.126800537,-6.284674644,3.430501938,292.6569824,20850480.0,8837079.0,23580272.0,0.0
2014-02-04 08:00:00,0.000762939,0.0,95067.125,58.16693115,0.043670654,-6.550797462,3.084399223,290.395752,21853584.0,9974405.0,24840576.0,0.0
2014-02-04 09:00:00,0.001373291,0.0,95143.5,58.04737854,0.037567139,-6.228982925,2.779125214,288.3769531,22130272.0,11076508.0,25261440.0,0.0
2014-02-04 10:00:00,0.000892639,0.0,95224.375,56.74957275,0.042907715,-5.919672966,2.520181656,287.1669922,22130784.0,12145909.0,25261440.0,0.0
2014-02-04 11:00:00,0.000823975,0.0,95293.0,58.27398682,0.0,-5.456671715,2.623364449,286.3178711,22130784.0,13176593.0,25261440.0,0.0
2014-02-04 12:00:00,0.001159668,0.0,95332.75,63.72099304,0.024658203,-4.556121826,2.732790947,285.6105957,22130784.0,14177576.0,25261440.0,0.0
2014-02-04 13:00:00,0.006835938,0.0,95322.0,67.41970825,0.298187256,-3.183823586,2.522898674,285.0969238,22130784.0,15163263.0,25261440.0,0.0
2014-02-04 14:00:00,0.008262634,0.0,95289.25,69.56510925,0.267150879,-2.563310623,2.341101646,284.8942871,22130784.0,16178643.0,25261440.0,0.0
2014-02-04 15:00:00,0.013103485,0.0,95268.8125,70.06512451,0.43258667,-2.801049232,2.363635063,284.8669434,22130784.0,17214560.0,25261440.0,0.0
2014-02-04 16:00:00,0.011463165,0.0,95230.0625,70.14520264,0.305206299,-2.946788788,2.297896385,285.0217285,22130784.0,18296432.0,25261440.0,0.0
2014-02-04 17:00:00,0.009273529,0.0,95221.0625,71.41056824,0.247558594,-3.33067894,2.331972122,284.8232422,22130784.0,19342256.0,25261440.0,0.0
2014-02-04 18:00:00,0.010536194,0.0,95242.375,73.05665588,0.262420654,-3.178572655,2.057847023,284.5700684,22130784.0,20368064.0,25261440.0,0.0
2014-02-04 19:00:00,0.00982666,0.0,95277.6875,72.5035553,0.252563477,-2.989181519,1.807502747,284.6137695,22130784.0,21436896.0,25261440.0,0.0
2014-02-04 20:00:00,0.006557465,0.0,95315.125,72.45368958,0.261566162,-2.623116493,1.614850998,284.6733398,22170160.0,22454032.0,25338208.0,0.0
2014-02-04 21:00:00,0.035831451,0.0,95366.6875,69.12214661,0.627319336,-4.649017334,2.262933731,286.0341797,22723872.0,23489408.0,26057872.0,0.0
2014-02-04 22:00:00,0.054653168,0.0,95394.8125,62.05963135,0.877075195,-5.277705193,1.934547424,287.4282227,23666256.0,24696400.0,27296688.0,0.0
2014-02-04 23:00:00,0.029254913,0.0,95380.75,56.60783386,0.961273193,-4.997374535,1.6982584,288.9680176,25248144.0,25975056.0,29217312.0,0.0
2014-02-05 00:00:00,0.01424408,0.0,95353.0,54.59158325,0.753692627,-4.63079834,1.487135887,290.0898438,27238368.0,27240544.0,31634496.0,0.0
2014-02-05 01:00:00,0.011421204,0.0,95297.375,46.49198914,0.418762207,-4.638834953,0.936120987,292.0898438,3230163.0,1235651.0,3511371.0,0.0
2014-02-05 02:00:00,0.005378723,0.0,95236.9375,43.97117615,0.310302734,-4.689778328,0.978176117,293.1120605,6686033.0,2474290.0,7272072.0,0.0
2014-02-05 03:00:00,0.002204895,0.0,95185.375,42.21765137,0.138519287,-4.712697983,1.199141502,293.9145508,10353837.0,3730133.0,11196234.0,0.0
2014-02-05 04:00:00,0.000179291,0.0,95119.9375,41.02409363,0.003601074,-4.561260223,1.346562386,294.2924805,13928412.0,4894438.0,15018615.0,0.0
2014-02-05 05:00:00,0.000156403,0.0,95055.75,39.54736328,0.001678467,-4.414186478,1.301922798,294.4650879,17174448.0,6021184.0,18501184.0,0.0
2014-02-05 06:00:00,0.000228882,0.0,95024.8125,39.07023621,0.0,-4.531125069,1.125081062,294.2336426,19822832.0,7135008.0,21390816.0,0.0
2014-02-05 07:00:00,0.000228882,0.0,95011.875,40.79081726,0.013092041,-4.943242073,0.77929306,293.362793,21712816.0,8232423.0,23520080.0,0.0
2014-02-05 08:00:00,0.0,0.0,95013.4375,45.20838928,0.006378174,-5.516905785,0.324692726,291.7275391,22769424.0,9310504.0,24790496.0,0.0
2014-02-05 09:00:00,0.0,0.0,95066.5625,51.77262878,0.0,-5.219550133,0.253922463,289.5566406,23045632.0,10360065.0,25198656.0,0.0
2014-02-05 10:00:00,0.000274658,0.0,95128.875,57.59999084,0.0,-4.505457878,0.397601128,288.0830078,23045632.0,11406014.0,25198656.0,0.0
2014-02-05 11:00:00,0.000492096,0.0,95168.6875,63.13005066,0.013946533,-4.317723274,0.78364563,287.0285645,23045632.0,12440475.0,25198656.0,0.0
2014-02-05 12:00:00,0.000480652,0.0,95145.375,68.49224854,0.006744385,-3.579387665,0.912861824,286.1796875,23045632.0,13466748.0,25198656.0,0.0
2014-02-05 13:00:00,0.001146317,0.0,95164.4375,73.01589966,0.031082153,-2.350510597,0.456254005,285.4101562,23045632.0,14489553.0,25198656.0,0.0
2014-02-05 14:00:00,0.006828308,0.0,95120.875,76.47599792,0.456176758,-2.122787476,0.65217495,284.9038086,23045632.0,15518482.0,25198656.0,0.0
2014-02-05 15:00:00,0.019241333,0.0,95076.125,78.15296936,0.7762146,-1.810596466,1.004145622,284.9658203,23045632.0,16623972.0,25198656.0,0.0
2014-02-05 16:00:00,0.016139984,0.0,95018.125,77.35810852,0.393798828,-1.604001045,1.111962318,285.0822754,23045632.0,17770640.0,25198656.0,0.0
2014-02-05 17:00:00,0.006694794,0.0,94984.375,77.79823303,0.189575195,-0.918154717,1.350379944,284.1608887,23045632.0,18831088.0,25198656.0,0.0
2014-02-05 18:00:00,0.001228333,0.0,94968.75,77.94892883,0.047271729,-0.759797096,1.667401314,283.689209,23045632.0,19880416.0,25198656.0,0.0
2014-02-05 19:00:00,0.001659393,0.0,94985.25,78.87744141,0.090637207,-0.872677803,1.913139343,282.9619141,23045632.0,20876688.0,25198656.0,0.0
2014-02-05 20:00:00,0.004226685,0.0,95019.4375,80.0229187,0.196533203,-0.669739723,1.597080231,283.4191895,23082800.0,21878720.0,25270352.0,0.0
2014-02-05 21:00:00,0.003692627,0.0,95033.875,75.35023499,0.284973145,-1.25655365,0.598826408,286.0686035,23656832.0,22939616.0,26002592.0,0.0
2014-02-05 22:00:00,0.002559662,0.0,95026.3125,67.05587769,0.34765625,-1.46498394,-0.572978973,287.9143066,25055808.0,24018928.0,27604192.0,0.0
2014-02-05 23:00:00,0.0,0.0,94999.9375,56.94015503,0.0,-1.058855057,-0.470803261,289.9101562,27173328.0,25141776.0,29958416.0,0.0
2014-02-06 00:00:00,0.0,0.0,94939.1875,45.3447113,0.0,-0.942988396,-0.609404564,292.3725586,30108464.0,26269536.0,33105776.0,0.0
2014-02-06 01:00:00,0.0,0.0,94852.0,38.70411682,0.0,-0.9399786,-0.708792687,294.4108887,3447785.0,1158519.0,3672191.0,0.0
2014-02-06 02:00:00,0.0,0.0,94735.8125,34.25413513,0.0,-0.85355854,0.039079666,296.5078125,7199937.0,2345835.0,7653579.0,0.0
2014-02-06 03:00:00,0.0,0.0,94658.8125,31.61065674,0.0,-1.006836891,0.357094765,298.2800293,11017234.0,3549923.0,11706647.0,0.0
2014-02-06 04:00:00,0.0,0.0,94575.0625,29.45639038,0.0,-1.157496452,0.371378899,299.6018066,14652015.0,4766804.0,15588315.0,0.0
2014-02-06 05:00:00,2.29e-05,0.0,94518.25,27.96846008,0.0,-1.251438141,0.154815674,300.4370117,17866208.0,5995791.0,19069408.0,0.0
2014-02-06 06:00:00,0.000644684,0.0,94452.6875,27.26957703,0.002655029,-1.552124977,-0.318966866,300.7382812,20437152.0,7226041.0,21925168.0,0.0
2014-02-06 07:00:00,0.001754761,0.0,94449.5,26.36090088,0.051086426,-2.075761795,-0.932796478,300.5725098,22279744.0,8450066.0,24043024.0,0.0
2014-02-06 08:00:00,0.000380516,0.0,94450.75,25.03237915,0.010009766,-2.963397026,-1.657177925,299.5375977,23300768.0,9652716.0,25300928.0,0.0
2014-02-06 09:00:00,0.000112534,0.0,94511.1875,30.95573425,0.003860474,-3.996192932,-1.289433479,296.9650879,23558336.0,10827199.0,25696464.0,0.0
2014-02-06 10:00:00,0.0,0.0,94592.375,46.61380005,0.0,-4.527409554,-0.804189682,294.1318359,23558336.0,12002690.0,25696464.0,0.0
2014-02-06 11:00:00,0.0,0.0,94668.625,56.37771606,0.0,-3.22150135,0.055569649,292.1679688,23558336.0,13174216.0,25696464.0,0.0
2014-02-06 12:00:00,0.0,0.0,94719.375,60.89395142,0.0,-1.779911995,0.730765343,290.4733887,23558336.0,14310654.0,25696464.0,0.0
2014-02-06 13:00:00,0.0,0.0,94691.75,63.97384644,0.0052948,-1.33127594,1.132721901,289.2700195,23558336.0,15435217.0,25696464.0,0.0
2014-02-06 14:00:00,2.34e-05,0.0,94668.25,66.97808838,0.003646851,-1.10454464,1.351237297,288.3149414,23558336.0,16549676.0,25696464.0,0.0
2014-02-06 15:00:00,0.0,0.0,94608.75,69.46099854,0.0,-0.904828072,1.538316727,287.4460449,23558336.0,17654208.0,25696464.0,0.0
2014-02-06 16:00:00,0.0,0.0,94569.0625,71.74536133,0.0,-0.711832047,1.796229362,286.6193848,23558336.0,18747248.0,25696464.0,0.0
2014-02-06 17:00:00,0.0,0.0,94568.375,74.30909729,0.0,-0.84914875,1.931250572,285.9924316,23558336.0,19830992.0,25696464.0,0.0
2014-02-06 18:00:00,0.0,0.0,94564.9375,77.54684448,0.0,-0.907910347,1.691088676,286.1201172,23558336.0,20906224.0,25696464.0,0.0
2014-02-06 19:00:00,0.0,0.0,94586.875,80.29621887,0.0,-0.730628967,1.288125038,286.519043,23558336.0,21973616.0,25696464.0,0.0
2014-02-06 20:00:00,0.0,0.0,94630.0625,81.55075073,0.0,-0.532756805,1.041646957,286.3666992,23591952.0,23036352.0,25762896.0,0.0
2014-02-06 21:00:00,0.0,0.0,94674.9375,73.79684448,0.0,-0.293002129,0.40288353,288.6655273,24172864.0,24152160.0,26511952.0,0.0
2014-02-06 22:00:00,0.0,0.0,94700.625,60.01722717,0.0,-0.066431999,-0.070976257,291.7714844,25565120.0,25304176.0,28132464.0,0.0
2014-02-06 23:00:00,0.0,0.0,94714.5,47.43504333,0.001922607,0.303042412,-0.808382988,294.9216309,27758288.0,26491840.0,30577488.0,0.0
2014-02-07 00:00:00,0.0,3.4e-05,94690.8125,36.19325256,0.040313721,0.963669777,-1.458303452,298.1225586,30645008.0,27713552.0,33723392.0,0.0
2014-02-07 01:00:00,0.0,0.0,94609.125,29.11177063,0.0,1.629970551,-1.235880852,301.0246582,3400061.0,1267079.0,3673051.0,0.0
2014-02-07 02:00:00,0.0,0.0,94536.8125,24.84934998,0.0,1.506426811,-1.19217968,302.6877441,7111320.0,2554947.0,7654335.0,0.0
2014-02-07 03:00:00,0.0,0.0,94482.0,21.95504761,0.0,1.074806213,-1.223946571,303.7312012,10893298.0,3852684.0,11706286.0,0.0
2014-02-07 04:00:00,4.2e-05,0.0,94434.3125,20.2663269,0.0,0.652976036,-1.44937706,304.4172363,14491573.0,5155432.0,15588258.0,0.0
2014-02-07 05:00:00,0.00028801,2.1e-05,94383.5,19.83776855,0.007720947,0.480820656,-1.669951439,304.7678223,17674832.0,6455337.0,19065952.0,0.0
2014-02-07 06:00:00,0.000980377,8.58e-05,94351.75,19.54797363,0.026947021,0.417050362,-1.970292091,304.864502,20244384.0,7744559.0,21938032.0,0.0
2014-02-07 07:00:00,0.001441956,8.2e-05,94341.5625,18.0597229,0.021881104,0.427884102,-2.3458004,304.4599609,22032560.0,9021225.0,24008784.0,0.0
2014-02-07 08:00:00,0.000720978,4.1e-05,94374.875,16.50158691,0.021881104,0.873078346,-2.10713768,303.6401367,23043376.0,10265371.0,25258496.0,0.0
2014-02-07 09:00:00,0.000356674,5.72e-06,94433.75,21.08953857,0.028244019,0.312597275,-0.558882713,301.2521973,23295264.0,11476909.0,25647200.0,0.0
2014-02-07 10:00:00,0.001576424,0.0,94543.4375,33.42434692,0.053970337,-2.554086685,1.324193001,298.40625,23295344.0,12696267.0,25647312.0,0.0
2014-02-07 11:00:00,0.000815153,5.53e-05,94629.5,46.35708618,0.189651489,-3.497774124,0.036376953,295.8232422,23295344.0,13918261.0,25647312.0,0.0
2014-02-07 12:00:00,0.0,0.0,94645.6875,49.59805298,0.002883911,-2.104050636,0.126584053,294.2414551,23295344.0,15138160.0,25647312.0,0.0
2014-02-07 13:00:00,0.0,0.003005028,94647.3125,51.68783569,0.513656616,-1.094204903,1.735041618,292.4711914,23295344.0,16312629.0,25647312.0,0.0
2014-02-07 14:00:00,0.0,0.003976822,94654.5625,55.647995,0.706436157,0.068574905,2.07316494,291.7094727,23295344.0,17492416.0,25647312.0,0.0
2014-02-07 15:00:00,0.0,0.00015521,94653.4375,58.89137268,0.0703125,-0.228459358,2.244760513,290.9760742,23295344.0,18669952.0,25647312.0,0.0
2014-02-07 16:00:00,0.0,0.0,94619.9375,62.38421631,0.0,-0.963718414,1.727239609,290.8076172,23295344.0,19821328.0,25647312.0,0.0
2014-02-07 17:00:00,0.0,0.0,94631.0625,65.0519104,0.0,-0.246311188,1.369503021,290.5666504,23295344.0,20961360.0,25647312.0,0.0
2014-02-07 18:00:00,0.0,0.0,94634.875,66.87194824,0.0,0.752786636,1.698205948,289.1958008,23295344.0,22095424.0,25647312.0,0.0
2014-02-07 19:00:00,0.0,0.0,94679.6875,67.5827179,0.0,0.460205078,1.743907928,289.454834,23295344.0,23226464.0,25647312.0,0.0
2014-02-07 20:00:00,0.0,0.0,94722.1875,67.92570496,0.0,-0.071750641,1.089189529,289.4831543,23324928.0,24355456.0,25708800.0,0.0
2014-02-07 21:00:00,0.0,0.0,94787.375,60.71749878,0.0,0.10022831,0.530477524,292.4377441,23885264.0,25544080.0,26447040.0,0.0
2014-02-07 22:00:00,0.0,0.0,94810.4375,45.89485168,0.0,0.13699913,0.108962059,296.3869629,25244416.0,26778656.0,28060720.0,0.0
2014-02-07 23:00:00,0.0,0.0,94820.3125,35.57463074,0.0,0.787992477,-0.707897186,299.5227051,27393776.0,28050256.0,30501216.0,0.0
2014-02-08 00:00:00,0.0,0.0,94804.5625,27.73516846,0.0,1.577230453,-1.216700554,302.5463867,30230128.0,29355456.0,33645392.0,0.0
2014-02-08 01:00:00,0.0,0.0,94726.5,21.16697693,0.0,1.83958149,-1.360583305,304.9958496,3364917.0,1328844.0,3669413.0,0.0
2014-02-08 02:00:00,4.2e-05,0.0,94646.8125,18.25743103,0.000961304,1.599694252,-1.373193741,306.376709,7036582.0,2678215.0,7648594.0,0.0
2014-02-08 03:00:00,0.002370834,0.000211716,94594.875,16.76963806,0.080657959,1.353095055,-1.340003014,307.2104492,10779717.0,4037767.0,11700717.0,0.0
2014-02-08 04:00:00,0.003261566,0.000234604,94529.75,15.53289032,0.153182983,1.172874451,-1.463079453,307.6069336,14197006.0,5432903.0,15460853.0,0.0
2014-02-08 05:00:00,0.000476837,5.15e-05,94494.75,15.20516396,0.135147095,1.137559891,-1.253993988,307.7324219,17278160.0,6797753.0,18873840.0,0.0
2014-02-08 06:00:00,0.000425339,2.19e-05,94473.3125,15.43227577,0.095199585,0.89040184,-0.957450867,307.5947266,19802288.0,8148544.0,21706240.0,0.0
2014-02-08 07:00:00,0.000587463,2.62e-05,94469.0625,15.85578442,0.029144287,0.557229996,-0.679539681,307.1940918,21584192.0,9487596.0,23775136.0,0.0
2014-02-08 08:00:00,0.002123833,8.21e-05,94474.625,14.26421165,0.034729004,0.309149742,-0.362504005,306.1789551,22567664.0,10780676.0,24998512.0,0.0
2014-02-08 09:00:00,0.003067017,4.11e-05,94510.9375,14.58339691,0.067016602,-0.2468853,0.144034386,305.3000488,22808544.0,12054692.0,25373056.0,0.0
2014-02-08 10:00:00,0.002955437,0.0,94620.8125,25.60020447,0.143302918,-4.194419861,-0.015738487,300.4575195,22808544.0,13341966.0,25372944.0,0.0
2014-02-08 11:00:00,0.0,0.0,94703.5625,38.09864807,0.0,-3.358418465,-1.27212429,298.8510742,22808544.0,14606023.0,25372944.0,0.0
2014-02-08 12:00:00,0.0,0.0,94748.875,40.39990234,0.0,-2.335680962,-0.65658474,296.8017578,22808544.0,15844021.0,25372944.0,0.0
2014-02-08 13:00:00,0.0,0.0,94741.5,42.07292175,0.0,-1.829316139,0.501291275,295.1413574,22808544.0,17046080.0,25372944.0,0.0
2014-02-08 14:00:00,0.0,0.0,94774.0625,45.36540222,0.0,-0.01461792,1.323408127,294.8579102,22808544.0,18228960.0,25372944.0,0.0
2014-02-08 15:00:00,0.0,0.0,94756.6875,50.56056213,0.0,-0.87932682,2.10710907,292.5466309,22808544.0,19403216.0,25372944.0,0.0
2014-02-08 16:00:00,0.0,0.0,94723.25,53.68237305,0.0,-1.579147339,1.76716423,291.6213379,22808544.0,20564800.0,25372944.0,0.0
2014-02-08 17:00:00,0.0,0.0,94732.5625,56.02400208,0.0,-0.92160511,1.278326988,292.4082031,22808544.0,21715152.0,25372944.0,0.0
2014-02-08 18:00:00,0.0,0.0,94751.6875,58.13668823,0.0,-0.636896133,1.476700783,291.5808105,22808544.0,22857904.0,25372944.0,0.0
2014-02-08 19:00:00,0.0,0.0,94777.875,58.59594727,0.0,-0.678300858,1.349545479,291.1821289,22808544.0,23996224.0,25372944.0,0.0
2014-02-08 20:00:00,0.0,0.0,94821.125,58.13418579,0.0,-0.349018097,1.001119614,291.1564941,22835888.0,25132464.0,25429440.0,0.0
2014-02-08 21:00:00,0.0,0.0,94848.4375,54.88851929,0.0,0.000263214,0.494021416,293.8125,23390416.0,26329872.0,26153168.0,0.0
2014-02-08 22:00:00,0.0,0.0,94842.875,39.02970886,0.0,0.02590847,0.121605873,297.8789062,24750608.0,27567760.0,27750512.0,0.0
2014-02-08 23:00:00,0.0,0.0,94848.0,29.28486633,0.0,0.855675697,-0.910079002,301.0283203,26909168.0,28839776.0,30174656.0,0.0
2014-02-09 00:00:00,0.0,0.0,94821.25,22.44548035,0.0,1.963788986,-1.953424454,303.7897949,29764304.0,30133280.0,33301920.0,0.0
2014-02-09 01:00:00,0.0,0.0,94762.8125,15.2750845,0.0,2.630281448,-2.653822899,306.0529785,3395576.0,1298788.0,3649014.0,0.0
2014-02-09 02:00:00,0.0,0.0,94666.5625,14.54577446,0.0,2.879812241,-2.866827965,307.3840332,7110684.0,2606313.0,7605279.0,0.0
2014-02-09 03:00:00,0.0,0.0,94617.3125,14.61834621,0.0,3.316835403,-3.308263779,308.2983398,10902510.0,3915000.0,11631189.0,0.0
2014-02-09 04:00:00,0.0,0.0,94528.9375,14.13256073,0.0,3.903561592,-3.243084908,308.7597656,14517012.0,5224397.0,15485023.0,0.0
2014-02-09 05:00:00,0.0,0.0,94456.875,13.8937006,0.0,4.286885262,-2.892227173,308.8608398,17717984.0,6532895.0,18936416.0,0.0
2014-02-09 06:00:00,0.0,0.0,94406.9375,13.54465866,0.0,4.519071579,-2.387308121,308.6586914,20308752.0,7832449.0,21781952.0,0.0
2014-02-09 07:00:00,0.0,0.0,94379.125,12.8168726,0.0,4.436436653,-2.125471115,308.1201172,22141280.0,9118438.0,23864416.0,0.0
2014-02-09 08:00:00,0.0,0.0,94405.3125,12.68406296,0.0,3.043082237,-0.976935387,306.923584,23147232.0,10378991.0,25085744.0,0.0
2014-02-09 09:00:00,0.0,0.0,94435.125,13.00598145,0.0,1.900819778,-1.485695839,303.8000488,23385776.0,11596953.0,25449680.0,0.0
2014-02-09 10:00:00,0.0,0.0,94464.1875,15.23349094,0.0,0.006572723,-1.973325729,301.8198242,23385776.0,12822956.0,25449680.0,0.0
2014-02-09 11:00:00,0.0,0.0,94500.125,17.54353333,0.0,0.296216965,-2.507441521,298.104248,23385776.0,14050990.0,25449680.0,0.0
2014-02-09 12:00:00,0.0,0.0,94530.1875,21.7480011,0.0,0.671461105,-2.127857208,296.8657227,23385776.0,15267332.0,25449680.0,0.0
2014-02-09 13:00:00,0.0,0.0,94507.4375,20.87693787,0.0,1.142456055,-1.894296646,296.4731445,23385776.0,16474382.0,25449680.0,0.0
2014-02-09 14:00:00,8.39e-05,0.0,94627.125,29.47610474,0.003356934,-2.961578369,1.814912796,295.9272461,23385776.0,17674368.0,25449680.0,0.0
2014-02-09 15:00:00,0.000442505,0.0,94753.5625,60.67338562,0.010040283,-3.700545311,3.058894157,291.802002,23385776.0,18844208.0,25449680.0,0.0
2014-02-09 16:00:00,0.000358582,0.0,94726.8125,56.98542786,0.010040283,-2.962333679,2.177485466,291.026123,23385776.0,19980624.0,25449680.0,0.0
2014-02-09 17:00:00,0.000179291,0.0,94738.5,59.06976318,0.0,-2.791408539,1.526283264,290.0566406,23385776.0,21104832.0,25449680.0,0.0
2014-02-09 18:00:00,0.0,0.0,94767.5625,59.72686768,0.0,-2.652896881,1.249463081,289.2214355,23385776.0,22215776.0,25449680.0,0.0
2014-02-09 19:00:00,0.0,0.0,94829.375,61.57762146,0.0,-2.234585762,0.963921547,288.4313965,23385776.0,23315024.0,25449680.0,0.0
2014-02-09 20:00:00,0.0,0.0,94877.6875,62.50384521,0.0,-2.180413246,0.791091919,288.0996094,23410336.0,24408464.0,25501632.0,0.0
2014-02-09 21:00:00,0.0,0.0,94913.875,59.48448181,0.0,-2.912417412,1.018271446,289.3571777,23948304.0,25534096.0,26213056.0,0.0
2014-02-09 22:00:00,0.0,0.0,94911.375,52.89033508,0.001678467,-2.835185051,0.696130753,291.5424805,25285584.0,26693488.0,27799360.0,0.0
2014-02-09 23:00:00,0.0,0.0,94897.1875,45.71725464,0.0,-2.804363251,0.232792854,294.34375,27416480.0,27894288.0,30215888.0,0.0
2014-02-10 00:00:00,0.0,0.0,94843.6875,39.40391541,0.0,-2.608078003,-0.292197228,297.2302246,30234624.0,29137616.0,33336896.0,0.0
2014-02-10 01:00:00,0.0,0.0,94844.5625,39.89082336,0.0,-2.427020073,-0.479867935,298.5844727,3337272.0,1268532.0,3649665.0,0.0
2014-02-10 02:00:00,0.0,0.0,94736.1875,35.7951355,0.0,-2.150550842,-1.118372917,300.9953613,6980164.0,2574479.0,7611209.0,0.0
2014-02-10 03:00:00,0.0,0.0,94663.625,31.95817566,0.0,-2.034609795,-1.484870911,303.0080566,10689605.0,3909118.0,11645154.0,0.0
2014-02-10 04:00:00,0.0,0.0,94599.0,29.57240295,0.0,-2.066287994,-1.523525238,304.3068848,14219776.0,5262283.0,15507339.0,0.0
2014-02-10 05:00:00,0.0,0.0,94530.5,28.63873291,0.0,-2.255393982,-1.654603004,304.9030762,17341184.0,6623007.0,18965824.0,0.0
2014-02-10 06:00:00,0.0,0.0,94485.5625,29.9352417,0.0,-2.93297863,-1.844514847,304.7172852,19855648.0,7976698.0,21813552.0,0.0
2014-02-10 07:00:00,0.0,0.0,94457.1875,35.34483337,0.0,-4.634280205,-1.682360649,303.1679688,21636288.0,9314082.0,23904864.0,0.0
2014-02-10 08:00:00,0.0,0.0,94492.4375,46.49829102,0.0,-6.600878716,-0.01567173,298.9892578,22594576.0,10608552.0,25123120.0,0.0
2014-02-10 09:00:00,0.0,0.0,94649.25,56.8306427,0.0,-5.413751602,1.689534187,294.5771484,22814688.0,11837558.0,25477872.0,0.0
2014-02-10 10:00:00,0.00037384,0.0,94762.875,64.62722778,0.011047363,-4.86143589,1.686058044,291.8693848,22814688.0,13030441.0,25477744.0,0.0
2014-02-10 11:00:00,0.005836487,0.0,94842.375,72.47970581,0.133605957,-4.569494247,1.170573235,290.4199219,22814688.0,14210631.0,25477744.0,0.0
2014-02-10 12:00:00,0.025489807,0.0,94875.375,76.25267029,0.403686523,-4.024392128,1.064074516,289.5820312,22814688.0,15364121.0,25477744.0,0.0
2014-02-10 13:00:00,0.065742493,0.0,94886.5625,77.17446899,0.666229248,-3.991807938,1.215276718,289.4477539,22814688.0,16643947.0,25477744.0,0.0
2014-02-10 14:00:00,0.072807312,0.0,94896.8125,76.97808838,0.846221924,-3.935335159,1.331708908,289.5327148,22814688.0,18013968.0,25477744.0,0.0
2014-02-10 15:00:00,0.065223694,0.0,94860.6875,76.99568176,0.651733398,-3.705400467,1.403778076,289.4880371,22814688.0,19385408.0,25477744.0,0.0
2014-02-10 16:00:00,0.053367615,0.0,94803.375,77.87805176,0.565002441,-3.479699135,1.287332535,289.2495117,22814688.0,20688848.0,25477744.0,5.91e-05
2014-02-10 17:00:00,0.045074463,0.0,94752.4375,78.10635376,0.718658447,-3.591344833,0.828922272,289.2219238,22814688.0,21986192.0,25477744.0,7.24e-05
2014-02-10 18:00:00,0.034751892,0.0,94716.8125,77.96775818,0.609466553,-3.060637474,0.653621674,289.2827148,22814688.0,23296592.0,25477744.0,7.31e-05
2014-02-10 19:00:00,0.036621094,0.0,94716.625,79.03405762,0.416687012,-1.940634727,0.865842819,289.0668945,22814688.0,24548400.0,25477744.0,8.43e-05
2014-02-10 20:00:00,0.045608521,0.0,94754.8125,80.30345154,0.51171875,-1.48738575,1.389966965,288.972168,22832304.0,25762656.0,25521312.0,9.39e-05
2014-02-10 21:00:00,0.042976379,0.0,94781.9375,78.30931091,0.569610596,-2.670529366,1.119389534,290.0234375,23167904.0,27083968.0,26055648.0,0.00010848
2014-02-10 22:00:00,0.020957947,0.0,94799.0625,73.59495544,0.240325928,-2.43659687,0.53920269,291.4504395,24114848.0,28415760.0,27305360.0,0.000114083
2014-02-10 23:00:00,0.002685547,0.0,94808.5625,67.17686462,0.083312988,-1.986010551,0.095561981,293.3774414,25831024.0,29707456.0,29383424.0,0.000120401
2014-02-11 00:00:00,0.000404358,0.0,94764.625,58.75732422,0.010986328,-1.604487419,-0.496600151,295.947998,28567056.0,30983776.0,32415824.0,0.000120401
2014-02-11 01:00:00,0.0,0.0,94654.875,50.57597351,0.0,-0.703800201,-1.155233383,297.7541504,3334015.0,1305736.0,3634016.0,0.0
2014-02-11 02:00:00,0.0,0.0,94550.125,42.88188171,0.0,0.19892025,-1.633568764,300.409668,6993905.0,2606217.0,7579395.0,0.0
2014-02-11 03:00:00,0.0,0.0,94448.0625,36.7021637,0.0,0.757401466,-1.769643784,302.5581055,10732352.0,3922224.0,11595195.0,0.0
2014-02-11 04:00:00,0.0,0.0,94358.1875,31.485672,0.0,0.816848755,-1.777389526,304.201416,14282349.0,5258385.0,15440517.0,0.0
2014-02-11 05:00:00,0.0,0.0,94270.5,25.81690979,0.0,0.823641777,-1.902911186,305.4814453,17412864.0,6608412.0,18883840.0,0.0
2014-02-11 06:00:00,0.0,0.0,94205.0,20.24598694,0.0,1.135781288,-1.818154335,306.2607422,19939792.0,7950350.0,21718128.0,0.0
2014-02-11 07:00:00,0.0,0.0,94191.875,15.80213833,0.0,1.318943977,-1.75848484,306.0615234,21724480.0,9259705.0,23782848.0,0.0
2014-02-11 08:00:00,0.0,0.0,94230.5,21.02848816,0.0,-0.974168778,-0.695540428,304.3977051,22693968.0,10528604.0,24982992.0,0.0
2014-02-11 09:00:00,8.39e-05,0.0,94409.0625,54.56999207,0.006744385,-6.321987152,1.06867218,295.7990723,22910032.0,11732322.0,25324592.0,0.0
2014-02-11 10:00:00,0.00491333,2.35e-05,94560.0625,73.00028992,0.232604981,-5.012259483,1.719776154,292.8581543,22910032.0,12931681.0,25324592.0,0.0
2014-02-11 11:00:00,0.01234436,0.000288635,94629.625,73.70019531,0.414916992,-3.911423683,1.331344604,291.9458008,22910032.0,14129954.0,25324592.0,0.0
2014-02-11 12:00:00,0.030036926,0.0,94640.8125,77.12965393,0.44619751,-4.068317413,0.985582352,291.71875,22910032.0,15425698.0,25324592.0,0.0
2014-02-11 13:00:00,0.087120056,0.0,94654.375,78.3502655,0.931152344,-4.060051918,1.036472321,291.557373,22910032.0,16749463.0,25324592.0,0.0
2014-02-11 14:00:00,0.09400177,0.0,94641.125,78.5615387,0.981750488,-4.163035393,0.809495926,291.6176758,22910032.0,18155088.0,25324592.0,0.0
2014-02-11 15:00:00,0.100288391,0.0,94617.75,77.05311584,0.980926514,-4.178504944,0.414711952,291.7453613,22910032.0,19584448.0,25324592.0,6.6e-05
2014-02-11 16:00:00,0.075080872,0.0,94574.5,77.4588623,0.969268799,-3.538706779,0.553245544,291.7368164,22910032.0,21014096.0,25324592.0,8.96e-05
2014-02-11 17:00:00,0.06199646,0.000160456,94564.75,78.88128662,0.908874512,-3.27235508,0.69056797,291.6166992,22910032.0,22447632.0,25324592.0,0.000113249
2014-02-11 18:00:00,0.062973022,0.000321329,94564.1875,80.40457153,0.913360596,-2.812220573,0.632820129,291.4138184,22910032.0,23836288.0,25324592.0,0.000129461
2014-02-11 19:00:00,0.078330994,0.000238061,94591.875,81.74694824,0.94442749,-2.67337513,0.343443871,291.2341309,22910032.0,25201824.0,25324592.0,0.00014472
2014-02-11 20:00:00,0.065757751,0.000182152,94624.25,81.88679504,0.84753418,-2.623335838,0.291954994,291.4841309,22920912.0,26639728.0,25359952.0,0.000161529
2014-02-11 21:00:00,0.038734436,0.000231981,94665.5,78.52085876,0.874053955,-2.565063477,0.129267693,292.2011719,23219376.0,28030320.0,25856944.0,0.000187099
2014-02-11 22:00:00,0.017036438,0.001041174,94675.9375,69.47210693,0.981262207,-2.405148506,0.12464428,293.6772461,24145568.0,29455824.0,27086032.0,0.0001899
2014-02-11 23:00:00,0.00151062,0.001529455,94667.8125,63.07466125,0.968688965,-2.243583679,0.293230057,295.2580566,25815568.0,30821632.0,29137408.0,0.0001899
2014-02-12 00:00:00,8.39e-05,0.001251698,94651.875,54.6934967,0.92300415,-2.193494797,0.091961861,297.5219727,28540496.0,32149936.0,32212656.0,0.0001899
2014-02-12 01:00:00,0.000221252,0.008370876,94652.125,47.70889282,0.976409912,-2.537378311,-0.511255264,299.1008301,3265603.0,1311531.0,3600291.0,0.0
2014-02-12 02:00:00,0.0,0.015600681,94605.125,40.96235657,0.999994576,-2.095995903,-0.608746529,300.8955078,6785274.0,2660368.0,7474099.0,0.0
2014-02-12 03:00:00,0.0,0.01529026,94523.625,36.1708374,1.0,-1.798699379,-0.684686661,302.2727051,10271323.0,4029798.0,11334480.0,0.0
2014-02-12 04:00:00,0.0,0.020540237,94445.1875,33.0247345,0.949676514,-1.859944344,-0.601305008,303.317627,13540169.0,5407792.0,14975564.0,0.0
2014-02-12 05:00:00,0.000587463,0.024123903,94440.25,32.13993835,0.999994338,-2.095999718,-0.106931686,303.7993164,16298456.0,6799826.0,18102992.0,0.0
2014-02-12 06:00:00,0.002319336,0.040813446,94414.8125,33.35493469,1.0,-2.813568115,-0.003342628,303.5163574,18291200.0,8184445.0,20503760.0,0.0
2014-02-12 07:00:00,0.004734039,0.058401108,94424.5,36.58081055,1.0,-3.773133278,-0.458473206,302.4370117,19472352.0,9572998.0,22061088.0,0.0
2014-02-12 08:00:00,0.002464294,0.084339142,94477.625,46.68864441,1.0,-5.403524399,-0.31238842,299.8647461,19969360.0,10976313.0,22817760.0,0.0
2014-02-12 09:00:00,0.00087738,0.073364258,94625.1875,66.78108215,1.0,-5.829708099,0.887475967,295.6523438,20081376.0,12343979.0,23023680.0,0.0
2014-02-12 10:00:00,0.001365662,0.046106339,94714.4375,74.50622559,1.0,-4.785905838,1.112091064,293.6875,20081376.0,13690079.0,23023568.0,0.0
2014-02-12 11:00:00,0.004951477,0.011320114,94780.8125,76.61035156,0.924621582,-3.681591988,0.926391602,292.9104004,20081376.0,15014633.0,23023568.0,0.0
2014-02-12 12:00:00,0.015716553,0.003990173,94818.625,78.53759766,0.510498047,-2.962217331,0.814193726,292.3681641,20081376.0,16308540.0,23023568.0,0.0
2014-02-12 13:00:00,0.028923035,0.00378418,94763.3125,80.5158844,0.964782715,-2.475558281,0.561289787,291.9650879,20081376.0,17594944.0,23023568.0,0.0
2014-02-12 14:00:00,0.02532959,0.004497528,94719.5625,81.63058472,0.938300848,-1.929143906,0.478185654,291.6364746,20081376.0,18876208.0,23023568.0,0.0
2014-02-12 15:00:00,0.016925812,0.009752274,94642.3125,82.25578308,0.999993444,-1.792484283,0.543759346,291.546875,20081376.0,20188752.0,23023568.0,0.0
2014-02-12 16:00:00,0.009555817,0.011932373,94578.75,83.00233459,1.0,-1.408538818,0.762080193,291.1118164,20081376.0,21469888.0,23023568.0,0.0
2014-02-12 17:00:00,0.004779816,0.009632111,94531.375,83.73292542,1.000006676,-1.438229561,0.935389519,290.7548828,20081376.0,22734624.0,23023568.0,0.0
2014-02-12 18:00:00,0.004844666,0.000473976,94484.125,85.25494385,0.491103947,-1.464427948,0.916015625,290.0935059,20081376.0,23952848.0,23023568.0,0.0
2014-02-12 19:00:00,0.009506226,0.005534172,94488.1875,87.49964905,0.877075195,-1.422136307,1.064579964,289.4716797,20081376.0,25134192.0,23023568.0,0.0
2014-02-12 20:00:00,0.016807556,0.004933357,94515.3125,87.94337463,0.939331055,-1.591649055,0.883264542,290.015625,20098576.0,26382352.0,23060480.0,0.0
2014-02-12 21:00:00,0.011487961,0.002533913,94539.5625,83.01322937,1.0,-2.560096741,0.178152084,291.1647949,20455600.0,27662624.0,23612704.0,0.0
2014-02-12 22:00:00,0.009063721,8.2e-05,94536.0625,75.55151367,0.482025147,-2.075874329,-0.014333725,292.9907227,21560320.0,28954464.0,25010448.0,0.0
2014-02-12 23:00:00,0.001375198,0.001262665,94525.9375,65.83638,0.476776123,-1.79655838,-0.009777069,294.9169922,23273200.0,30284192.0,27106528.0,0.0
2014-02-13 00:00:00,0.000244141,0.030471802,94456.1875,54.2035675,0.995330811,-1.752370834,-0.295900345,297.6276855,25955248.0,31598128.0,30143824.0,0.0
2014-02-13 01:00:00,0.000179291,0.062948763,94386.0,47.03048706,1.0,-1.381958008,-0.518610954,299.1594238,2570755.0,1414013.0,3126679.0,0.0
2014-02-13 02:00:00,0.000244141,0.113507569,94278.8125,39.73779297,1.0,-1.178826332,-0.874694824,300.8725586,5173482.0,2829053.0,6383785.0,0.0
2014-02-13 03:00:00,0.000611512,0.151804805,94224.3125,35.60194397,1.0,-0.710208893,-0.917759895,301.8564453,7357715.0,4271470.0,9351025.0,0.0
2014-02-13 04:00:00,0.012435909,0.312587321,94187.5625,32.86962891,1.0,-0.54024601,-0.481539726,302.4892578,9309078.0,5731015.0,12100572.0,0.0
2014-02-13 05:00:00,0.08314693,0.282244265,94121.5,31.49014282,1.0,-0.814349175,0.38594532,302.1347656,10383320.0,7156806.0,13983423.0,0.0
2014-02-13 06:00:00,0.027786255,0.179050267,94068.9375,32.62870789,1.0,-1.353069305,1.314807892,301.8620605,11195741.0,8622063.0,15499712.0,0.0
2014-02-13 07:00:00,0.039093018,0.107243121,94028.3125,35.89845276,1.0,-1.960457802,1.93493557,301.1911621,11937922.0,10089771.0,16718893.0,0.0
2014-02-13 08:00:00,0.246643066,0.407320857,94071.5625,39.7755127,1.0,-2.479998589,1.520752907,299.251709,12225557.0,11549499.0,17307360.0,0.000311732
2014-02-13 09:00:00,0.355643094,0.532385945,94199.125,64.34379578,1.0,-2.267914772,0.263251305,295.4709473,12255297.0,12979626.0,17444672.0,0.00095737
2014-02-13 10:00:00,0.291787386,0.472678065,94239.5625,84.83779907,1.0,-0.750281334,0.238797188,293.2114258,12255306.0,14390310.0,17444608.0,0.003826141
2014-02-13 11:00:00,0.241899788,0.508855104,94274.9375,93.82989502,1.0,-0.924670219,0.030737877,292.4331055,12255306.0,15795640.0,17444608.0,0.009747267
2014-02-13 12:00:00,1.694217682,0.257009983,94244.125,95.38305664,1.0,-1.167725563,-0.625335693,291.7521973,12255306.0,17194752.0,17444608.0,0.013940573
2014-02-13 13:00:00,2.061840057,0.116176903,94156.5625,95.71536255,1.0,-0.623311997,-1.211945534,291.232666,12255306.0,18627024.0,17444608.0,0.01859045
2014-02-13 14:00:00,1.395536423,0.049533602,94073.5,95.01390076,1.0,1.043348312,-0.666041374,291.2099609,12255306.0,20054864.0,17444608.0,0.021972656
2014-02-13 15:00:00,0.655039489,0.061037581,94042.3125,94.26715088,1.0,1.336013794,0.090988159,291.0161133,12255306.0,21478736.0,17444608.0,0.023726463
2014-02-13 16:00:00,0.567816794,0.036994983,93971.6875,93.7277832,1.0,0.510046005,-0.114864349,290.9033203,12255306.0,22908624.0,17444608.0,0.024615519
2014-02-13 17:00:00,0.50208509,0.036040735,93912.6875,93.9360199,1.0,-0.030080795,-0.330968857,290.9750977,12255306.0,24324624.0,17444608.0,0.024986785
2014-02-13 18:00:00,0.408332884,0.034580514,93867.625,94.02107239,1.0,-0.233924866,-0.748776436,291.059082,12255306.0,25710048.0,17444608.0,0.025158558
2014-02-13 19:00:00,0.318548501,0.080570042,93851.25,94.11782837,0.99999994,0.511245728,-0.653015137,291.2373047,12255306.0,27116144.0,17444608.0,0.025347624
2014-02-13 20:00:00,0.122084618,0.076715648,93853.75,94.83720398,1.0,0.39203167,-0.70210743,291.4128418,12259387.0,28521600.0,17466736.0,0.025396451
2014-02-13 21:00:00,0.02682814,0.053907063,93841.5,93.76409912,1.000000954,0.264557838,-1.520533562,291.8852539,12367857.0,29930352.0,17762144.0,0.025465392
2014-02-13 22:00:00,0.099395752,0.016797915,93867.6875,87.0218811,0.908362389,0.705330849,-1.939389229,292.9414062,12975970.0,31285376.0,18735696.0,0.025604747
2014-02-13 23:00:00,0.176291704,0.003348267,93844.375,74.5559845,0.662846446,1.063444138,-2.165304184,294.1010742,14252482.0,32669664.0,20520848.0,0.025911652
2014-02-14 00:00:00,0.102096796,0.011871338,93811.5625,68.7492218,1.0,0.727392197,-2.249438286,294.831543,15721046.0,34098112.0,22636352.0,0.026000906
2014-02-14 01:00:00,0.075019836,0.054525141,93834.25,54.90968323,1.0,-0.660039902,0.159704208,297.4365234,2228810.0,1386548.0,2859723.0,0.0
2014-02-14 02:00:00,0.119827271,0.059650525,93780.5,49.57722473,1.0,-0.200915337,-0.083438873,298.2045898,4702772.0,2803387.0,6008633.0,0.0
2014-02-14 03:00:00,0.119796753,0.085327268,93714.5,45.69090271,0.99999994,0.206890106,-1.033323288,298.6923828,6864011.0,4224405.0,8951666.0,0.0
2014-02-14 04:00:00,0.199645996,0.121978879,93683.5,44.24787903,1.0,1.068694115,-0.859517098,298.7297363,8535604.0,5646691.0,11468220.0,0.000125766
2014-02-14 05:00:00,0.182308197,0.111427367,93640.25,46.64837646,1.0,1.067070961,-0.31756115,298.1506348,9626837.0,7068563.0,13401355.0,0.000163794
2014-02-14 06:00:00,0.073596954,0.120875418,93600.6875,48.9651947,1.0,0.85019207,0.889660835,297.5957031,10313232.0,8511655.0,14778783.0,0.000171185
2014-02-14 07:00:00,0.001358912,0.109317422,93582.6875,50.82229614,1.0,0.178080559,1.380656242,297.3623047,10975751.0,9968271.0,15926873.0,0.000171423
2014-02-14 08:00:00,0.006164551,0.149277508,93580.25,53.39425659,1.0,-0.220790863,1.64999485,296.8557129,11437884.0,11350633.0,16675291.0,0.000173807
2014-02-14 09:00:00,0.031430226,0.206409276,93588.1875,56.57281494,1.0,-0.57435894,1.434101105,295.7497559,11514912.0,12745423.0,16856128.0,0.000177145
2014-02-14 10:00:00,0.087515593,0.252811432,93589.125,59.25396729,1.0,-1.343283653,0.491705895,295.232666,11514912.0,14152560.0,16856128.0,0.000196695
2014-02-14 11:00:00,0.260587335,0.244184554,93679.9375,61.09005737,1.0,-1.254811287,-1.237746239,294.5966797,11514912.0,15553890.0,16856128.0,0.000275612
2014-02-14 12:00:00,0.369444668,0.304840744,93681.6875,71.32275391,1.0,-0.729334831,-2.194919586,293.6037598,11514912.0,16964592.0,16856128.0,0.000653028
2014-02-14 13:00:00,0.704700053,0.245836735,93651.25,87.13487244,1.0,-0.071735382,-1.462343216,291.8273926,11514912.0,18354800.0,16856128.0,0.00143981
2014-02-14 14:00:00,0.959660292,0.338634014,93623.75,92.41751099,1.0,0.24003315,-1.048161507,291.4650879,11514912.0,19753824.0,16856128.0,0.002466679
2014-02-14 15:00:00,0.472731948,0.22257942,93501.0625,95.01768494,1.0,-1.283366203,-0.445918083,291.2397461,11514912.0,21148480.0,16856128.0,0.003733158
2014-02-14 16:00:00,0.381492317,0.244665504,93440.6875,95.4119873,1.0,-0.61356926,-1.709467888,291.1689453,11514912.0,22537008.0,16856128.0,0.004644394
2014-02-14 17:00:00,0.366618753,0.294635534,93350.125,93.4158783,1.0,-1.438093185,-1.47947216,291.1489258,11514912.0,23924480.0,16856128.0,0.005344868
2014-02-14 18:00:00,0.825976968,0.191199303,93332.625,94.00572205,1.0,-0.795597076,-3.192354202,291.0231934,11514912.0,25318240.0,16856128.0,0.006391928
2014-02-14 19:00:00,0.970885038,0.193954945,93306.6875,95.88656616,0.999999821,-1.188354492,-4.550830841,290.8840332,11514912.0,26732688.0,16856128.0,0.008613881
2014-02-14 20:00:00,0.442118287,0.251073837,93239.0,95.55947876,1.0,-1.985548019,-3.589076996,290.9213867,11516279.0,28151120.0,16874912.0,0.010210864
2014-02-14 21:00:00,1.055279732,0.039089791,93164.5,94.67280579,0.999999821,-2.335978508,-3.435548782,290.8994141,11570866.0,29559136.0,17127984.0,0.01208723
2014-02-14 22:00:00,1.058186531,0.029005002,93154.6875,94.25038147,1.000001907,-1.89807415,-2.044885635,291.1774902,11676524.0,30969648.0,17684416.0,0.014317028
2014-02-14 23:00:00,1.132515907,0.006141663,93162.5625,94.79022217,1.000000954,-1.608392715,-0.986310959,291.4304199,11836981.0,32395872.0,18503616.0,0.015957292
2014-02-15 00:00:00,0.704154789,0.003570557,93114.75,93.00796509,0.999998748,-1.76008606,-0.909729958,291.8183594,12113834.0,33830320.0,19619888.0,0.017032482
2014-02-15 01:00:00,0.623826683,0.002817049,93151.875,91.76919556,0.999995291,-2.323113441,-0.59086895,292.4208984,400191.1875,1443768.0,1337447.0,0.000497103
2014-02-15 02:00:00,0.674820721,0.004859924,93106.5625,88.28538513,0.999998272,-1.554514885,-1.648077011,293.0905762,1006034.625,2884090.0,2897629.0,0.001045465
2014-02-15 03:00:00,0.036434464,0.004470825,93000.9375,87.05627441,0.997318626,-1.515555382,-1.615623474,293.6640625,1569872.0,4340605.0,4458379.0,0.001177549
2014-02-15 04:00:00,0.247641504,0.03150177,92924.5,75.64041138,0.970526338,1.513770103,-4.504652023,296.3874512,3613667.0,5851434.0,7269122.0,0.001279876
2014-02-15 05:00:00,0.477546036,0.080596924,92910.25,74.01176453,0.999996603,3.499515533,-6.479466438,295.9094238,4836077.0,7275001.0,9273549.0,0.001832735
2014-02-15 06:00:00,0.485975921,0.122039795,92908.9375,90.85136414,0.999999583,2.492178917,-5.700544357,293.0751953,5120689.0,8709271.0,10352611.0,0.002677553
2014-02-15 07:00:00,0.46115607,0.087249756,92905.125,94.47135925,0.99999702,1.925323486,-5.588238716,292.3547363,5303920.0,10162002.0,11054377.0,0.003405182
2014-02-15 08:00:00,0.431384742,0.033348084,92905.8125,94.65382385,0.999995589,2.637792587,-5.121149063,292.1000977,5382474.0,11619138.0,11470630.0,0.003729745
2014-02-15 09:00:00,0.633497357,0.017929077,92934.5,95.51789856,1.000004768,2.029398918,-4.595786095,291.8078613,5405121.0,13076067.0,11628670.0,0.004137926
2014-02-15 10:00:00,0.731697202,0.00226593,92998.0,96.574646,0.999998212,2.061235428,-4.363713264,291.8618164,5405121.0,14538205.0,11628549.0,0.00491672
2014-02-15 11:00:00,0.661789179,0.008453369,93055.25,96.64468384,0.999993503,2.261474609,-4.129170418,291.9572754,5405121.0,16003330.0,11628549.0,0.005483259
2014-02-15 12:00:00,0.759423852,0.007450104,93044.1875,96.84460449,1.000006676,2.310704231,-4.068436623,292.0036621,5405121.0,17469584.0,11628549.0,0.006104473
2014-02-15 13:00:00,0.557191014,0.004272461,93044.6875,96.33528137,0.999997079,2.836919785,-4.034134865,292.0998535,5405121.0,18938144.0,11628549.0,0.006687075
2014-02-15 14:00:00,0.485297978,0.002252579,93029.8125,96.33973694,1.000003815,2.854471207,-4.032913208,292.0322266,5405121.0,20407712.0,11628549.0,0.00701151
2014-02-15 15:00:00,0.507387936,0.000473976,92999.3125,97.62741089,0.999998629,2.548928261,-3.766945839,291.9658203,5405121.0,21874304.0,11628549.0,0.007329967
2014-02-15 16:00:00,0.466960192,2.86e-05,92984.375,98.5994873,0.99999696,2.370136261,-3.399420738,291.8991699,5405121.0,23344704.0,11628549.0,0.007718779
2014-02-15 17:00:00,0.359620869,0.0,92971.1875,99.73751831,0.999995768,2.532676697,-3.071782112,291.8476562,5405121.0,24817664.0,11628549.0,0.008015331
2014-02-15 18:00:00,0.196523309,0.0,92990.625,98.74633789,0.941202402,2.837141991,-2.321385384,291.967041,5405121.0,26288800.0,11628549.0,0.008160699
2014-02-15 19:00:00,0.076751113,0.0,93040.1875,97.38822937,0.488651335,2.283387184,-1.154051781,292.137207,5405121.0,27756000.0,11628549.0,0.008213911
2014-02-15 20:00:00,0.03184016,0.0,93115.5,97.09524536,0.228315234,1.743746758,-0.442042351,291.6955566,5415778.0,29091008.0,11656589.0,0.008234493
2014-02-15 21:00:00,0.079390228,0.0,93202.9375,94.90875244,0.384969354,1.982124329,0.279800415,292.6208496,5768184.0,30411744.0,12203481.0,0.008281942
2014-02-15 22:00:00,0.282410979,0.009399414,93268.9375,85.12850952,0.867036164,1.262563705,1.739188194,293.9758301,6720736.0,31774656.0,13490334.0,0.00861679
2014-02-15 23:00:00,0.228283227,0.000705719,93330.8125,81.97424316,0.823292792,-0.558470726,1.887014389,294.435791,7818649.0,33227648.0,15120829.0,0.008797996
2014-02-16 00:00:00,0.204295158,0.010704041,93363.8125,77.60153198,0.673493564,-1.111125946,2.026767731,294.8549805,9344825.0,34673664.0,17292096.0,0.009153787
2014-02-16 01:00:00,0.170959473,0.042442322,93345.25,58.3046875,0.746307373,-0.199228287,3.039125443,297.4162598,2394184.0,1340497.0,2942978.0,7.03e-05
2014-02-16 02:00:00,0.175811648,0.053382874,93328.625,58.60220337,0.772864997,-0.240113258,2.154135704,297.1359863,4685579.0,2724061.0,5876523.0,0.000290036
2014-02-16 03:00:00,0.284789145,0.05280304,93355.5625,56.49160767,0.845074356,-1.279443741,1.568395615,296.5874023,6314705.0,4081294.0,8245798.0,0.000631094
2014-02-16 04:00:00,0.30140996,0.136962891,93451.125,76.48178101,0.716864049,-0.076413155,3.819889069,294.0891113,8514581.0,5455055.0,11139570.0,0.002260447
2014-02-16 05:00:00,0.084752202,0.220779419,93493.9375,77.87174988,0.968001783,-1.630779266,2.844175339,293.3291016,9840106.0,6822396.0,13159051.0,0.003173351
2014-02-16 06:00:00,0.18582952,0.113922119,93580.75,70.44084167,0.978186727,-2.249860764,2.170482635,293.8205566,11113339.0,8151420.0,15014511.0,0.003604412
2014-02-16 07:00:00,0.362121582,0.14414978,93708.1875,78.514328,0.893829346,-1.287531853,2.245079041,292.1533203,11729504.0,9535363.0,16102825.0,0.006465912
2014-02-16 08:00:00,0.108581543,0.084396362,93794.75,82.35655212,0.62487793,-1.431099892,0.101329505,291.7211914,11964969.0,10906839.0,16672372.0,0.007294655
2014-02-16 09:00:00,0.066589355,0.005607605,93895.3125,86.38049316,0.460266113,-2.543375969,-0.478881359,290.5581055,12071469.0,12155713.0,16890192.0,0.007397175
2014-02-16 10:00:00,0.034896851,0.001110077,94011.4375,91.58340454,0.487854004,-3.0224123,-0.50826931,289.6108398,12071469.0,13395650.0,16889872.0,0.00742197
2014-02-16 11:00:00,0.025550842,0.000434875,94116.4375,93.75068665,0.644104004,-3.14662838,-0.067203522,289.059082,12071469.0,14632070.0,16889872.0,0.007426739
2014-02-16 12:00:00,0.063529968,0.000164986,94200.875,93.45692444,0.893249512,-3.098588943,0.408582687,288.9003906,12071469.0,15903314.0,16889872.0,0.007432938
2014-02-16 13:00:00,0.064544678,0.0,94227.4375,91.61549377,0.726776123,-2.900457382,0.868804932,288.9206543,12071469.0,17235200.0,16889872.0,0.007445812
2014-02-16 14:00:00,0.036460876,0.0,94233.9375,87.07069397,0.308868408,-1.94285202,1.364930153,288.5117188,12071469.0,18491312.0,16889872.0,0.007459641
2014-02-16 15:00:00,0.013923645,0.0,94220.6875,83.36158752,0.161071777,-1.384731293,1.678450584,287.7321777,12071469.0,19649776.0,16889872.0,0.007463932
2014-02-16 16:00:00,0.003147125,0.0,94208.6875,80.0229187,0.068145752,-1.314223289,1.849137306,286.9086914,12071469.0,20753536.0,16889872.0,0.007465363
2014-02-16 17:00:00,0.000652313,0.0,94223.875,77.76715088,0.012023926,-1.102931976,1.622264862,286.0090332,12071469.0,21819472.0,16889872.0,0.007465363
2014-02-16 18:00:00,0.000358582,0.0,94255.375,77.35673523,0.007354736,-1.226652145,1.379649162,285.3701172,12071469.0,22881536.0,16889872.0,0.007465363
2014-02-16 19:00:00,0.000179291,0.0,94313.9375,77.56340027,0.0,-1.484326363,1.540673256,284.2646484,12071469.0,23894064.0,16889872.0,0.007465363
2014-02-16 20:00:00,6.48e-05,0.0,94385.3125,77.94367981,0.001678467,-1.237435341,1.514094353,284.2150879,12084750.0,24909504.0,16916528.0,0.007465363
2014-02-16 21:00:00,0.0,0.0,94453.125,77.13635254,0.002685547,-1.242888451,1.271225929,286.6413574,12559405.0,25969600.0,17531632.0,0.007465363
2014-02-16 22:00:00,0.0,0.0,94507.625,71.61515808,0.0,-1.75881958,0.909941673,288.3728027,13842669.0,27037264.0,19018960.0,0.007465363
2014-02-16 23:00:00,0.0,0.0,94529.8125,64.98538208,0.0,-1.942195892,0.122279167,290.3813477,15934837.0,28137968.0,21338896.0,0.007465363
2014-02-17 00:00:00,4.2e-05,0.0,94505.0625,56.44935608,0.02142334,-1.742969513,-0.686925888,292.3295898,18724944.0,29266352.0,24367744.0,0.007463932
2014-02-17 01:00:00,0.002811432,0.0,94450.4375,54.59584045,0.048187256,-2.136066437,-1.180141449,293.8881836,3143638.0,1188473.0,3432874.0,0.0
2014-02-17 02:00:00,0.004920959,0.0,94411.0625,51.06051636,0.157440186,-1.681497574,-1.218019485,295.2487793,6709152.0,2424260.0,7274034.0,0.0
2014-02-17 03:00:00,0.005413055,0.0,94361.125,48.15548706,0.30267334,-1.359894753,-0.904472351,296.0307617,10299487.0,3648152.0,11167596.0,0.0
2014-02-17 04:00:00,0.005550385,0.0,94294.625,45.52087402,0.233428955,-1.289515495,-0.705171585,296.6413574,13676626.0,4889870.0,14849882.0,0.0
2014-02-17 05:00:00,0.003425598,0.0,94254.6875,43.8089447,0.118286133,-1.330346107,-0.909168243,297.0981445,16612417.0,6154722.0,18088544.0,0.0
2014-02-17 06:00:00,0.000228882,0.0,94211.8125,42.57855225,0.015960693,-1.479194641,-1.282663345,297.2019043,19035872.0,7345179.0,20787424.0,0.0
2014-02-17 07:00:00,0.0,0.0,94208.8125,42.05921936,0.004669189,-1.546240807,-1.842751503,296.9223633,20759552.0,8526315.0,22769792.0,0.0
2014-02-17 08:00:00,0.0,0.0,94204.875,44.07423401,0.0,-1.307139397,-1.889223099,295.9501953,21656592.0,9694565.0,23885808.0,0.0
2014-02-17 09:00:00,0.0,0.0,94229.0,48.49729919,0.000976563,-1.443152428,-1.58343792,292.8442383,21817504.0,10844374.0,24153184.0,0.0
2014-02-17 10:00:00,6.1e-05,0.0,94276.6875,53.6161499,0.006988525,-2.682711601,-1.359210014,292.3979492,21817504.0,12003290.0,24153184.0,0.0
2014-02-17 11:00:00,0.0001297,0.0,94326.875,68.2053833,0.008178711,-3.824662209,-1.337718964,290.9155273,21817504.0,13155695.0,24153184.0,0.0
2014-02-17 12:00:00,0.000209808,0.0,94382.3125,75.06506348,0.012542725,-2.832351685,-0.471796036,289.5581055,21817504.0,14286884.0,24153184.0,0.0
2014-02-17 13:00:00,0.001441956,0.0,94393.875,78.59712219,0.041366577,-1.955024719,0.049132347,288.2844238,21817504.0,15399688.0,24153184.0,0.0
2014-02-17 14:00:00,0.016223907,2.38e-05,94399.1875,81.2881012,0.273345947,-1.989059448,0.28096962,287.0625,21817504.0,16518831.0,24153184.0,0.0
2014-02-17 15:00:00,0.021690369,0.000580788,94370.875,83.34443665,0.403442383,-1.60432148,0.810320854,286.8918457,21817504.0,17662592.0,24153184.0,0.0
2014-02-17 16:00:00,0.019664764,0.001992226,94334.6875,84.22798157,0.566802979,-1.030244827,0.807225227,287.5219727,21817504.0,18897056.0,24153184.0,0.0
2014-02-17 17:00:00,0.015277863,0.006398201,94298.875,84.96420288,0.606018066,-0.925852776,1.12336731,287.0095215,21817504.0,20086944.0,24153184.0,0.0
2014-02-17 18:00:00,0.010410309,0.010556221,94271.4375,86.03747559,0.677764893,-0.892260552,1.267043114,286.6784668,21817504.0,21230096.0,24153184.0,0.0
2014-02-17 19:00:00,0.013565063,0.009644508,94285.0,86.93690491,0.519393921,-0.631093025,1.492101669,286.3254395,21817504.0,22391232.0,24153184.0,0.0
2014-02-17 20:00:00,0.017694473,0.001387119,94306.1875,86.69517517,0.327972412,-0.572104454,0.951083183,287.2368164,21827008.0,23626576.0,24175024.0,0.0
2014-02-17 21:00:00,0.007598877,0.0,94316.625,84.44068909,0.271636963,-1.151741982,0.793335915,288.5168457,22223952.0,24817936.0,24736240.0,0.0
2014-02-17 22:00:00,0.001869202,0.0,94300.125,78.11183167,0.095794678,-0.914880753,0.087827683,290.1374512,23401440.0,26046480.0,26167296.0,0.0
2014-02-17 23:00:00,0.004760742,0.0,94298.9375,70.62240601,0.204437256,-0.44258976,-0.407085419,292.1628418,25423600.0,27252096.0,28475280.0,0.0
2014-02-18 00:00:00,0.010570526,0.0,94259.5,63.91096497,0.227783203,0.140942574,-1.135929108,294.3413086,28113984.0,28491920.0,31480480.0,0.0
2014-02-18 01:00:00,0.014232636,0.0,94193.0,55.58363342,0.229156494,1.260756493,-1.723126411,296.4492188,3196685.0,1241302.0,3517697.0,0.0
2014-02-18 02:00:00,0.055332184,0.0,94119.1875,46.39645386,0.687774658,2.341550827,-1.545005798,297.8789062,6475811.0,2533400.0,7174810.0,0.0
2014-02-18 03:00:00,0.044533867,0.0,94046.125,41.95071411,0.842147827,2.354115486,-1.734787941,298.5341797,9165798.0,3917701.0,10388625.0,0.0
2014-02-18 04:00:00,0.038909912,0.0,93964.5625,38.24507141,0.564478099,2.28579998,-2.174284935,299.0725098,11581682.0,5368147.0,13339003.0,0.0
2014-02-18 05:00:00,0.00617218,0.0,93896.0,36.67166138,0.245802581,2.260335922,-2.514257431,299.09375,13422784.0,6754796.0,15711685.0,0.0
2014-02-18 06:00:00,0.001289368,0.000171185,93827.3125,35.44992065,0.023376465,2.238102913,-2.347770691,299.5959473,15702406.0,8080514.0,18329136.0,0.0
2014-02-18 07:00:00,0.000513077,7.34e-05,93812.875,34.53509521,0.012023926,1.873096466,-2.064176559,299.1745605,17300912.0,9327122.0,20224192.0,0.0
2014-02-18 08:00:00,0.000154495,0.0,93775.75,37.3067627,0.0,0.87295723,-1.375411034,297.9438477,18146736.0,10560812.0,21305776.0,0.0
2014-02-18 09:00:00,0.0,0.000189543,93777.125,41.87002563,0.044723511,0.63962841,-2.109419823,295.8088379,18295328.0,11748121.0,21561824.0,0.0
2014-02-18 10:00:00,0.0,0.001394987,93781.1875,47.14135742,0.121704102,0.387796402,-1.0990839,296.3859863,18295328.0,12933255.0,21561856.0,0.0
2014-02-18 11:00:00,0.0,0.000885487,93813.125,52.0756073,0.134490967,-0.783342362,-0.698988915,293.3552246,18295328.0,14124426.0,21561856.0,0.0
2014-02-18 12:00:00,0.000816345,0.0,93809.4375,54.71052551,0.049102783,-1.051996231,-1.246160507,292.0488281,18295328.0,15311697.0,21561856.0,0.0
2014-02-18 13:00:00,0.005844116,0.0,93798.25,58.82188416,0.135345459,-1.809165001,-1.582745552,291.1860352,18295328.0,16503883.0,21561856.0,0.0
2014-02-18 14:00:00,0.007299423,0.0,93756.9375,70.57672119,0.095214844,-1.567152977,-1.727041245,290.7888184,18295328.0,17706752.0,21561856.0,0.0
2014-02-18 15:00:00,0.011169434,0.0,93706.5,76.7878418,0.158996582,-0.872303963,-2.198020935,290.692627,18295328.0,18930480.0,21561856.0,0.0
2014-02-18 16:00:00,0.013824463,0.0,93656.5,78.02516174,0.099212646,-0.278757095,-2.246631622,290.9707031,18295328.0,20167728.0,21561856.0,0.0
2014-02-18 17:00:00,0.014205933,0.000252724,93592.6875,81.36009216,0.055099487,-0.142210007,-2.190725327,290.7385254,18295328.0,21420592.0,21561856.0,0.0
2014-02-18 18:00:00,0.007017508,0.0,93557.375,84.6124115,0.041046143,0.282617569,-1.710148811,290.435791,18295328.0,22647232.0,21561856.0,0.0
2014-02-18 19:00:00,0.003790329,0.000762939,93548.5625,86.78860474,0.068237305,0.330950737,-1.779423714,289.9509277,18295328.0,23859872.0,21561856.0,0.0
2014-02-18 20:00:00,0.008407593,0.000265121,93581.125,89.12870789,0.081695557,1.026931763,-1.612149239,289.5571289,18304624.0,25054304.0,21581552.0,0.0
2014-02-18 21:00:00,0.01625061,4.67e-05,93601.375,87.99172974,0.146972656,1.15421772,-1.477272034,291.9084473,18712960.0,26307872.0,22155504.0,0.0
2014-02-18 22:00:00,0.037399292,8.82e-05,93599.4375,81.14520264,0.365966797,2.219443321,-2.140219688,293.9301758,19714560.0,27614528.0,23457136.0,0.0
2014-02-18 23:00:00,0.113777161,0.0,93567.6875,75.37254333,0.881317139,3.280203819,-3.106327057,295.6721191,21341680.0,28964208.0,25474288.0,0.0
2014-02-19 00:00:00,0.113638103,0.001443863,93511.5,71.4553833,0.598815918,4.04944706,-3.693766594,296.4245605,23026448.0,30357296.0,27700432.0,0.000467777
2014-02-19 01:00:00,0.022263043,0.007774353,93336.3125,58.1545105,0.431328297,1.9422369,-4.780269623,300.0402832,3062360.0,1397042.0,3439209.0,0.0
2014-02-19 02:00:00,0.054996587,0.149795532,93196.875,47.09738159,0.910307169,2.66163063,-5.207406044,301.1599121,6285060.0,2800499.0,7158801.0,0.0
2014-02-19 03:00:00,0.169734001,0.207015991,93278.3125,76.05027771,0.903320313,2.777151108,-6.076888084,295.904541,8173945.0,4213622.0,9862021.0,0.004667282
2014-02-19 04:00:00,0.051391602,0.071586609,93120.875,69.60015869,0.853515625,1.233980179,-4.26363945,297.3637695,9999673.0,5630881.0,12494262.0,0.004979372
2014-02-19 05:00:00,0.29336983,0.079597473,93086.875,81.14553833,0.865112305,1.884536743,-5.291332245,295.1413574,12104830.0,7072312.0,15258347.0,0.009342194
2014-02-19 06:00:00,0.036929477,0.001914978,93028.375,71.66271973,0.231409729,0.430689812,-5.188066483,296.5114746,13506449.0,8485684.0,17265712.0,0.009429932
2014-02-19 07:00:00,0.225390077,0.178703308,92967.0,63.38908386,0.805969238,-0.115523338,-5.156878471,297.2229004,14806305.0,9887983.0,18952416.0,0.00946331
2014-02-19 08:00:00,0.180465698,0.051071167,93037.8125,83.09239197,0.580291748,2.116893768,-5.3979702,294.0769043,15214549.0,11300709.0,19649328.0,0.013400555
2014-02-19 09:00:00,0.115333557,0.008430481,93133.0625,86.29229736,0.398925781,2.116333961,-4.700982094,293.0725098,15320901.0,12631161.0,19862368.0,0.013554096
2014-02-19 10:00:00,0.015052795,0.000133514,93199.625,85.72776794,0.149688721,2.454283714,-3.786664009,292.6259766,15320901.0,13953800.0,19862128.0,0.013624668
2014-02-19 11:00:00,0.001731873,5.72e-06,93323.375,66.15345764,0.041992188,5.296525002,-1.012407303,291.684082,15320901.0,15187473.0,19862128.0,0.013624668
2014-02-19 12:00:00,0.004425049,0.0,93419.375,63.60346985,0.242462158,4.757813454,-1.363350868,290.3044434,15320901.0,16344153.0,19862128.0,0.013624668
2014-02-19 13:00:00,0.001647949,0.0,93428.625,63.05223083,0.034667969,4.695613861,-1.607043266,289.7695312,15320901.0,17506400.0,19862128.0,0.013624668
2014-02-19 14:00:00,0.001117706,0.0,93454.0,63.02223206,0.012710571,4.985858917,-1.379515648,288.8886719,15320901.0,18609936.0,19862128.0,0.013624668
2014-02-19 15:00:00,0.000270844,0.0,93486.5,63.43623352,0.0,4.842154503,-1.464903831,287.9223633,15320901.0,19685840.0,19862128.0,0.013624668
2014-02-19 16:00:00,0.0,0.0,93498.625,62.6900177,0.0,4.637675285,-1.681713104,286.9689941,15320901.0,20723600.0,19862128.0,0.013624668
2014-02-19 17:00:00,0.0,0.0,93528.6875,60.27897644,0.000976563,4.420796394,-1.823223114,286.2775879,15320901.0,21743264.0,19862128.0,0.013624668
2014-02-19 18:00:00,0.0,0.0,93567.9375,62.35906982,0.006378174,4.355300903,-1.729946136,285.421875,15320901.0,22737632.0,19862128.0,0.013624668
2014-02-19 19:00:00,0.0001297,0.0,93656.9375,66.24562073,0.024719238,3.977793694,-1.430030823,284.5551758,15320901.0,23712464.0,19862128.0,0.013624668
2014-02-19 20:00:00,0.000488281,0.0,93750.3125,70.84085083,0.030700684,3.588543892,-1.36823082,284.0239258,15329603.0,24679248.0,19879120.0,0.013624668
2014-02-19 21:00:00,0.000606537,0.0,93849.5,71.52418518,0.063049316,4.694144249,-1.46551609,284.8806152,15758132.0,25668656.0,20439440.0,0.013624668
2014-02-19 22:00:00,0.015184402,0.0,93936.125,65.81391907,0.782623291,5.347839355,-0.926445961,286.1652832,16917936.0,26727712.0,21798256.0,0.013624668
2014-02-19 23:00:00,0.036010742,0.0,93997.4375,59.24835205,0.862716675,5.292339325,-0.980648994,287.2651367,18434672.0,27903472.0,23632944.0,0.013624668
2014-02-20 00:00:00,0.040271759,0.0,94048.625,52.68830872,0.75869751,5.482595444,-1.03101635,288.5739746,20458704.0,29168048.0,26032160.0,0.013624668
2014-02-20 01:00:00,0.045150757,5.72e-06,94062.4375,51.98910522,0.967254639,6.451372147,-0.800758362,288.5571289,2393830.0,1268605.0,2811387.0,0.0
2014-02-20 02:00:00,0.031032562,2.19e-05,94100.75,48.10092163,0.990356445,6.440537453,-0.61583519,289.2473145,4712116.0,2567681.0,5635410.0,0.0
2014-02-20 03:00:00,0.012185097,0.0,94093.875,42.75654602,0.628616333,6.198613167,-0.463513374,290.230957,7272956.0,3848350.0,8679688.0,0.0
2014-02-20 04:00:00,0.00186491,0.0,94054.25,36.02801514,0.12676239,5.954315186,-0.600870132,291.3525391,10445567.0,5058542.0,12136207.0,0.0
2014-02-20 05:00:00,2.34e-05,0.0,94047.5,34.16096497,0.003860474,5.977154732,-0.263332367,291.5825195,13501076.0,6120780.0,15398595.0,0.0
2014-02-20 06:00:00,0.0,0.0,94053.875,33.84941101,0.0,5.716116905,-0.034179688,291.3374023,15978939.0,7156599.0,18077472.0,0.0
2014-02-20 07:00:00,0.0,0.0,94118.4375,33.13085938,0.0,5.4000597,0.12183857,290.7209473,17703952.0,8172711.0,19998160.0,0.0
2014-02-20 08:00:00,0.0,0.0,94216.25,35.99667358,0.0,4.437282562,-0.048020363,289.5893555,18587312.0,9170207.0,21055792.0,0.0
2014-02-20 09:00:00,0.0,0.0,94285.6875,40.92877197,0.0,3.094546318,-0.466905594,287.7941895,18728000.0,10150006.0,21283776.0,0.0
2014-02-20 10:00:00,0.0,0.0,94375.375,44.1275177,0.0,2.50856781,-0.69393158,286.4350586,18728000.0,11130577.0,21283776.0,0.0
2014-02-20 11:00:00,0.0,0.0,94485.125,45.31358337,0.0,2.051187515,-0.989243507,285.048584,18728000.0,12097604.0,21283776.0,0.0
2014-02-20 12:00:00,0.0,0.0,94517.5,45.45072937,0.0,2.086181641,-0.991331101,284.0634766,18728000.0,13052119.0,21283776.0,0.0
2014-02-20 13:00:00,0.0,0.0,94534.8125,46.58906555,0.0,2.23608017,-0.741563797,283.3444824,18728000.0,14002010.0,21283776.0,0.0
2014-02-20 14:00:00,0.0,0.0,94512.5,47.62557983,0.0,2.372471809,-0.680235863,282.6628418,18728000.0,14948353.0,21283776.0,0.0
2014-02-20 15:00:00,0.0,0.0,94502.5625,49.39482117,0.0,2.249197006,-0.877708435,282.2600098,18728000.0,15891956.0,21283776.0,0.0
2014-02-20 16:00:00,0.0,0.0,94489.5,51.59686279,0.0,2.054099083,-1.190216064,281.8303223,18728000.0,16830064.0,21283776.0,0.0
2014-02-20 17:00:00,0.0,0.0,94494.0625,53.46063232,0.0,2.071136475,-1.095527649,281.5671387,18728000.0,17765440.0,21283776.0,0.0
2014-02-20 18:00:00,0.0,0.0,94507.875,55.32414246,0.0,2.212443352,-0.822572708,281.2470703,18728000.0,18697680.0,21283776.0,0.0
2014-02-20 19:00:00,0.0,0.0,94538.625,56.99996948,0.0,2.285214424,-0.555325508,280.7995605,18728000.0,19627552.0,21283776.0,0.0
2014-02-20 20:00:00,0.0,0.0,94593.125,58.53089905,0.0,2.0815382,-0.003411293,280.6396484,18735824.0,20553712.0,21298880.0,0.0
2014-02-20 21:00:00,0.0,0.0,94664.6875,60.95083618,0.0,1.342307091,0.431352615,283.4689941,19175312.0,21517920.0,21860096.0,0.0
2014-02-20 22:00:00,0.0,0.0,94702.125,54.36381531,0.0,0.997872949,0.577496648,285.9953613,20436688.0,22511744.0,23289872.0,0.0
2014-02-20 23:00:00,0.0,0.0,94730.4375,47.66133118,0.0,0.538794518,0.564382136,288.3605957,22518560.0,23531808.0,25547024.0,0.0
2014-02-21 00:00:00,0.0,0.0,94742.5,41.47901917,0.0,0.064972878,0.258810818,290.5522461,25311040.0,24581440.0,28510160.0,0.0
2014-02-21 01:00:00,0.0,0.0,94747.375,36.320755,0.0,-0.437865257,-0.596962929,292.4331055,3326902.0,1075436.0,3489933.0,0.0
2014-02-21 02:00:00,0.0,0.0,94712.875,34.39582825,0.0,0.026961327,-1.012985229,293.6882324,6962233.0,2159288.0,7291126.0,0.0
2014-02-21 03:00:00,0.0,0.0,94661.25,33.2071991,0.0,0.186393738,-1.113710403,294.6601562,10654004.0,3258564.0,11165220.0,0.0
2014-02-21 04:00:00,0.0,0.0,94623.75,32.66096497,0.0,0.086960793,-1.250854492,295.4030762,14148507.0,4371651.0,14867478.0,0.0
2014-02-21 05:00:00,0.0,0.0,94585.0,32.22059631,0.0,0.060232162,-1.506073952,295.8425293,17211248.0,5494662.0,18163856.0,0.0
2014-02-21 06:00:00,0.0,0.0,94553.0625,33.21116638,0.0,0.460279465,-1.702058792,295.911377,19645328.0,6620331.0,20849344.0,0.0
2014-02-21 07:00:00,0.0,0.0,94566.6875,34.56370544,0.0,1.191138268,-1.987382889,295.6508789,21311728.0,7741752.0,22763344.0,0.0
2014-02-21 08:00:00,0.0,0.0,94607.375,35.37812805,0.001678467,1.207838058,-1.519625664,294.2810059,22151216.0,8851106.0,23811872.0,0.0
2014-02-21 09:00:00,0.00202179,0.0,94695.8125,39.02574158,0.04788208,0.825875282,-1.256336212,291.2980957,22276560.0,9941974.0,24030016.0,0.0
2014-02-21 10:00:00,0.008914948,0.0,94823.375,48.54206848,0.174468994,-2.227590561,0.657071114,290.2727051,22276560.0,11046660.0,24030016.0,0.0
2014-02-21 11:00:00,0.002235413,0.0,94935.5,64.55383301,0.102416992,-4.278806686,-0.008861542,288.1901855,22276560.0,12165627.0,24030016.0,0.0
2014-02-21 12:00:00,0.001419067,0.0,94995.4375,72.95491028,0.028991699,-2.798781395,-0.387543678,287.1027832,22276560.0,13258535.0,24030016.0,0.0
2014-02-21 13:00:00,0.018814087,0.0,95019.5625,77.32392883,0.270935059,-2.038668633,-0.121703148,285.9343262,22276560.0,14323349.0,24030016.0,0.0
2014-02-21 14:00:00,0.029220581,0.0,94996.5,80.24031067,0.469238281,-1.373587608,0.379653931,286.1479492,22276560.0,15498258.0,24030016.0,0.0
2014-02-21 15:00:00,0.035003662,0.0,94978.375,80.4133606,0.602966309,-1.023023605,0.543068886,286.2841797,22276560.0,16713758.0,24030016.0,0.0
2014-02-21 16:00:00,0.043228149,0.0,94948.8125,82.04780579,0.585479736,-0.784291267,0.897090912,286.6262207,22276560.0,17889504.0,24030016.0,0.0
2014-02-21 17:00:00,0.077682495,0.0,94939.3125,84.12774658,1.0,-0.493672371,1.123486519,286.501709,22276560.0,19077584.0,24030016.0,0.0
2014-02-21 18:00:00,0.140396118,0.0,94944.625,83.86180115,1.0,-0.333493233,0.793362618,286.7722168,22276560.0,20400720.0,24030016.0,7.29e-05
2014-02-21 19:00:00,0.14189148,0.0,94976.75,83.79446411,0.982666016,-0.585637093,0.613249779,287.1054688,22276560.0,21750096.0,24030016.0,0.000116706
2014-02-21 20:00:00,0.125068665,0.0,95010.1875,83.34820557,0.970001221,-1.005940437,0.142105103,287.1862793,22279616.0,23099024.0,24041088.0,0.0001477
2014-02-21 21:00:00,0.087112427,0.0,95060.8125,82.44458008,0.85333252,-1.399148941,-0.628133774,287.5083008,22438672.0,24452016.0,24388400.0,0.000181913
2014-02-21 22:00:00,0.080070496,0.0,95080.875,76.87886047,0.995330811,-1.146052361,-1.446647644,288.1994629,23006784.0,25749424.0,25288176.0,0.00019002
2014-02-21 23:00:00,0.081077576,0.0,95091.375,71.03778076,0.981933594,-0.236237526,-1.703783035,289.1311035,23899152.0,27119248.0,26672896.0,0.000197411
2014-02-22 00:00:00,0.038795471,0.0,95069.4375,66.85121155,0.962615967,0.380778313,-1.505090714,290.2314453,25307328.0,28502960.0,28664752.0,0.000197649
2014-02-22 01:00:00,0.001304626,0.0,95040.25,54.97648621,0.195739746,-0.01595974,-1.184188843,293.4611816,3199152.0,1219573.0,3476095.0,0.0
2014-02-22 02:00:00,0.003944397,0.0,94975.0625,50.83613586,0.135620117,0.369417191,-0.891124725,294.7766113,6714400.0,2415788.0,7267640.0,0.0
2014-02-22 03:00:00,0.012367249,0.0,94932.0,47.45452881,0.313690186,0.602650642,0.139612198,295.9233398,10180045.0,3674898.0,11048376.0,0.0
2014-02-22 04:00:00,0.016677856,0.0,94872.25,44.05882263,0.633666992,0.182021141,0.020028114,296.7998047,13548915.0,4919869.0,14722913.0,0.0
2014-02-22 05:00:00,0.04296875,0.0,94807.375,41.9775238,0.72341919,-0.409404755,-0.654709816,297.4309082,16288475.0,6228704.0,17799872.0,0.0
2014-02-22 06:00:00,0.008349419,0.0,94757.125,42.93727112,0.468276978,-1.061513901,-1.958708763,297.1933594,17969312.0,7539505.0,19851376.0,0.0
2014-02-22 07:00:00,0.000888824,0.0,94800.375,41.7686615,0.041000366,-0.189214706,-1.702470779,296.9760742,19425040.0,8791200.0,21601952.0,0.0
2014-02-22 08:00:00,0.002372742,0.0,94856.875,42.09461975,0.061233521,-0.502163887,-0.632498741,296.2548828,20213968.0,9986063.0,22613920.0,0.0
2014-02-22 09:00:00,0.004516602,0.0,94963.0625,55.9026947,0.052032471,-4.220485687,1.095658302,292.8430176,20328256.0,11154884.0,22818880.0,0.0
2014-02-22 10:00:00,0.002235413,0.0,95091.875,70.64427185,0.042175293,-4.589331627,0.836380959,290.1401367,20328256.0,12357219.0,22818992.0,0.0
2014-02-22 11:00:00,0.003715515,0.0,95199.875,74.93171692,0.047424316,-3.90348053,0.881469727,288.5891113,20328256.0,13483112.0,22818992.0,0.0
2014-02-22 12:00:00,0.012199402,0.0,95240.4375,77.51637268,0.130096436,-3.072027206,0.531104088,287.6594238,20328256.0,14633330.0,22818992.0,0.0
2014-02-22 13:00:00,0.014335632,0.0,95248.8125,77.71182251,0.158386231,-2.272744179,0.295104981,287.0661621,20328256.0,15771807.0,22818992.0,0.0
2014-02-22 14:00:00,0.013511658,0.0,95238.4375,78.14231873,0.149383545,-1.932722092,0.306277275,286.388916,20328256.0,16881856.0,22818992.0,0.0
2014-02-22 15:00:00,0.018981934,0.0,95224.3125,78.42488098,0.26272583,-1.64932251,0.628633499,285.8833008,20328256.0,17983968.0,22818992.0,0.0
2014-02-22 16:00:00,0.027877808,0.0,95196.875,77.26011658,0.492156982,-1.268093109,0.854341507,286.4106445,20328256.0,19178048.0,22818992.0,0.0
2014-02-22 17:00:00,0.025901794,0.0,95188.625,77.67102051,0.563903809,-1.286377907,1.034740448,285.8200684,20328256.0,20315296.0,22818992.0,0.0
2014-02-22 18:00:00,0.016601563,0.0,95185.3125,78.38912964,0.428527832,-1.123800278,0.962001801,286.2744141,20328256.0,21536992.0,22818992.0,0.0
2014-02-22 19:00:00,0.007759094,0.0,95199.4375,80.41967773,0.322967529,-1.251103401,1.036396027,285.6850586,20328256.0,22678592.0,22818992.0,0.0
2014-02-22 20:00:00,0.013660431,0.0,95234.5,82.88114929,0.354125977,-1.253718376,1.090798378,285.3723145,20333728.0,23788208.0,22830816.0,0.0
2014-02-22 21:00:00,0.022102356,0.0,95287.4375,82.13031006,0.557403565,-1.493532181,0.841403008,287.2612305,20671584.0,24904400.0,23314928.0,0.0
2014-02-22 22:00:00,0.046066284,0.0,95326.25,70.4750824,0.900634766,-2.596593857,0.604337692,288.5424805,21527168.0,26161136.0,24440400.0,0.0
2014-02-22 23:00:00,0.012802124,0.0,95348.375,65.22506714,0.71194458,-2.622767448,0.480617523,289.4956055,22822048.0,27454352.0,26118112.0,0.0
2014-02-23 00:00:00,0.001174927,0.0,95331.5625,55.0838623,0.148925781,-2.584988594,0.306158066,291.3203125,25348144.0,28652864.0,28923328.0,0.0
2014-02-23 01:00:00,0.001995087,0.0,95316.1875,53.11976624,0.081695557,-2.915811539,-0.389645577,292.4006348,2874343.0,1282264.0,3213904.0,0.0
2014-02-23 02:00:00,0.000572205,0.0,95257.8125,47.15118408,0.026031494,-2.682962418,-0.525380135,293.901123,6379792.0,2446877.0,6976439.0,0.0
2014-02-23 03:00:00,0.0001297,0.0,95160.6875,42.03598022,0.010009766,-2.330462456,-0.470310211,295.0881348,9991555.0,3608628.0,10834779.0,0.0
2014-02-23 04:00:00,0.0,0.0,95077.0625,38.34407043,0.0,-2.040925026,-0.526150703,295.923584,13423488.0,4770724.0,14514882.0,0.0
2014-02-23 05:00:00,0.0,0.0,95045.75,36.11494446,0.0,-1.955784798,-0.678200722,296.4675293,16440831.0,5929203.0,17782960.0,0.0
2014-02-23 06:00:00,0.0,0.0,94992.125,35.54211426,0.0,-1.908894539,-0.836528778,296.5563965,18840560.0,7081810.0,20436240.0,0.0
2014-02-23 07:00:00,0.0,0.0,94984.125,36.68432617,0.0,-1.95745182,-1.170850754,296.1953125,20473408.0,8227171.0,22316048.0,0.0
2014-02-23 08:00:00,0.0,0.0,94990.9375,41.02729797,0.0,-1.599803925,-1.479606628,295.0227051,21278368.0,9363185.0,23329840.0,0.0
2014-02-23 09:00:00,0.0,0.0,95020.9375,47.45225525,0.0,-1.513484955,-1.51554966,291.9851074,21385536.0,10489374.0,23523760.0,0.0
2014-02-23 10:00:00,0.0,0.0,95068.9375,54.6615448,0.0,-1.865920067,-1.447818756,291.0319824,21385536.0,11630866.0,23523744.0,0.0
2014-02-23 11:00:00,0.0,0.0,95112.5,61.90036011,0.0,-2.032095909,-1.218702316,289.8659668,21385536.0,12763690.0,23523744.0,0.0
2014-02-23 12:00:00,0.0,0.0,95114.4375,69.34507751,0.0,-1.835673332,-0.941408157,288.526123,21385536.0,13882011.0,23523744.0,0.0
2014-02-23 13:00:00,0.00047493,0.0,95103.5,76.26802063,0.014404297,-1.861085892,-0.608279228,287.3793945,21385536.0,14985115.0,23523744.0,0.0
2014-02-23 14:00:00,0.002141953,0.0,95103.5625,81.5675354,0.019836426,-1.551000595,0.524035454,287.5917969,21385536.0,16079737.0,23523744.0,0.0
2014-02-23 15:00:00,0.003526688,0.0,95085.0625,84.73838806,0.07901001,-0.725827217,1.19082737,287.2370605,21385536.0,17176784.0,23523744.0,0.0
2014-02-23 16:00:00,0.003639221,0.0,95047.5,87.17462158,0.10824585,-0.739301682,1.142724037,287.2250977,21385536.0,18285184.0,23523744.0,0.0
2014-02-23 17:00:00,0.002954483,0.0,95019.5625,89.30256653,0.09223938,-0.689296722,0.826860428,287.2001953,21385536.0,19413968.0,23523744.0,0.0
2014-02-23 18:00:00,0.002554893,0.0,95006.1875,90.54646301,0.087814331,-0.261436462,0.508593559,286.9291992,21385536.0,20539616.0,23523744.0,0.0
2014-02-23 19:00:00,0.001925945,0.0,95011.4375,91.34822083,0.071533203,0.01440239,0.432291031,286.5471191,21385536.0,21637232.0,23523744.0,0.0
2014-02-23 20:00:00,0.001045227,0.0,95023.0,92.65931702,0.038879395,-0.035112381,0.242012024,286.1015625,21390400.0,22721712.0,23533728.0,0.0
2014-02-23 21:00:00,0.000768185,0.0,95053.125,91.18798828,0.090042114,0.089862823,0.309976578,287.0888672,21773024.0,23838432.0,24060256.0,0.0
2014-02-23 22:00:00,8.2e-05,0.0,95067.125,81.56799316,0.01776123,0.174417496,0.227860451,289.3693848,22930656.0,24992624.0,25452144.0,0.0
2014-02-23 23:00:00,0.0,0.0,95053.625,71.40664673,0.0,0.387004852,0.029675484,291.7248535,24878944.0,26166592.0,27674592.0,0.0
2014-02-24 00:00:00,0.0,0.0,95024.1875,61.4259491,0.0,0.395600319,0.073163986,294.1882324,27533760.0,27369744.0,30620368.0,0.0
2014-02-24 01:00:00,0.0,0.0,94988.6875,51.55014038,0.0,0.012203217,0.05974102,296.5310059,3179720.0,1236440.0,3475852.0,0.0
2014-02-24 02:00:00,0.000234604,0.0,94912.1875,44.12593079,0.000961304,-0.461703301,0.043017387,298.2087402,6664679.0,2488756.0,7262649.0,0.0
2014-02-24 03:00:00,0.008449554,1.81e-05,94839.0625,38.37115479,0.049713135,-0.621129036,-0.429198265,299.3481445,10211021.0,3749763.0,11116092.0,0.0
2014-02-24 04:00:00,0.018512726,0.00025177,94756.375,35.74452209,0.10987854,-0.55096817,-0.731233597,299.9702148,13509216.0,5021969.0,14740697.0,0.0
2014-02-24 05:00:00,0.041696548,0.003091812,94693.125,32.74526978,0.294219971,-0.469114304,-0.659049988,300.1918945,16226931.0,6293397.0,17840928.0,0.0
2014-02-24 06:00:00,0.063014984,0.013856888,94657.6875,31.22441101,0.416351318,-0.58684063,-0.530524254,300.1269531,18288864.0,7617612.0,20192304.0,0.0
2014-02-24 07:00:00,0.091251373,0.014726639,94689.5,30.02423096,0.485656738,-1.466191292,-0.002809525,299.5151367,19502400.0,8886126.0,21738400.0,0.0
2014-02-24 08:00:00,0.051422119,0.006024361,94690.875,37.3215332,0.601303101,-2.961524963,0.931230545,297.5212402,20044400.0,10172542.0,22527856.0,0.0
2014-02-24 09:00:00,0.001532555,0.000375032,94773.8125,53.92169189,0.053848267,-4.501720428,0.926557541,295.0168457,20129088.0,11484485.0,22695808.0,0.0
2014-02-24 10:00:00,4.67e-05,0.0,94832.625,64.62709045,0.000961304,-3.466233253,0.32831955,293.1381836,20129088.0,12702118.0,22695920.0,0.0
2014-02-24 11:00:00,0.000398636,0.0,94893.3125,70.80879211,0.010223389,-2.537826538,0.050325394,291.682373,20129088.0,13891182.0,22695920.0,0.0
2014-02-24 12:00:00,0.001996994,0.0,94906.1875,77.27078247,0.029083252,-1.577671051,0.721800804,290.0583496,20129088.0,15055550.0,22695920.0,0.0
2014-02-24 13:00:00,0.004676819,0.0,94889.3125,81.05931091,0.058410645,-0.956719399,1.612765312,288.9938965,20129088.0,16206408.0,22695920.0,0.0
2014-02-24 14:00:00,0.008991241,0.0,94848.25,84.34953308,0.183639526,-0.645136833,1.800276756,288.3781738,20129088.0,17353792.0,22695920.0,0.0
2014-02-24 15:00:00,0.01187706,0.0,94793.25,87.23100281,0.152297974,-0.679097176,1.902352333,287.7844238,20129088.0,18502208.0,22695920.0,0.0
2014-02-24 16:00:00,0.009173393,0.0,94741.8125,89.53491211,0.108352661,-0.690897942,1.934337616,287.2485352,20129088.0,19633664.0,22695920.0,0.0
2014-02-24 17:00:00,0.007506371,0.0,94713.25,90.43829346,0.088165283,-0.642508507,1.571246147,287.5688477,20129088.0,20824352.0,22695920.0,0.0
2014-02-24 18:00:00,0.005505562,0.0,94683.4375,91.97398376,0.042419434,-0.791376114,2.010769844,286.5397949,20129088.0,21927840.0,22695920.0,0.0
2014-02-24 19:00:00,0.004179001,0.0,94692.4375,93.38331604,0.04006958,-0.39961338,1.849734306,286.8046875,20129088.0,23049312.0,22695920.0,0.0
2014-02-24 20:00:00,0.002933502,0.0,94709.0,95.03704834,0.042053223,-0.525621414,1.582782745,286.737793,20133456.0,24136640.0,22704768.0,0.0
2014-02-24 21:00:00,0.001953125,0.0,94733.4375,90.94142151,0.030914307,-0.430047989,0.756165505,288.5185547,20500992.0,25265952.0,23213760.0,0.0
2014-02-24 22:00:00,0.000748158,0.0,94731.6875,72.41879272,0.012680054,-0.1779356,0.053640366,291.2856445,21656000.0,26436912.0,24595232.0,0.0
2014-02-24 23:00:00,0.0,0.0,94711.5,60.98095703,0.0,0.355250359,-0.731445313,293.5610352,23611360.0,27620928.0,26812096.0,0.0
2014-02-25 00:00:00,0.0,0.0,94663.1875,53.81277466,0.0,0.895740509,-1.465806007,295.8520508,26262176.0,28830208.0,29741440.0,0.0
2014-02-25 01:00:00,0.000629425,0.0,94597.4375,46.72105408,0.003646851,1.159203529,-1.893167496,297.9934082,3153310.0,1244437.0,3452926.0,0.0
2014-02-25 02:00:00,0.001913071,0.0,94491.625,36.98554993,0.004821777,1.613154411,-2.151146889,299.4772949,6580102.0,2504734.0,7188922.0,0.0
2014-02-25 03:00:00,0.002593994,2.19e-05,94384.0625,31.82818604,0.061386108,1.61571312,-2.51402092,300.4055176,10113243.0,3761310.0,11020947.0,0.0
2014-02-25 04:00:00,0.004806407,0.0,94298.5,29.94595337,0.169906616,1.706004143,-2.889638901,300.8818359,13425700.0,5021865.0,14636071.0,0.0
2014-02-25 05:00:00,0.004935585,0.0,94203.9375,29.10075378,0.245081902,2.023582458,-3.042514801,301.0424805,16326986.0,6275162.0,17839328.0,0.0
2014-02-25 06:00:00,0.001833974,0.0,94154.8125,28.41244507,0.161598921,2.249498367,-2.979842186,300.8493652,18621824.0,7534459.0,20426144.0,0.0
2014-02-25 07:00:00,0.000358582,0.0,94133.375,27.54592896,0.06413269,2.148504257,-2.787370682,300.3186035,20191632.0,8805236.0,22265520.0,0.0
2014-02-25 08:00:00,0.001220703,4.48e-05,94128.25,30.48922729,0.013580322,0.88659668,-1.768894196,298.5366211,20957696.0,10007058.0,23247920.0,0.0
2014-02-25 09:00:00,0.002746582,0.000277042,94157.0,32.75770569,0.039108276,0.450387001,-2.713178635,294.8068848,21047760.0,11194478.0,23419952.0,0.0
2014-02-25 10:00:00,0.006435394,0.00030899,94204.125,35.77146912,0.166320801,-0.000761986,-2.511573792,294.1965332,21047760.0,12420298.0,23420192.0,0.0
2014-02-25 11:00:00,0.001552582,0.000227928,94228.3125,39.20269775,0.128631592,0.157958031,-2.76995182,294.0622559,21047760.0,13660433.0,23420192.0,0.0
2014-02-25 12:00:00,0.0041008,3.81e-05,94242.9375,40.2587738,0.173080444,0.689383507,-2.688685417,293.5407715,21047760.0,14889762.0,23420192.0,0.0
2014-02-25 13:00:00,0.005031586,0.000315666,94221.5625,41.22747803,0.412384033,0.924078941,-2.334364891,292.7905273,21047760.0,16130668.0,23420192.0,0.0
2014-02-25 14:00:00,0.002365112,0.000824928,94199.75,43.65310669,0.338317871,0.628540993,-1.993746758,292.1826172,21047760.0,17410672.0,23420192.0,0.0
2014-02-25 15:00:00,4.58e-05,0.002062798,94145.1875,46.4854126,0.363162816,0.432395935,-2.019133568,291.2980957,21047760.0,18665152.0,23420192.0,0.0
2014-02-25 16:00:00,0.002277374,0.002087593,94111.4375,49.02638245,0.380887151,0.438828468,-2.204606056,290.4260254,21047760.0,19852480.0,23420192.0,0.0
2014-02-25 17:00:00,0.012260437,0.004022598,94130.5,51.05877686,0.507678151,1.007868767,-1.971000671,290.2712402,21047760.0,21037904.0,23420192.0,0.0
2014-02-25 18:00:00,0.012832642,0.005134583,94166.8125,53.09286499,0.464934886,1.046311378,-1.907022476,290.1452637,21047760.0,22257728.0,23420192.0,0.0
2014-02-25 19:00:00,0.010349274,0.008460362,94190.6875,54.63265991,0.617108941,1.281867027,-1.886359215,290.4726562,21047760.0,23506784.0,23420192.0,0.0
2014-02-25 20:00:00,0.01581955,0.007918395,94221.25,55.72080994,0.570702791,1.518766403,-1.625769615,290.1933594,21050576.0,24731696.0,23426080.0,0.0
2014-02-25 21:00:00,0.014148712,0.007441841,94242.9375,56.51594543,0.697368503,1.426207542,-1.409031868,292.1682129,21307616.0,25997792.0,23833536.0,0.0
2014-02-25 22:00:00,0.016868591,0.01405349,94272.0,50.25662231,0.776652515,2.079919815,-2.282047272,294.9785156,22216512.0,27310144.0,25026016.0,0.0
2014-02-25 23:00:00,0.028807458,0.066251099,94317.5,52.01277161,0.947877646,4.253646851,-3.909612656,295.9567871,23689936.0,28626544.0,26884096.0,0.0
2014-02-26 00:00:00,0.096896052,0.025482569,94357.125,50.1424408,0.967247963,4.460064888,-3.858997345,296.9326172,25481456.0,29981392.0,29184976.0,0.0
2014-02-26 01:00:00,0.012399629,0.01512504,94321.6875,56.41667175,0.649005473,3.788514137,-3.816094398,297.4919434,2500765.0,1366469.0,3038483.0,0.0
2014-02-26 02:00:00,0.013686758,0.032384314,94221.25,49.09039307,0.712921977,3.944209099,-4.828616142,298.2912598,5224221.0,2750964.0,6300843.0,0.0
2014-02-26 03:00:00,0.127816498,0.028873131,94182.375,62.59642029,0.854154646,3.887402534,-3.306461334,296.5864258,7757423.0,4117957.0,9418284.0,0.001983643
2014-02-26 04:00:00,0.019666348,0.037120994,94106.0,50.93637085,0.850065291,3.784053802,-3.504133224,298.3867188,9882587.0,5499647.0,12170178.0,0.001995564
2014-02-26 05:00:00,0.289392948,0.153218687,94126.75,62.4362793,0.958840132,5.488968849,-2.768102646,295.5585938,11937638.0,6876283.0,14785275.0,0.003720284
2014-02-26 06:00:00,0.079986572,0.02316571,94153.625,61.55274963,0.526782394,3.213083267,-0.760881424,295.3693848,12997979.0,8222279.0,16408891.0,0.004005432
2014-02-26 07:00:00,0.10337019,0.029037476,94186.75,64.28781128,0.638733447,2.251029015,-0.396503449,295.4257812,13868668.0,9581742.0,17720640.0,0.004031181
2014-02-26 08:00:00,0.0989393,0.085334778,94241.25,71.90969849,0.713928223,1.757036209,-0.442115784,294.2409668,14380681.0,10939742.0,18472224.0,0.005203307
2014-02-26 09:00:00,0.012538008,0.048625946,94306.9375,76.72686768,0.558685303,0.926786423,-0.571182251,292.7436523,14423189.0,12262255.0,18595104.0,0.005225684
2014-02-26 10:00:00,0.040252686,0.083339691,94410.3125,84.42893982,0.64465332,1.708053589,0.211006165,291.1345215,14423189.0,13522541.0,18594800.0,0.005894735
2014-02-26 11:00:00,0.007614136,0.009771347,94411.625,86.00012207,0.146118164,0.628333092,-0.70095253,290.7749023,14423189.0,14817395.0,18594800.0,0.005903948
2014-02-26 12:00:00,0.004395243,0.000326157,94436.4375,88.37414551,0.052825928,0.147378922,-1.321136475,289.293457,14423189.0,16006265.0,18594800.0,0.005904097
2014-02-26 13:00:00,0.007223982,0.0,94450.625,91.21691895,0.121326685,-0.53778553,0.197256088,289.3393555,14423189.0,17221424.0,18594800.0,0.005904842
2014-02-26 14:00:00,0.04548645,0.000358582,94469.8125,94.58972168,0.240137994,-0.734219551,0.447301865,288.6096191,14423189.0,18449216.0,18594800.0,0.005910695
2014-02-26 15:00:00,0.103744507,0.007426262,94487.4375,95.74124146,0.542419434,-1.427718163,1.133956909,288.7324219,14423189.0,19732272.0,18594800.0,0.006169334
2014-02-26 16:00:00,0.053100586,0.000534534,94459.0625,96.55184937,0.574005127,-2.012454987,1.280044556,288.7824707,14423189.0,21054608.0,18594800.0,0.006203666
2014-02-26 17:00:00,0.050003052,2.86e-05,94486.0625,96.3775177,0.65713501,-1.510538101,0.3083992,288.6647949,14423189.0,22343248.0,18594800.0,0.006211296
2014-02-26 18:00:00,0.078430176,0.0,94532.875,95.62164307,0.873596191,-0.95366478,0.617516518,288.526123,14423189.0,23627312.0,18594800.0,0.00622274
2014-02-26 19:00:00,0.145996094,0.0,94620.8125,95.26882935,0.951141357,-1.68379879,0.888979912,288.7695312,14423189.0,24994512.0,18594800.0,0.006258979
2014-02-26 20:00:00,0.15826416,0.0,94683.1875,95.06471252,0.982604981,-2.415391922,0.646307945,288.5224609,14424287.0,26384272.0,18599216.0,0.006315246
2014-02-26 21:00:00,0.148956299,0.0,94767.4375,94.35307312,0.882446289,-2.897797585,0.401028633,288.2097168,14566316.0,27737440.0,18923680.0,0.00636293
2014-02-26 22:00:00,0.156616211,0.0,94831.875,91.77748108,0.976623535,-2.899191856,0.449671745,288.3950195,15017132.0,29104688.0,19765440.0,0.006405935
2014-02-26 23:00:00,0.163391113,0.0,94912.6875,86.61961365,0.951873779,-2.964753151,0.399060249,288.7294922,15615953.0,30494448.0,20925536.0,0.006447896
2014-02-27 00:00:00,0.140274048,0.0,94975.5625,80.50128174,0.994659424,-3.12441349,-0.051703453,289.5444336,16465997.0,31893024.0,22531920.0,0.006482407
2014-02-27 01:00:00,0.172866821,0.0,94993.625,75.64912415,1.0,-3.766749382,-0.520990372,290.9838867,1369997.0,1409796.0,2128204.0,0.0
2014-02-27 02:00:00,0.175308228,0.0,94952.6875,71.74151611,1.0,-3.344018936,-0.601173401,291.7255859,2804688.0,2829773.0,4399234.0,0.0
2014-02-27 03:00:00,0.16091156,0.0,94915.625,69.08055115,1.0,-3.025343895,-0.304312706,292.2133789,4271700.0,4263277.0,6692808.0,9.07e-05
2014-02-27 04:00:00,0.11630249,0.0,94899.25,68.90016174,1.0,-3.027293205,-0.120257378,292.4331055,5704476.0,5703515.0,8921417.0,0.000109315
2014-02-27 05:00:00,0.109130859,0.0,94887.5625,67.52284241,0.996643066,-3.097253799,0.020565033,292.8054199,7131690.0,7125369.0,11017622.0,0.000118494
2014-02-27 06:00:00,0.079483032,0.0,94878.8125,68.18130493,1.0,-3.891532898,-0.314527512,292.4916992,8305586.0,8539521.0,12763345.0,0.000123501
2014-02-27 07:00:00,0.100204468,0.0,94928.9375,70.20021057,0.962615967,-4.636811256,-0.088496208,291.5849609,9175324.0,9908456.0,14050378.0,0.000130236
2014-02-27 08:00:00,0.089279175,0.0,94993.6875,72.42599487,0.877960205,-4.988493919,0.205356598,290.0698242,9506482.0,11247413.0,14666946.0,0.000139236
2014-02-27 09:00:00,0.094421387,0.0,95095.125,74.98519897,0.802496016,-4.669117928,0.260273933,288.8117676,9549964.0,12554314.0,14789749.0,0.000148058
2014-02-27 10:00:00,0.105514526,0.0,95182.4375,75.87854004,0.742658854,-4.480133057,0.816513062,288.1638184,9549964.0,13905340.0,14789532.0,0.000165224
2014-02-27 11:00:00,0.097876132,0.00050354,95263.75,76.78971863,0.779250979,-4.211561203,1.475812912,287.6191406,9549964.0,15237560.0,14789532.0,0.000183105
2014-02-27 12:00:00,0.067440987,0.001092911,95274.75,77.53158569,0.806618631,-3.729141235,1.722736359,287.1950684,9549964.0,16526070.0,14789532.0,0.00019753
2014-02-27 13:00:00,0.061360236,0.010189056,95270.9375,78.92494202,0.978013039,-3.693694115,1.555182457,287.1054688,9549964.0,17819776.0,14789532.0,0.000201106
2014-02-27 14:00:00,0.097805858,0.011512756,95283.0,80.90962219,0.992716074,-3.719326973,1.610833168,287.0571289,9549964.0,19103872.0,14789532.0,0.000214458
2014-02-27 15:00:00,0.07853353,0.008861542,95258.0625,81.90287781,0.982240021,-3.228199959,1.851886749,286.9755859,9549964.0,20414448.0,14789532.0,0.000226378
2014-02-27 16:00:00,0.078895032,0.008546829,95223.0,81.31010437,0.958038926,-3.043119431,2.080789566,286.6936035,9549964.0,21716640.0,14789532.0,0.000232697
2014-02-27 17:00:00,0.062484741,0.007696152,95222.125,81.60693359,0.881384075,-2.491544724,2.036576271,286.2431641,9549964.0,22956432.0,14789532.0,0.000243902
2014-02-27 18:00:00,0.061187744,0.007652283,95237.5625,81.67874146,0.832268715,-2.146699905,2.007226944,286.0195312,9549964.0,24200416.0,14789532.0,0.000250816
2014-02-27 19:00:00,0.067368031,0.007635117,95272.9375,81.32357788,0.937371373,-1.985590935,1.830394745,285.8999023,9549964.0,25440640.0,14789532.0,0.000255108
2014-02-27 20:00:00,0.05823281,0.009504318,95312.375,81.40913391,0.948762298,-2.026747704,1.611420631,285.8010254,9550987.0,26674704.0,14792235.0,0.000258446
2014-02-27 21:00:00,0.05400091,0.009790421,95345.875,80.08029175,0.972156048,-2.758461952,1.622570992,286.3774414,9747830.0,27933504.0,15125186.0,0.000262022
2014-02-27 22:00:00,0.048041243,0.010906219,95369.4375,77.41242981,0.979604721,-3.319153786,1.450124741,287.3161621,10393439.0,29188400.0,16069566.0,0.000262737
2014-02-27 23:00:00,0.021947283,0.004932404,95374.375,73.09405518,0.796408355,-3.990858078,1.046768188,288.9262695,11701855.0,30477552.0,17785344.0,0.000262737
2014-02-28 00:00:00,0.02908342,0.004638672,95364.125,68.82667542,0.943728507,-4.244610786,0.494976044,290.5266113,13726382.0,31749568.0,20249392.0,0.000264168
2014-02-28 01:00:00,0.102414906,0.08841151,95389.8125,70.35873413,0.999999225,-4.815517426,0.554538727,290.1552734,1397838.0,1388070.0,2174484.0,0.0
2014-02-28 02:00:00,0.113494217,0.090782523,95332.875,68.44821167,0.99999994,-4.554952621,0.470593453,290.6845703,2889306.0,2787873.0,4526284.0,0.0
2014-02-28 03:00:00,0.09076339,0.111976922,95307.375,67.86952209,1.0,-4.207615852,0.518266678,290.7675781,4269332.0,4178841.0,6813901.0,0.0
2014-02-28 04:00:00,0.102904975,0.108564794,95272.5,66.92869568,0.999999821,-3.980781555,0.345964432,291.0515137,5591568.0,5580510.0,8986182.0,0.0
2014-02-28 05:00:00,0.097428322,0.120371759,95256.3125,66.73266602,0.999999642,-3.894135475,0.270020485,291.0117188,6662730.0,6963267.0,10809497.0,0.0
2014-02-28 06:00:00,0.079862654,0.129451811,95223.5,68.21763611,1.0,-3.878820419,0.49886322,290.5539551,7330607.0,8341005.0,12130658.0,0.0
2014-02-28 07:00:00,0.050675195,0.135739029,95234.875,69.91410828,1.0,-3.779657364,0.576071739,290.1318359,7759494.0,9701285.0,13029540.0,0.0
2014-02-28 08:00:00,0.04756479,0.198005736,95246.25,70.89186096,0.999999762,-3.676506042,0.502054215,289.6433105,7993086.0,11031413.0,13495410.0,0.0
2014-02-28 09:00:00,0.065022588,0.247357667,95313.6875,72.96279907,1.0,-2.916326523,0.501874924,289.1083984,8022877.0,12351440.0,13585669.0,0.0
2014-02-28 10:00:00,0.039205324,0.292084336,95329.75,75.17169189,1.0,-2.889508247,0.787706375,288.7446289,8022877.0,13674807.0,13585580.0,0.0
2014-02-28 11:00:00,0.042121653,0.263764501,95335.5625,77.13743591,1.0,-2.32384491,0.877279282,288.2490234,8022877.0,14951852.0,13585580.0,0.0
2014-02-28 12:00:00,0.135077,0.373167634,95343.4375,78.31632996,1.0,-1.390871048,1.108837128,287.9633789,8022877.0,16246701.0,13585580.0,8.58e-05
2014-02-28 13:00:00,0.060921237,0.287758231,95286.4375,79.8248291,1.0,-1.369132042,1.318070412,287.8635254,8022877.0,17568384.0,13585580.0,0.000127554
2014-02-28 14:00:00,0.065688372,0.271423698,95244.625,81.19880676,1.0,-1.288640976,1.378458023,287.6103516,8022877.0,18858352.0,13585580.0,0.000196457
2014-02-28 15:00:00,0.214635849,0.29923749,95212.875,83.16770935,1.0,-0.969413757,1.5304842,287.4716797,8022877.0,20155456.0,13585580.0,0.000290632
2014-02-28 16:00:00,0.353883743,0.33549881,95160.3125,86.32221985,0.999999464,-0.828147888,1.99976635,287.3295898,8022877.0,21464832.0,13585580.0,0.000444412
2014-02-28 17:00:00,0.416608334,0.336552322,95129.625,89.27420044,0.999999642,-1.204602242,2.180074692,287.4018555,8022877.0,22825968.0,13585580.0,0.000674725
2014-02-28 18:00:00,0.442548096,0.270462871,95095.75,92.33206177,1.0,-1.403835297,1.889243126,287.293457,8022877.0,24187680.0,13585580.0,0.001000881
2014-02-28 19:00:00,0.518526554,0.225480676,95098.5,94.45713806,1.0,-1.572891235,1.789291382,287.2973633,8022877.0,25554048.0,13585580.0,0.001376629
2014-02-28 20:00:00,0.48687762,0.18649751,95090.125,95.12228394,0.999999404,-1.801289558,1.726243973,287.3171387,8022877.0,26914592.0,13586525.0,0.001696587
2014-02-28 21:00:00,0.518846333,0.1592412,95112.3125,95.06990051,1.000000954,-2.006554604,1.551746368,287.5490723,8060408.0,28280992.0,13772998.0,0.002007961
2014-02-28 22:00:00,0.432647705,0.165454924,95140.6875,94.10743713,0.99999994,-2.614069939,1.002034187,287.9553223,8185029.0,29659984.0,14276839.0,0.002425194
2014-02-28 23:00:00,0.334722996,0.083991647,95166.9375,94.52607727,0.999997914,-2.451581955,0.638159752,288.0827637,8306022.0,31024304.0,15020206.0,0.002867699
2014-03-01 00:00:00,0.325884998,0.041447572,95186.1875,90.32298279,1.000002861,-3.817605019,-0.863368034,288.6687012,8821668.0,32408192.0,16333512.0,0.003256798
2014-03-01 01:00:00,0.132552803,0.090361416,95118.9375,75.82727051,0.999997199,-4.026896477,-0.19215107,291.5947266,1590994.0,1349685.0,2325598.0,6.52e-05
2014-03-01 02:00:00,0.107170582,0.135180116,95091.5,75.56425476,1.000003815,-3.698705673,-0.040745735,291.5292969,2844050.0,2707860.0,4458558.0,0.000276566
2014-03-01 03:00:00,0.123646379,0.17404592,95033.1875,76.82331848,0.999997795,-4.081343651,-0.21881485,291.0065918,4129316.0,4068190.0,6606519.0,0.000464439
2014-03-01 04:00:00,0.104234815,0.198374927,95014.5,76.29827881,0.999999583,-4.23459816,-0.190927506,291.1533203,5401189.0,5440048.0,8735888.0,0.00067544
2014-03-01 05:00:00,0.189575434,0.272966743,94975.4375,77.21188354,0.999999344,-4.334618568,-0.484070778,291.1491699,6767392.0,6783101.0,10799546.0,0.000879765
2014-03-01 06:00:00,0.161760449,0.26681149,94960.9375,79.53115845,0.999997973,-3.80361557,0.086265564,290.3195801,7378014.0,8129711.0,12019781.0,0.001115799
2014-03-01 07:00:00,0.123105228,0.232910037,94985.625,82.44004822,1.000004768,-3.176316261,0.274716377,289.6079102,7691610.0,9460436.0,12781804.0,0.001388073
2014-03-01 08:00:00,0.116207719,0.188149691,94993.625,84.52726746,1.000005722,-3.082818985,0.653954506,289.0429688,7851356.0,10793131.0,13189192.0,0.001636505
2014-03-01 09:00:00,0.104357362,0.117973328,95036.4375,85.95237732,0.999996662,-2.523899078,0.734410286,288.3857422,7866187.0,12108047.0,13265574.0,0.001826286
2014-03-01 10:00:00,0.175075114,0.075561523,95055.8125,87.35089111,0.999996305,-2.286822319,0.651165962,288.0410156,7866187.0,13439324.0,13265478.0,0.001991272
2014-03-01 11:00:00,0.150650024,0.036018372,95105.6875,88.17964172,0.995326757,-2.186177254,0.756415367,287.9855957,7866187.0,14776222.0,13265478.0,0.002052784
2014-03-01 12:00:00,0.088348389,0.022956848,95097.875,88.79737854,0.996632755,-1.715571404,1.240562439,287.8342285,7866187.0,16093503.0,13265478.0,0.002083778
2014-03-01 13:00:00,0.078308284,0.023036957,95088.8125,88.6295929,0.999037385,-1.304315567,1.426151276,287.8830566,7866187.0,17432320.0,13265478.0,0.002098083
2014-03-01 14:00:00,0.068756759,0.020296097,95037.9375,88.52494812,0.98928231,-0.966957092,1.301417351,287.732666,7866187.0,18748128.0,13265478.0,0.002103806
2014-03-01 15:00:00,0.076174259,0.018630981,95009.75,88.7212677,0.957152486,-0.870096207,1.753855705,287.8305664,7866187.0,20087984.0,13265478.0,0.002111435
2014-03-01 16:00:00,0.084411144,0.010465622,94994.125,88.97090149,0.995664597,-0.758601189,1.876665115,287.7531738,7866187.0,21408224.0,13265478.0,0.002125263
2014-03-01 17:00:00,0.081071854,0.000465393,94988.25,89.05377197,0.953976691,-0.938611984,2.052330971,287.9238281,7866187.0,22766640.0,13265478.0,0.002138615
2014-03-01 18:00:00,0.049539566,0.0,94979.0625,89.21244812,0.910125554,-1.008788109,1.706045151,287.7055664,7866187.0,24078128.0,13265478.0,0.002145767
2014-03-01 19:00:00,0.037639104,0.0,95001.0625,89.04290771,0.833480716,-0.947732925,1.431650162,287.449707,7866187.0,25366944.0,13265478.0,0.002147675
2014-03-01 20:00:00,0.04076336,0.0,95039.4375,88.64038086,0.860430718,-0.979223251,1.640953064,287.4453125,7866225.0,26666784.0,13265989.0,0.002152443
2014-03-01 21:00:00,0.025680542,0.0,95095.6875,86.83029175,0.523200572,-1.472991943,2.230817795,288.1520996,8059778.0,27964272.0,13622707.0,0.002155304
2014-03-01 22:00:00,0.017875671,0.0,95128.4375,78.47831726,0.840484619,-2.142442703,1.796429634,289.418457,8981052.0,29150624.0,14827049.0,0.002157211
2014-03-01 23:00:00,0.03087616,0.0,95161.875,70.55325317,0.944702148,-2.282388687,0.957163215,291.1362305,10450609.0,30483728.0,16687638.0,0.002158165
2014-03-02 00:00:00,0.094406128,0.0,95173.1875,63.2077179,0.976623535,-2.346058846,0.514062285,292.6179199,12248795.0,31819600.0,18975360.0,0.002176285
2014-03-02 01:00:00,0.088079095,0.0,95159.3125,55.66542053,0.992634475,-2.810343742,1.002149582,293.7858887,1941200.0,1436839.0,2579741.0,0.0
2014-03-02 02:00:00,0.125501275,0.0,95109.375,51.53634644,0.950737536,-2.438091278,0.839973927,294.2299805,3483299.0,2837689.0,4861948.0,0.0
2014-03-02 03:00:00,0.102250278,0.0,95065.8125,49.70976257,0.842862606,-2.844264984,0.23920238,294.8544922,5198687.0,4260617.0,7337514.0,8.52e-05
2014-03-02 04:00:00,0.023679867,0.0,95018.1875,48.66627502,0.635462523,-3.199954987,-0.185253143,295.3557129,7095482.0,5707344.0,9891633.0,9.69e-05
2014-03-02 05:00:00,0.017517671,0.0,94971.3125,44.75643921,0.384803534,-3.01720047,0.088319778,296.1789551,9425473.0,7030148.0,12651601.0,9.69e-05
2014-03-02 06:00:00,0.033289779,0.0,94968.0,44.42562866,0.517718315,-3.509762764,0.132088661,296.1367188,11371591.0,8339065.0,14968661.0,9.69e-05
2014-03-02 07:00:00,0.033477783,0.0,95023.75,50.39903259,0.723856032,-4.295039177,-0.503378868,294.9416504,12509287.0,9623958.0,16435612.0,9.82e-05
2014-03-02 08:00:00,0.007725976,0.0,95066.6875,54.71185303,0.34372896,-3.815235138,-0.328280449,293.8012695,13093982.0,10898342.0,17245184.0,9.82e-05
2014-03-02 09:00:00,0.005176544,0.0,95129.0,57.40501404,0.117599487,-2.740299225,0.080500603,292.1342773,13147038.0,12109532.0,17360480.0,9.82e-05
2014-03-02 10:00:00,0.013027191,0.0,95213.0625,61.98712158,0.249267578,-2.883806229,0.221846581,291.0046387,13147038.0,13318601.0,17360336.0,9.82e-05
2014-03-02 11:00:00,0.010444641,0.0,95295.875,68.41287231,0.240203857,-2.367097855,0.229520798,289.6381836,13147038.0,14490667.0,17360336.0,9.82e-05
2014-03-02 12:00:00,0.009479523,0.0,95330.25,73.91809082,0.179229736,-1.781858444,0.58677578,288.515625,13147038.0,15661227.0,17360336.0,9.82e-05
2014-03-02 13:00:00,0.008152008,0.0,95359.125,78.67430115,0.15234375,-1.479722977,0.933375359,287.5808105,13147038.0,16812160.0,17360336.0,9.95e-05
2014-03-02 14:00:00,0.006210327,0.0,95353.125,82.55381775,0.179595947,-1.351762772,1.119801521,286.939209,13147038.0,17947936.0,17360336.0,9.95e-05
2014-03-02 15:00:00,0.007850647,0.0,95346.875,86.13858032,0.185668945,-1.395267487,1.258476257,286.2097168,13147038.0,19044352.0,17360336.0,9.95e-05
2014-03-02 16:00:00,0.015621185,0.0,95336.5,88.42077637,0.311004639,-1.361210823,1.240538597,286.2070312,13147038.0,20176384.0,17360336.0,0.000101984
2014-03-02 17:00:00,0.021064758,0.0,95355.6875,89.23558044,0.326202393,-1.269529343,1.311610222,286.2226562,13147038.0,21334448.0,17360336.0,0.000106156
2014-03-02 18:00:00,0.022796631,0.0,95374.875,89.07791138,0.421020508,-1.245943069,1.410229683,286.1713867,13147038.0,22508032.0,17360336.0,0.000110984
2014-03-02 19:00:00,0.021530151,0.0,95420.75,89.13601685,0.423858643,-1.151162148,1.405111313,285.8059082,13147038.0,23662576.0,17360336.0,0.000114143
2014-03-02 20:00:00,0.021541595,0.0,95482.0,89.24214172,0.399627686,-1.022213936,1.337627411,285.7819824,13146954.0,24839568.0,17360368.0,0.000117242
2014-03-02 21:00:00,0.016307831,0.0,95538.0625,87.64631653,0.513427734,-1.888418198,1.586108208,287.0534668,13434689.0,25954272.0,17778000.0,0.000121415
2014-03-02 22:00:00,0.007463455,0.0,95569.0,77.80703735,0.46913147,-2.721715927,0.732159615,288.7539062,14408459.0,27123792.0,18983776.0,0.000124216
2014-03-02 23:00:00,0.002853394,0.0,95585.125,72.07423401,0.213485718,-2.210535049,0.476218224,290.5395508,16117061.0,28337056.0,20969776.0,0.000124216
2014-03-03 00:00:00,0.001785278,0.0,95586.25,65.34732056,0.205718994,-2.26273632,-0.043007851,292.404541,18648048.0,29518256.0,23771264.0,0.000124216
2014-03-03 01:00:00,0.002384186,0.0,95564.25,53.18495178,0.160461426,-2.680011749,-0.410993576,294.2023926,3099486.0,1177912.0,3360825.0,0.0
2014-03-03 02:00:00,0.002578735,0.0,95488.5625,47.03071594,0.18045044,-2.553905487,-0.450505257,295.4174805,6404757.0,2366672.0,6956988.0,0.0
2014-03-03 03:00:00,0.002418518,0.0,95441.0,42.34408569,0.148040772,-2.37961483,-0.474527359,296.3933105,9790326.0,3570351.0,10623798.0,0.0
2014-03-03 04:00:00,0.00353241,0.0,95380.4375,39.25506592,0.14175415,-2.252979279,-0.502612114,297.0637207,13047846.0,4774286.0,14165434.0,0.0
2014-03-03 05:00:00,0.003742218,0.0,95308.625,37.30537415,0.147613525,-2.325034142,-0.590065956,297.2583008,15811361.0,5983249.0,17214304.0,0.0
2014-03-03 06:00:00,0.003852844,0.0,95275.9375,37.82156372,0.158203125,-2.569930077,-0.560269356,297.0895996,17954880.0,7189193.0,19636720.0,0.0
2014-03-03 07:00:00,0.001117706,0.0,95281.4375,39.86624146,0.089202881,-2.859277725,-0.562458038,296.5334473,19424736.0,8394114.0,21354000.0,0.0
2014-03-03 08:00:00,0.000228882,0.0,95302.875,40.63832092,0.071105957,-2.528391838,-0.767923355,295.1657715,20065696.0,9570720.0,22189408.0,0.0
2014-03-03 09:00:00,0.000335693,0.0,95347.5,49.17424011,0.004669189,-3.337199211,-1.416851044,292.8701172,20120352.0,10704138.0,22301136.0,0.0
2014-03-03 10:00:00,0.000106812,0.0,95471.8125,65.9874115,0.002655029,-3.339283943,-1.296682358,291.1430664,20120352.0,11843107.0,22300896.0,0.0
2014-03-03 11:00:00,0.003036499,0.0,95543.0625,75.74758911,0.066467285,-2.543642998,-0.3898592,289.7133789,20120352.0,12966970.0,22300896.0,0.0
2014-03-03 12:00:00,0.019104004,0.0,95603.25,82.49343872,0.335571289,-1.981541634,-0.027480125,288.7646484,20120352.0,14115349.0,22300896.0,0.0
2014-03-03 13:00:00,0.03528595,0.0,95577.9375,85.10102844,0.541442871,-1.638985634,0.371735573,288.6044922,20120352.0,15326449.0,22300896.0,0.0
2014-03-03 14:00:00,0.05941391,0.0,95539.0625,85.80570984,0.681396484,-1.323620796,0.079271317,288.2929688,20120352.0,16566445.0,22300896.0,0.0
2014-03-03 15:00:00,0.075847626,0.0,95529.4375,86.71740723,0.859466553,-1.351848602,0.172829628,288.1557617,20120352.0,17828944.0,22300896.0,0.0
2014-03-03 16:00:00,0.077396393,0.0,95504.75,87.58796692,0.81918335,-1.098023415,0.460476875,288.2629395,20120352.0,19126224.0,22300896.0,0.0
2014-03-03 17:00:00,0.068634033,0.0,95501.5,87.57698059,0.869781494,-0.787950516,0.786994934,288.4060059,20120352.0,20450128.0,22300896.0,0.0
2014-03-03 18:00:00,0.054496765,0.0,95489.625,87.14906311,0.908538818,-0.721450806,0.819548607,288.704834,20120352.0,21809312.0,22300896.0,0.000104368
2014-03-03 19:00:00,0.047348022,0.0,95491.4375,86.82849121,0.822143555,-0.826460838,0.889266968,288.092041,20120352.0,23083456.0,22300896.0,0.000111222
2014-03-03 20:00:00,0.065261841,0.0,95513.875,86.84498596,0.95779419,-0.967944145,0.879417419,288.0131836,20120320.0,24373584.0,22300944.0,0.000127316
2014-03-03 21:00:00,0.064697266,0.0,95551.0,85.84561157,0.917297363,-1.682599068,0.543772697,288.8483887,20304400.0,25708608.0,22627312.0,0.000149488
2014-03-03 22:00:00,0.030960083,0.0,95574.0,80.93003845,0.66973877,-2.065167427,-0.538966179,289.6618652,20930432.0,27067920.0,23555616.0,0.000161171
2014-03-03 23:00:00,0.009922028,0.0,95559.9375,68.27206421,0.923126221,-1.817349434,-0.827824593,291.2441406,22257520.0,28415312.0,25234832.0,0.000168025
2014-03-04 00:00:00,0.002250671,0.0,95534.25,62.41181946,0.246643066,-1.418935776,-0.834827423,293.0310059,24636288.0,29680208.0,27911568.0,0.000168025
2014-03-04 01:00:00,0.001224518,0.0,95527.8125,55.97010803,0.074310303,-1.355061531,-0.833008766,294.4125977,2439941.0,1346406.0,2841499.0,0.0
2014-03-04 02:00:00,0.001434326,0.0,95439.125,47.19584656,0.067199707,-1.035270691,-0.962535858,296.0664062,5721776.0,2579279.0,6427202.0,0.0
2014-03-04 03:00:00,0.000495911,0.0,95342.5,41.25888062,0.04208374,-0.948358536,-0.91552639,297.1896973,9122728.0,3792760.0,10124143.0,0.0
2014-03-04 04:00:00,0.000450134,0.0,95228.75,37.97981262,0.019073486,-1.032839775,-0.754853249,297.9455566,12397640.0,5011816.0,13667248.0,0.0
2014-03-04 05:00:00,0.000564575,0.0,95151.5,35.84684753,0.037780762,-0.97647953,-0.888175964,298.2924805,15226660.0,6229277.0,16766655.0,0.0
2014-03-04 06:00:00,4.58e-05,0.0,95070.125,35.42323303,0.014022827,-1.17253685,-1.100172997,298.2617188,17459904.0,7428338.0,19265552.0,0.0
2014-03-04 07:00:00,0.000225067,0.0,95035.125,36.48013306,0.000961304,-1.323144913,-1.477261543,297.7927246,18933392.0,8611354.0,20986528.0,0.0
2014-03-04 08:00:00,0.000404358,0.0,95056.0,38.71322632,0.010650635,-0.589382172,-1.158117294,296.1850586,19586576.0,9775126.0,21834208.0,0.0
2014-03-04 09:00:00,0.000354767,0.0,95066.6875,44.40570068,0.033493042,-1.35638237,-2.287584305,292.5947266,19637184.0,10923828.0,21938080.0,0.0
2014-03-04 10:00:00,0.000267029,0.0,95107.3125,52.54252625,0.030395508,-1.524641991,-1.881085396,292.0561523,19637184.0,12097060.0,21938112.0,0.0
2014-03-04 11:00:00,0.000112534,0.0,95119.8125,63.46902466,0.000961304,-1.927565575,-1.914530754,291.7529297,19637184.0,13297557.0,21938112.0,0.0
2014-03-04 12:00:00,0.000958443,0.0,95129.1875,72.51972961,0.027603149,-1.481918335,-1.864343643,290.5595703,19637184.0,14471566.0,21938112.0,0.0
2014-03-04 13:00:00,0.002422333,0.0,95079.5625,76.58317566,0.055130005,-0.741312981,-1.635494232,290.21875,19637184.0,15664240.0,21938112.0,0.0
2014-03-04 14:00:00,0.001998901,0.0,95027.3125,79.13014221,0.045425415,-0.19870472,-1.452485085,289.668457,19637184.0,16846624.0,21938112.0,0.0
2014-03-04 15:00:00,0.001166344,0.0,94982.75,81.88491821,0.018707275,0.327418327,-1.156552315,289.7514648,19637184.0,18026928.0,21938112.0,0.0
2014-03-04 16:00:00,0.002854347,0.0,94933.8125,83.90075684,0.036361694,0.929987907,-0.691313744,288.9265137,19637184.0,19194704.0,21938112.0,0.0
2014-03-04 17:00:00,0.002985954,0.0,94889.375,86.1230011,0.105545044,0.56383419,-1.219909668,288.1352539,19637184.0,20358656.0,21938112.0,0.0
2014-03-04 18:00:00,0.001085281,0.0,94851.3125,88.66282654,0.047805786,0.43076992,-1.451669693,287.3498535,19637184.0,21542976.0,21938112.0,0.0
2014-03-04 19:00:00,0.000488281,1.43e-05,94847.5625,89.87644958,0.034927368,0.7398386,-1.522651672,286.9123535,19637184.0,22704384.0,21938112.0,0.0
2014-03-04 20:00:00,0.004131317,0.0,94863.75,91.24990845,0.09072876,0.877215385,-1.482901573,286.7275391,19637200.0,23854864.0,21938288.0,0.0
2014-03-04 21:00:00,0.014221191,4.58e-05,94876.25,88.88117981,0.241485596,0.694303513,-1.389389992,289.0185547,19907136.0,25061008.0,22344960.0,0.0
2014-03-04 22:00:00,0.031158447,0.00270462,94886.25,79.92376709,0.418457031,0.975996971,-1.225486755,291.7087402,20832320.0,26358320.0,23549056.0,0.0
2014-03-04 23:00:00,0.101760864,0.007434845,94879.75,75.27186584,0.641326904,2.352344513,-1.390748024,293.8793945,22377456.0,27701584.0,25484960.0,8.44e-05
2014-03-05 00:00:00,0.060409546,0.015205383,94867.75,72.99543762,0.696258545,3.039299965,-1.712534904,294.9802246,23998528.0,29027472.0,27636080.0,0.000150919
2014-03-05 01:00:00,0.011260986,0.026211225,94816.125,74.09538269,0.858320236,3.208759308,-2.350283623,294.9628906,1741989.0,1418241.0,2343216.0,6.7e-05
2014-03-05 02:00:00,0.038955554,0.118614137,94732.375,73.25473022,0.943500042,3.869480133,-2.155603409,295.6708984,4119851.0,2836768.0,5337916.0,0.001073122
2014-03-05 03:00:00,0.109056056,0.09756887,94652.625,74.65415955,0.994668961,3.50658989,0.179946899,294.4304199,6216159.0,4146814.0,8047359.0,0.001792669
2014-03-05 04:00:00,0.066531658,0.062883914,94605.3125,69.53289795,0.980038405,4.06982708,-1.593851089,294.5478516,7412972.0,5533005.0,10013967.0,0.001835823
2014-03-05 05:00:00,0.031165835,0.013692223,94548.4375,64.171875,0.858681858,3.823250771,-1.045630455,295.7397461,9133488.0,6907337.0,12293749.0,0.00187254
2014-03-05 06:00:00,0.053395696,0.008513737,94496.9375,57.6558075,0.818952501,3.547239304,-0.460096359,296.5683594,10729858.0,8273643.0,14307848.0,0.001882553
2014-03-05 07:00:00,0.064652324,0.021144088,94536.6875,57.7883606,0.636071324,3.164383888,-0.394081116,296.4470215,11813295.0,9614833.0,15709584.0,0.001888752
2014-03-05 08:00:00,0.05645939,0.015815016,94570.5,63.7739563,0.650203884,2.050743103,-0.868307114,295.1105957,12255581.0,10926965.0,16359448.0,0.00189352
2014-03-05 09:00:00,0.082423687,0.007805888,94627.0625,71.74446106,0.506034672,1.561197281,-0.068424225,292.7797852,12291132.0,12201144.0,16441291.0,0.001949787
2014-03-05 10:00:00,0.011868611,0.003456116,94704.875,72.94226074,0.621928513,1.093770027,1.043998718,291.9755859,12291132.0,13517037.0,16441112.0,0.001950741
2014-03-05 11:00:00,0.003067791,0.00274086,94747.5,71.48623657,0.657619715,-0.667045593,1.725120544,291.4008789,12291132.0,14798247.0,16441112.0,0.001950741
2014-03-05 12:00:00,0.01366343,0.003064156,94784.6875,73.01039124,0.806821525,-1.627401352,0.912589073,290.9887695,12291132.0,16057471.0,16441112.0,0.001950741
2014-03-05 13:00:00,0.037971497,0.003016949,94808.125,79.40852356,0.864984512,-2.150152206,0.317767143,290.7062988,12291132.0,17346336.0,16441112.0,0.001956463
2014-03-05 14:00:00,0.04499054,0.003530979,94806.3125,85.27177429,0.974456787,-2.076268196,0.25963974,290.2053223,12291132.0,18636048.0,16441112.0,0.001959324
2014-03-05 15:00:00,0.065826416,0.003181577,94804.6875,86.86027527,0.996368408,-1.834303856,0.29763794,290.0373535,12291132.0,19964880.0,16441112.0,0.00196743
2014-03-05 16:00:00,0.088424683,0.00179249,94765.0,87.83659363,0.935882568,-2.052733421,0.146940231,289.9958496,12291132.0,21336464.0,16441112.0,0.001981735
2014-03-05 17:00:00,0.087158203,0.000153065,94761.375,87.79205322,0.975585938,-2.184739113,0.142175674,289.7236328,12291132.0,22710736.0,16441112.0,0.001998901
2014-03-05 18:00:00,0.057693481,0.0,94776.6875,86.09370422,0.7732898,-2.35209465,0.133354187,289.3969727,12291132.0,24107616.0,16441112.0,0.002010345
2014-03-05 19:00:00,0.038497925,0.0,94801.3125,85.0912323,0.745889187,-1.580795288,-0.13526535,288.8039551,12291132.0,25421120.0,16441112.0,0.002015114
2014-03-05 20:00:00,0.03030964,0.000267625,94855.0625,84.92683411,0.564804077,-1.69084549,-0.12733078,288.449707,12291132.0,26734272.0,16441112.0,0.002021313
2014-03-05 21:00:00,0.035503,0.000653625,94922.4375,82.62739563,0.656716526,-2.302672386,0.033987045,288.7666016,12508053.0,28068832.0,16792336.0,0.00202322
2014-03-05 22:00:00,0.037394803,0.001889229,94982.8125,79.30886841,0.703106821,-2.383211136,0.182715416,289.3461914,13190688.0,29312800.0,17776880.0,0.002027512
2014-03-05 23:00:00,0.036641732,0.002708673,95015.0,73.75802612,0.730027616,-2.440309525,0.164510727,290.7155762,14512293.0,30575792.0,19491088.0,0.002031803
2014-03-06 00:00:00,0.029317927,0.001036644,95010.625,65.07246399,0.614346981,-2.169239044,-0.448139191,292.8879395,16797776.0,31855408.0,22138016.0,0.00203228
2014-03-06 01:00:00,0.045681905,0.000967503,94991.625,59.79788208,0.742576242,-1.877084732,-1.458291054,294.7854004,2542174.0,1312015.0,2982241.0,0.0
2014-03-06 02:00:00,0.098050177,0.001301765,94933.1875,57.24339294,0.993636966,-0.646348,-1.577730179,295.8232422,5222805.0,2623005.0,6094355.0,0.0
2014-03-06 03:00:00,0.098406553,0.004528046,94876.5,55.76200867,0.829618275,-0.521785736,-1.847484589,296.0214844,7086513.0,4059561.0,8670809.0,0.000141382
2014-03-06 04:00:00,0.059481833,0.00478363,94824.5625,55.58326721,0.763202965,-0.76633358,-2.452664375,296.1938477,8772831.0,5429255.0,11035179.0,0.000143886
2014-03-06 05:00:00,0.03344724,0.001564026,94753.625,53.72930908,0.53199321,-0.28030777,-1.342411041,296.8884277,11036536.0,6822770.0,13706623.0,0.000212431
2014-03-06 06:00:00,0.038785711,0.001647949,94734.0625,53.84481812,0.399960935,-0.691399574,-0.863613129,296.7375488,12455345.0,8114442.0,15541932.0,0.000212431
2014-03-06 07:00:00,0.058226548,0.00479126,94765.0,52.49249268,0.419603705,-1.27781868,-1.046519279,296.7766113,13624818.0,9412089.0,17039104.0,0.000213504
2014-03-06 08:00:00,0.129458547,0.08788681,94817.9375,61.05625916,0.861943305,-1.172226906,-0.899695396,295.1992188,14043140.0,10730413.0,17680976.0,0.000471592
2014-03-06 09:00:00,0.102433085,0.089408875,94880.1875,67.16049194,0.912423134,-0.465231895,-0.980825424,293.3139648,14068481.0,12056781.0,17746368.0,0.000820756
2014-03-06 10:00:00,0.062725067,0.022348404,94963.375,76.98652649,0.559936523,1.329590797,-0.952020645,291.7145996,14068481.0,13369251.0,17746288.0,0.001098633
2014-03-06 11:00:00,0.013858795,0.001216412,94976.0625,78.03485107,0.22845459,-0.94571209,0.003627777,291.5305176,14068481.0,14648731.0,17746288.0,0.001103044
2014-03-06 12:00:00,0.016712189,0.0,94996.0625,79.58984375,0.144683838,-2.138122559,0.035081863,290.1621094,14068481.0,15850979.0,17746288.0,0.00110507
2014-03-06 13:00:00,0.028396606,0.0,94991.3125,84.38388062,0.227233887,-1.800499916,0.112260819,289.8364258,14068481.0,17090496.0,17746288.0,0.001109242
2014-03-06 14:00:00,0.014205933,0.0,94968.625,87.49136353,0.183074951,-1.395644188,0.52171135,289.0498047,14068481.0,18300208.0,17746288.0,0.001113772
2014-03-06 15:00:00,0.012752533,0.0,94944.9375,89.01408386,0.220153809,-1.160726547,0.95118618,288.4086914,14068481.0,19511328.0,17746288.0,0.001115203
2014-03-06 16:00:00,0.027462006,0.0,94906.375,90.04110718,0.400421143,-0.799551964,1.462602615,287.9245605,14068481.0,20703520.0,17746288.0,0.001119971
2014-03-06 17:00:00,0.037782669,0.0,94897.125,91.29786682,0.398498535,-0.654699326,1.465350151,287.9851074,14068481.0,21937664.0,17746288.0,0.001125574
2014-03-06 18:00:00,0.036315918,0.0,94925.625,92.25273132,0.348266602,-0.535410881,1.256342888,288.2785645,14068481.0,23197104.0,17746288.0,0.001134634
2014-03-06 19:00:00,0.035419464,0.0,94949.875,92.90161133,0.487854004,-0.428012848,1.118083954,288.4406738,14068481.0,24471536.0,17746288.0,0.00113833
2014-03-06 20:00:00,0.032600403,0.0,94993.0625,92.93896484,0.342346191,-0.471869469,0.860296249,288.6799316,14068367.0,25779424.0,17746288.0,0.001143575
2014-03-06 21:00:00,0.024551392,0.0,95039.5,92.46398926,0.310211182,-0.402158737,0.574512482,289.4628906,14285682.0,27018160.0,18101488.0,0.001148462
2014-03-06 22:00:00,0.022624969,0.0,95081.4375,85.26734924,0.917144775,-0.308387756,-0.524932861,291.1467285,15074265.0,28312048.0,19172144.0,0.001150489
2014-03-06 23:00:00,0.0417099,0.0,95106.5625,79.1607666,0.875274658,0.443597794,-1.124427795,292.8376465,16440245.0,29696048.0,20917648.0,0.001151919
2014-03-07 00:00:00,0.091247559,0.0,95107.8125,72.94480896,0.706680298,1.037604332,-1.226797104,294.4924316,18345696.0,31076656.0,23279360.0,0.00127852
2014-03-07 01:00:00,0.015991211,0.0,95019.375,58.14840698,0.217330933,2.125649452,-1.65745163,297.345459,2924443.0,1302615.0,3246346.0,0.0
2014-03-07 02:00:00,0.006240845,0.0,94962.125,44.85658264,0.142196655,2.898342133,-2.003005028,298.8173828,6073541.0,2606362.0,6732237.0,0.0
2014-03-07 03:00:00,0.005310059,0.0,94899.6875,33.71202087,0.11882019,3.20972538,-2.21860218,299.8598633,9396541.0,3901273.0,10369435.0,0.0
2014-03-07 04:00:00,0.005905151,3.05e-05,94846.75,28.33479309,0.055175781,3.525603294,-2.033707619,300.1176758,12443583.0,5203304.0,13741177.0,0.0
2014-03-07 05:00:00,0.003128052,0.0,94810.1875,28.16993713,0.092544556,3.781796455,-1.641552925,300.0551758,15204381.0,6441948.0,16793728.0,0.0
2014-03-07 06:00:00,0.001609802,0.0,94812.25,26.36297607,0.013763428,3.442767143,-1.337191582,299.5712891,17345744.0,7652909.0,19209632.0,0.0
2014-03-07 07:00:00,0.000648499,0.0,94851.125,27.26325989,0.0,2.887090683,-1.03819561,298.6599121,18748704.0,8845316.0,20856864.0,0.0
2014-03-07 08:00:00,0.000312805,0.0,94860.25,33.66244507,0.015716553,1.657934189,-0.510363579,296.324707,19356448.0,9989863.0,21646304.0,0.0
2014-03-07 09:00:00,0.000396729,0.0,94891.0,36.81376648,0.006378174,2.720956802,-0.988493919,292.4211426,19396672.0,11096301.0,21727936.0,0.0
2014-03-07 10:00:00,0.00038147,0.0,94960.25,37.50523376,0.0,2.488471985,-0.191131592,291.5805664,19396672.0,12196930.0,21727760.0,0.0
2014-03-07 11:00:00,0.000808716,0.0,95004.5,46.01887512,0.006744385,0.02781868,1.340391159,291.5913086,19396672.0,13290227.0,21727760.0,0.0
2014-03-07 12:00:00,0.000747681,0.0,95024.3125,56.28044128,0.0050354,-1.63885498,1.328787804,288.8649902,19396672.0,14432873.0,21727760.0,0.0
2014-03-07 13:00:00,0.000411987,0.0,95034.5,63.43577576,0.011169434,-1.596875191,1.009720802,289.6359863,19396672.0,15562597.0,21727760.0,0.0
2014-03-07 14:00:00,0.008163452,0.0,95061.1875,72.39338684,0.090332031,-1.861311913,1.480323792,288.0532227,19396672.0,16677116.0,21727760.0,0.0
2014-03-07 15:00:00,0.098327637,0.0,95083.9375,87.74188232,0.630767822,-2.40687561,1.06795311,289.3535156,19396672.0,17918000.0,21727760.0,0.0
2014-03-07 16:00:00,0.039108276,0.0,95050.375,91.23898315,0.455718994,-1.561373711,0.476415634,288.9841309,19396672.0,19179744.0,21727760.0,6.91e-05
2014-03-07 17:00:00,0.020217896,0.0,95037.0625,92.30718994,0.244659424,-0.315425873,1.35022068,288.5292969,19396672.0,20369840.0,21727760.0,8.11e-05
2014-03-07 18:00:00,0.044021606,0.0,95041.1875,93.76896667,0.548431397,-0.661777496,1.600275993,287.7819824,19396672.0,21542128.0,21727760.0,9.25e-05
2014-03-07 19:00:00,0.101089478,0.0,95091.8125,92.12609863,0.748199463,-1.422142029,1.650424957,288.8898926,19396672.0,22856928.0,21727760.0,0.000130653
2014-03-07 20:00:00,0.109939575,0.0,95159.4375,91.95988464,0.879760742,-1.578146935,1.34506321,288.996582,19396672.0,24150976.0,21727760.0,0.000178337
2014-03-07 21:00:00,0.089126587,0.0,95229.75,88.71070862,0.704986572,-2.643686295,0.905655861,290.171875,19533408.0,25533296.0,22006704.0,0.000224113
2014-03-07 22:00:00,0.060348511,0.0,95265.25,78.58021545,0.812988281,-3.415976524,-1.066661835,291.5961914,20190720.0,26852512.0,22965792.0,0.00026226
2014-03-07 23:00:00,0.043239594,0.0,95294.0,70.15539551,0.831695557,-3.036019325,-1.31699276,292.8449707,21100160.0,28274592.0,24352848.0,0.000277519
2014-03-08 00:00:00,0.010314941,0.0,95281.125,65.30345154,0.433624268,-2.433530807,-1.220394135,294.0351562,22641072.0,29663072.0,26422368.0,0.000277519
2014-03-08 01:00:00,0.113629937,0.093132019,95280.9375,63.9238739,0.686388612,-3.03199482,-2.00908947,293.9970703,2508659.0,1267759.0,2921350.0,0.001705587
2014-03-08 02:00:00,0.037319716,0.01441218,95213.5,55.8460083,0.374013424,-1.523540497,-1.124432564,295.7277832,5235581.0,2600146.0,6143645.0,0.001837611
2014-03-08 03:00:00,0.010803156,0.013004705,95122.1875,47.59425354,0.433064342,-0.828083992,-1.459824562,297.1787109,8094575.0,3927843.0,9427901.0,0.001841545
2014-03-08 04:00:00,0.183385551,0.009932894,95042.0,47.16212463,0.53215903,-0.063150406,-1.163674355,297.7368164,10974607.0,5220771.0,12716367.0,0.001888752
2014-03-08 05:00:00,0.167069674,0.173356831,95092.3125,61.70632935,0.653221786,-4.436958313,0.482861519,294.6315918,13056950.0,6485694.0,15313586.0,0.004821301
2014-03-08 06:00:00,0.155318141,0.231830418,95152.75,86.07861328,0.81123966,-4.081139565,-0.920066834,292.0754395,14456743.0,7757074.0,17172704.0,0.010981083
2014-03-08 07:00:00,0.070968628,0.108811617,95197.0,81.10566711,0.847654104,-3.560598373,-0.284478188,291.7910156,15213097.0,9056560.0,18266384.0,0.012086391
2014-03-08 08:00:00,0.060699463,0.031515233,95225.1875,83.11302185,0.786651611,-2.34896183,1.058718681,290.9829102,15630329.0,10317677.0,18873760.0,0.012957096
2014-03-08 09:00:00,0.032468796,0.009007815,95253.1875,84.19592285,0.670257568,-1.984796524,0.603693962,290.3503418,15657782.0,11579610.0,18936992.0,0.012984276
2014-03-08 10:00:00,0.021697998,0.002349854,95271.6875,85.63375854,0.490753174,-1.447022438,0.543744087,289.706543,15657782.0,12820531.0,18936800.0,0.013002396
2014-03-08 11:00:00,0.015949249,0.004085541,95289.5625,87.00332642,0.453186035,-1.339459419,0.596737862,289.0812988,15657782.0,14031005.0,18936800.0,0.013007164
2014-03-08 12:00:00,0.018295288,0.009397507,95292.5,88.16645813,0.82510376,-1.444326401,0.46035099,289.0341797,15657782.0,15270188.0,18936800.0,0.013010025
2014-03-08 13:00:00,0.034114838,0.006311417,95296.125,89.98213196,0.88357544,-1.538672447,0.662818909,288.9372559,15657782.0,16515959.0,18936800.0,0.013015747
2014-03-08 14:00:00,0.059120178,0.008609772,95282.9375,90.17834473,0.900482178,-1.81695652,0.815999985,289.3183594,15657782.0,17845744.0,18936800.0,0.013029099
2014-03-08 15:00:00,0.083698273,0.009073257,95274.875,90.53495789,0.867279053,-1.688903809,0.705524445,289.114502,15657782.0,19137408.0,18936800.0,0.01305151
2014-03-08 16:00:00,0.076881409,0.007408142,95240.6875,90.75947571,0.861785889,-2.081125259,0.519765854,289.3413086,15657782.0,20502656.0,18936800.0,0.013082504
2014-03-08 17:00:00,0.044956207,0.005943298,95210.0625,90.87324524,0.755523682,-1.685670853,0.076864243,289.0849609,15657782.0,21820832.0,18936800.0,0.013106823
2014-03-08 18:00:00,0.030570984,0.005565643,95205.75,90.77978516,0.470428467,-1.276597023,0.186840057,288.8581543,15657782.0,23124416.0,18936800.0,0.013120651
2014-03-08 19:00:00,0.041229248,0.004932404,95219.5,90.88238525,0.540771484,-1.122489929,0.62403965,287.986084,15657782.0,24347824.0,18936800.0,0.013133526
2014-03-08 20:00:00,0.063789368,0.002811432,95284.3125,91.63438416,0.681060791,-0.990139008,1.033712387,288.1760254,15657782.0,25611232.0,18936800.0,0.013158798
2014-03-08 21:00:00,0.052997589,0.000642776,95353.75,90.39071655,0.39654541,-2.122056961,1.247059822,289.2175293,15796088.0,26931504.0,19212320.0,0.01319313
2014-03-08 22:00:00,0.040912628,0.000782013,95407.75,83.83970642,0.535339356,-3.358592987,-0.506381989,290.2871094,16583549.0,28208784.0,20287776.0,0.013219833
2014-03-08 23:00:00,0.020290375,0.000415802,95404.4375,70.41352844,0.425964356,-3.161651611,-1.913352966,291.8859863,18099344.0,29484080.0,22151376.0,0.013227463
2014-03-09 00:00:00,0.006256104,0.000244141,95373.1875,61.86022949,0.138656616,-2.266180038,-2.069952011,293.4453125,20256112.0,30703168.0,24711168.0,0.013227463
2014-03-09 01:00:00,0.008018494,5.72e-05,95281.3125,54.31202698,0.184448242,-1.925084114,-1.674454689,295.2854004,2818990.0,1269965.0,3186696.0,0.0
2014-03-09 02:00:00,0.002681671,0.001262665,95195.9375,46.93418884,0.10346204,-1.625655174,-1.702379227,296.5351562,5991730.0,2558889.0,6729597.0,0.0
2014-03-09 03:00:00,0.00692749,0.001205444,95089.4375,42.84463501,0.053231578,-1.606269836,-1.619668961,297.3942871,9188131.0,3840929.0,10286485.0,0.0
2014-03-09 04:00:00,0.015524607,0.004104614,95005.5,37.67167664,0.207073867,-1.118049622,-1.68874836,297.9814453,12180942.0,5108420.0,13642977.0,0.0
2014-03-09 05:00:00,0.026000977,0.01297009,94959.3125,37.85598755,0.3447662,-0.736222267,-1.776337624,298.2399902,14801658.0,6386665.0,16605538.0,0.0
2014-03-09 06:00:00,0.054046631,0.030836973,94952.125,34.1129303,0.532975972,-0.668931007,-1.074888229,298.0012207,16634750.0,7650976.0,18777472.0,0.0
2014-03-09 07:00:00,0.090774536,0.035243988,95027.5625,36.13735962,0.776660323,-1.501588821,0.199322701,297.0649414,17857584.0,8879822.0,20274304.0,7.61e-05
2014-03-09 08:00:00,0.057672501,0.016328812,95092.625,45.01625061,0.562219739,-2.517264366,0.38405323,294.9487305,18164224.0,10188711.0,20777728.0,0.00011611
2014-03-09 09:00:00,0.00831604,0.001852036,95149.5625,53.51934814,0.293063223,-2.060739517,-0.388830185,292.8449707,18191264.0,11401268.0,20839200.0,0.00011611
2014-03-09 10:00:00,0.002044678,5.72e-05,95198.125,64.24206543,0.033996582,-2.446007729,-0.301562309,291.6796875,18191264.0,12587072.0,20839104.0,0.000116348
2014-03-09 11:00:00,0.001342773,0.0,95235.6875,73.27586365,0.017425537,-2.118397713,0.016051292,290.4108887,18191264.0,13753956.0,20839104.0,0.000116348
2014-03-09 12:00:00,0.001077652,0.0,95249.1875,79.3105011,0.016235352,-1.835585594,0.333969116,289.1586914,18191264.0,14913189.0,20839104.0,0.000116348
2014-03-09 13:00:00,0.001342773,0.0,95266.25,82.65867615,0.025100708,-1.898776054,0.596540451,288.407959,18191264.0,16073533.0,20839104.0,0.000116348
2014-03-09 14:00:00,0.001571655,0.0,95254.0625,84.94169617,0.02444458,-1.879076958,0.966620445,287.807373,18191264.0,17226432.0,20839104.0,0.000116348
2014-03-09 15:00:00,0.001964569,0.0,95254.8125,86.96801758,0.042358398,-1.146356583,1.556025505,287.7197266,18191264.0,18367056.0,20839104.0,0.000116348
2014-03-09 16:00:00,0.001871109,0.0,95227.1875,88.91122437,0.045578003,-0.553851128,1.764083862,287.2666016,18191264.0,19522288.0,20839104.0,0.000117064
2014-03-09 17:00:00,0.001644135,0.0,95201.9375,91.07849121,0.039352417,-0.51667881,1.933903694,286.7346191,18191264.0,20657440.0,20839104.0,0.000117064
2014-03-09 18:00:00,0.00165081,0.0,95189.75,93.08576965,0.03137207,-0.56259346,1.98949337,286.373291,18191264.0,21784688.0,20839104.0,0.000117779
2014-03-09 19:00:00,0.001456261,0.0,95224.0625,94.70967102,0.056243896,-0.228709221,2.05242157,286.0646973,18191264.0,22908208.0,20839104.0,0.000117779
2014-03-09 20:00:00,0.001018524,0.0,95268.8125,95.63551331,0.069030762,-0.513522148,2.017137527,285.769043,18191264.0,24026032.0,20839104.0,0.000117779
2014-03-09 21:00:00,0.000307083,0.0,95305.0,92.62568665,0.005554199,-0.52889061,1.668055534,287.9863281,18427584.0,25163440.0,21193376.0,0.000117779
2014-03-09 22:00:00,0.0,0.0,95339.1875,79.16366577,0.006011963,-0.616872788,1.150489807,290.5722656,19412064.0,26333808.0,22409232.0,0.000117779
2014-03-09 23:00:00,0.0,0.0,95349.8125,68.66482544,0.0,-0.79137516,0.175907135,292.6872559,21163360.0,27532560.0,24446224.0,0.000117779
2014-03-10 00:00:00,0.0,0.0,95338.3125,57.9651947,0.0,-0.658298492,-0.696419716,294.7973633,23602688.0,28758768.0,27196400.0,0.000117779
2014-03-10 01:00:00,0.006816864,0.000853539,95309.4375,51.5667572,0.077682495,0.079569817,-1.106452942,296.4382324,2934389.0,1260571.0,3275255.0,0.0
2014-03-10 02:00:00,0.071739197,0.007857323,95241.5625,46.40376282,0.433074951,0.9448452,-0.654500008,297.704834,6085094.0,2540785.0,6787830.0,0.0
2014-03-10 03:00:00,0.089630127,0.009930611,95186.9375,41.58300781,0.597320557,0.830999374,-0.113416672,298.3010254,8875837.0,3859841.0,9996687.0,0.0
2014-03-10 04:00:00,0.052249908,0.004260063,95117.125,39.25965881,0.470092773,0.31334877,-0.741768837,298.5756836,11155294.0,5207096.0,12765757.0,0.0
2014-03-10 05:00:00,0.015206728,0.001451492,95050.9375,37.77018738,0.33782959,-0.113994598,-1.406541824,299.0131836,13323537.0,6564675.0,15378047.0,0.0
2014-03-10 06:00:00,0.000496822,6.87e-05,95063.8125,38.20220947,0.077544808,-0.483794212,-1.81508255,298.7924805,14891979.0,7832886.0,17307344.0,0.0
2014-03-10 07:00:00,0.004998054,0.000332355,95099.5625,37.64936829,0.179831147,-0.338875771,-2.131505013,298.5825195,16199614.0,9092270.0,18896528.0,0.0
2014-03-10 08:00:00,0.012169857,0.000472069,95146.8125,41.37988281,0.230260432,-0.184520721,-1.436552048,296.7949219,16675290.0,10364790.0,19573008.0,0.0
2014-03-10 09:00:00,0.008057911,0.000361443,95172.0625,47.26567078,0.130810082,-1.023582458,-2.012348175,294.0559082,16701016.0,11594020.0,19629904.0,0.0
2014-03-10 10:00:00,0.007728577,0.00026679,95244.5625,51.19084167,0.121214569,-1.27836895,-2.018717766,292.7741699,16701016.0,12822035.0,19629824.0,0.0
2014-03-10 11:00:00,0.005534172,0.00026679,95295.125,51.7870636,0.081115723,-1.171503067,-2.120932579,291.9294434,16701016.0,14036889.0,19629824.0,0.0
2014-03-10 12:00:00,0.002390385,0.000160217,95315.125,54.80145264,0.01625061,-1.371768951,-1.677474976,291.6459961,16701016.0,15259112.0,19629824.0,0.0
2014-03-10 13:00:00,0.000936508,4.45e-05,95299.6875,60.04412842,0.013870239,-1.437976837,-1.110635757,291.3798828,16701016.0,16452436.0,19629824.0,0.0
2014-03-10 14:00:00,0.00030899,1.62e-05,95285.875,64.12190247,0.0,-0.787885666,-0.108589172,291.9353027,16701016.0,17629376.0,19629824.0,0.0
2014-03-10 15:00:00,0.000177383,0.0,95265.4375,67.07090759,0.007293701,0.021299362,0.406132698,290.9931641,16701016.0,18793072.0,19629824.0,0.0
2014-03-10 16:00:00,0.0,0.0,95244.375,70.79882812,0.0,-0.198797226,0.86432457,290.2944336,16701016.0,19946048.0,19629824.0,0.0
2014-03-10 17:00:00,0.0,0.0,95226.125,74.28768921,0.0,-0.876631737,0.378795624,289.3806152,16701016.0,21089920.0,19629824.0,0.0
2014-03-10 18:00:00,0.0,0.0,95226.1875,77.93927002,0.001678467,-0.85337925,0.210156441,288.8024902,16701016.0,22224640.0,19629824.0,0.0
2014-03-10 19:00:00,0.0,0.0,95233.0,81.28501892,0.012542725,-0.697105408,0.144668579,288.4926758,16701016.0,23352624.0,19629824.0,0.0
2014-03-10 20:00:00,0.0,0.0,95266.8125,83.30886841,0.036315918,-0.092013359,0.093578339,288.1125488,16701016.0,24474240.0,19629824.0,0.0
2014-03-10 21:00:00,0.0,0.0,95308.625,84.12104797,0.030029297,0.183830261,0.259605408,288.3911133,16930832.0,25619600.0,19972976.0,0.0
2014-03-10 22:00:00,0.0,0.0,95324.625,74.63500977,0.0,0.114430428,0.088963509,291.4973145,17902640.0,26816096.0,21176160.0,0.0
2014-03-10 23:00:00,0.0,0.0,95335.1875,65.25125122,0.0,0.323806763,-0.285299301,294.0080566,19649392.0,28039920.0,23207824.0,0.0
2014-03-11 00:00:00,0.000160217,0.0,95316.5625,56.73864746,0.0,0.337936401,-1.052771568,296.2167969,22068880.0,29294128.0,25943504.0,0.0
2014-03-11 01:00:00,0.000366211,0.004619598,95260.3125,48.02218628,0.712524414,0.254197121,-1.728116035,297.6882324,2854605.0,1292663.0,3221540.0,0.0
2014-03-11 02:00:00,0.002128601,0.000427246,95173.5625,43.08938599,0.023925781,0.461862564,-1.672244072,298.8881836,5989033.0,2597278.0,6737133.0,0.0
2014-03-11 03:00:00,0.022842407,0.003356934,95092.125,39.32730103,0.244552612,0.703320503,-1.306825638,299.7416992,9145861.0,3905398.0,10278814.0,0.0
2014-03-11 04:00:00,0.035583496,0.002906799,95015.625,37.87068176,0.226928711,0.844511032,-0.991054535,299.9731445,11787701.0,5212595.0,13353398.0,0.0
2014-03-11 05:00:00,0.032577515,0.008220673,94927.625,35.4420166,0.316467285,0.724618912,-1.450581551,300.1152344,14069014.0,6566684.0,16025933.0,0.0
2014-03-11 06:00:00,0.057861328,0.029464722,94902.625,36.84268188,0.773803711,1.237630844,-1.056118965,299.8300781,15583806.0,7875002.0,17951424.0,0.0
2014-03-11 07:00:00,0.115501404,0.025203705,94958.5625,42.31518555,0.720348358,1.757317543,1.771858215,298.4030762,16536657.0,9198911.0,19207680.0,0.0
2014-03-11 08:00:00,0.053108215,0.018936157,94976.0,56.53538513,0.803314209,1.052006721,2.661130905,296.1333008,16842160.0,10522735.0,19717408.0,0.0
2014-03-11 09:00:00,0.024635315,0.004821777,94987.4375,67.48554993,0.695251465,0.67088604,1.85861969,293.9956055,16858736.0,11799170.0,19760176.0,0.0
2014-03-11 10:00:00,0.024871826,0.001171112,94992.375,70.75201416,0.34765625,0.619234085,1.690558434,292.8046875,16858736.0,13117060.0,19760432.0,0.0
2014-03-11 11:00:00,0.037239075,0.000886917,94991.4375,72.18994141,0.530944824,0.095266342,1.489597321,292.369873,16858736.0,14394808.0,19760432.0,0.0
2014-03-11 12:00:00,0.033348084,0.000364304,94960.5,74.39015198,0.394226074,-0.273098946,-0.050208092,292.4384766,16858736.0,15710652.0,19760432.0,0.0
2014-03-11 13:00:00,0.006855011,0.0,94925.0625,75.30014038,0.194061279,-0.045060158,-1.344214439,291.2263184,16858736.0,16965584.0,19760432.0,0.0
2014-03-11 14:00:00,0.006034851,0.0,94886.5,75.48129272,0.168365479,1.049316406,-1.678683281,290.125,16858736.0,18192864.0,19760432.0,0.0
2014-03-11 15:00:00,0.023284912,0.002494812,94839.5625,76.76435852,0.956970215,1.242396355,-1.487516403,289.7331543,16858736.0,19414816.0,19760432.0,0.0
2014-03-11 16:00:00,0.014854431,0.012176514,94791.1875,76.46681213,0.995330811,1.075423241,-1.38612175,290.0927734,16858736.0,20681376.0,19760432.0,0.0
2014-03-11 17:00:00,0.011505127,0.004882813,94758.375,73.21910095,0.986907959,1.333028793,-1.204709053,290.6757812,16858736.0,21997744.0,19760432.0,0.0
2014-03-11 18:00:00,0.1224823,0.015579224,94760.25,72.62117004,1.0,1.846710205,-0.7837286,290.1479492,16858736.0,23225760.0,19760432.0,0.0
2014-03-11 19:00:00,0.083709717,0.042922974,94786.75,70.20114136,0.992675781,2.38629818,-0.061919212,291.1452637,16858736.0,24571280.0,19760432.0,0.0
2014-03-11 20:00:00,0.044830322,0.066543579,94824.8125,72.24479675,1.0,2.050534248,0.196246147,290.9470215,16858736.0,25904800.0,19760432.0,0.000380993
2014-03-11 21:00:00,0.214874268,0.37588501,94861.25,77.22599792,0.999999225,2.218705177,-0.305764198,291.1411133,16975808.0,27198000.0,19971056.0,0.000792027
2014-03-11 22:00:00,0.438010752,0.392623901,94861.5625,82.22106934,1.000003815,2.346863747,-0.42002964,290.8725586,17151936.0,28541808.0,20453600.0,0.001385689
2014-03-11 23:00:00,0.010284726,0.114212036,94878.25,83.98876953,0.998073995,1.985156059,-1.568669319,290.802002,17340416.0,29871920.0,21138352.0,0.002061367
2014-03-12 00:00:00,0.002623866,0.038825989,94852.3125,72.77458191,0.99663502,3.035269737,-1.556432724,293.4528809,18809840.0,31209424.0,23141008.0,0.002061367
2014-03-12 01:00:00,0.00485244,0.098579407,94809.0625,63.45755005,0.999029458,4.124640465,-0.546689987,295.2822266,1748049.0,1339645.0,2329907.0,0.0
2014-03-12 02:00:00,0.010878202,0.008152008,94742.5,58.28630066,0.604917049,4.344226837,-1.061435699,296.1906738,3916032.0,2711170.0,5090320.0,0.0
2014-03-12 03:00:00,0.060922142,3.05e-05,94701.375,55.71951294,0.400947094,4.146362305,-1.175784111,297.2438965,6672522.0,4026759.0,8285316.0,0.0
2014-03-12 04:00:00,0.069010019,7.63e-06,94642.8125,51.16845703,0.347614884,3.934936523,-0.692913055,297.8425293,9218351.0,5363703.0,11226010.0,0.00010252
2014-03-12 05:00:00,0.048417471,0.000228882,94593.6875,46.56048584,0.297281265,3.668725014,-0.921583176,298.1560059,11194346.0,6711617.0,13656947.0,0.000102997
2014-03-12 06:00:00,0.064503431,0.004501343,94595.4375,44.58969116,0.233821154,3.939394951,-0.817618012,298.0627441,12879295.0,8060533.0,15720186.0,0.000109673
2014-03-12 07:00:00,0.092168629,0.023571014,94678.75,50.10650635,0.425028801,1.865608215,0.379994631,296.8486328,13943905.0,9382425.0,17084976.0,0.000366449
2014-03-12 08:00:00,0.178527832,0.029218674,94810.8125,71.48439026,0.666748047,-3.832474709,0.716848433,292.9477539,14365401.0,10623270.0,17711392.0,0.000698566
2014-03-12 09:00:00,0.218963623,0.006137848,94914.9375,90.3633728,0.87097168,-4.88804245,0.333741188,290.1704102,14378828.0,11985782.0,17751856.0,0.001043081
2014-03-12 10:00:00,0.176849365,0.000348568,95005.25,90.12155151,1.0,-3.97703743,0.874027252,289.2446289,14378828.0,13332205.0,17751648.0,0.001237154
2014-03-12 11:00:00,0.194915772,0.0,95045.0625,89.43630981,1.0,-3.259981155,1.013401031,288.7932129,14378828.0,14721617.0,17751648.0,0.001297712
2014-03-12 12:00:00,0.216369629,0.0,95055.125,88.2170105,1.0,-3.157279015,1.081127167,288.3547363,14378828.0,16107394.0,17751648.0,0.001360178
2014-03-12 13:00:00,0.25076294,0.0,95060.375,88.30885315,1.0,-3.04203701,1.25461483,287.8669434,14378828.0,17470992.0,17751648.0,0.001449823
2014-03-12 14:00:00,0.281188965,0.0,95046.9375,88.20094299,0.995330811,-2.747934341,1.328440666,287.4326172,14378828.0,18832288.0,17751648.0,0.001572609
2014-03-12 15:00:00,0.275299072,0.0,95018.3125,86.78492737,0.995330811,-2.483837128,1.327298164,287.0400391,14378828.0,20186608.0,17751648.0,0.001707077
2014-03-12 16:00:00,0.253601074,0.0,94996.3125,87.16786194,1.0,-2.205622673,1.233644485,286.7871094,14378828.0,21531456.0,17751648.0,0.001838446
2014-03-12 17:00:00,0.193181813,0.0,94987.6875,87.57473755,0.969268441,-1.967731476,1.343501091,286.6496582,14378828.0,22867392.0,17751648.0,0.001932383
2014-03-12 18:00:00,0.155212522,0.0,94993.0625,87.39849854,0.864715576,-1.873723984,1.520115852,286.5505371,14378828.0,24206976.0,17751648.0,0.00199008
2014-03-12 19:00:00,0.121810913,0.0,94995.875,87.64593506,0.805938721,-1.615778923,1.535098076,286.2775879,14378828.0,25469696.0,17751648.0,0.00202322
2014-03-12 20:00:00,0.089401245,0.0,95017.0,87.33337402,0.789123893,-1.551807404,1.627166748,286.3327637,14378828.0,26769552.0,17751648.0,0.002043962
2014-03-12 21:00:00,0.07925415,0.0,95057.0,85.55084229,0.728790283,-1.83346653,1.41754818,286.7333984,14460728.0,28099728.0,17957184.0,0.002061367
2014-03-12 22:00:00,0.069595337,0.0,95080.875,81.48408508,0.799530029,-2.563333511,0.415492058,287.8562012,15015594.0,29401184.0,18805776.0,0.002075672
2014-03-12 23:00:00,0.079101563,0.0,95086.75,74.39230347,1.000006676,-2.555376053,-0.942070007,289.9052734,16274267.0,30745136.0,20438304.0,0.002084255
2014-03-13 00:00:00,0.107496262,0.0,95076.25,68.87191772,0.999997616,-1.977466583,-1.496785164,291.1623535,17548208.0,32145312.0,22270368.0,0.002089024
2014-03-13 01:00:00,0.090139806,0.0,95038.0625,70.19003296,1.000005722,-2.138851166,-1.364924431,291.4829102,1441943.0,1428461.0,2123196.0,0.0
2014-03-13 02:00:00,0.10450697,0.0,94962.375,65.9069519,1.000004768,-1.592601776,-1.188502312,293.0473633,3490745.0,2865760.0,4766482.0,0.0
2014-03-13 03:00:00,0.108112693,0.0,94900.8125,62.15190125,0.741344631,-0.856886864,-0.887783051,294.0361328,5496514.0,4279196.0,7429597.0,0.000153586
2014-03-13 04:00:00,0.061630249,0.0,94832.875,56.53820801,0.664703369,-0.520587921,-0.630854607,294.8852539,7250043.0,5647626.0,9790398.0,0.000189006
2014-03-13 05:00:00,0.059638977,0.0,94766.75,53.7146759,0.468383789,-0.995656967,-0.701451302,295.6586914,9259456.0,7001392.0,12247240.0,0.000232279
2014-03-13 06:00:00,0.04750061,0.0,94742.125,52.615448,0.372802734,-1.388282776,-0.976763725,295.8725586,11003309.0,8293008.0,14339773.0,0.000249505
2014-03-13 07:00:00,0.050346375,4.48e-05,94731.75,53.60054016,0.411682129,-1.875987053,-1.151342392,295.3283691,11897169.0,9536537.0,15573895.0,0.000249505
2014-03-13 08:00:00,0.029857636,0.0,94760.3125,56.64424133,0.238372803,-2.189587593,-1.16750145,294.1657715,12214080.0,10810139.0,16093722.0,0.000249624
2014-03-13 09:00:00,0.009632111,0.0,94799.0625,63.91291809,0.165283203,-3.081372261,-1.44559288,292.5908203,12230297.0,12056161.0,16132775.0,0.000249624
2014-03-13 10:00:00,0.007019043,0.0,94868.875,72.40509033,0.092987061,-3.154713631,-1.031457901,291.2973633,12230297.0,13276398.0,16133048.0,0.00025022
2014-03-13 11:00:00,0.011226654,0.0,94921.375,78.65238953,0.165527344,-2.637459755,-0.410348892,290.1213379,12230297.0,14461612.0,16133048.0,0.000250578
2014-03-13 12:00:00,0.019317627,0.0,94925.1875,83.27587891,0.286102295,-2.029815674,0.158406258,289.1962891,12230297.0,15648002.0,16133048.0,0.00025332
2014-03-13 13:00:00,0.046661377,0.0,94916.0625,85.95419312,0.663421631,-1.344150543,0.648413658,288.5539551,12230297.0,16850208.0,16133048.0,0.000260711
2014-03-13 14:00:00,0.054702759,0.0,94881.8125,86.97135925,0.548218846,-0.818432808,1.027576447,289.0661621,12230297.0,18174416.0,16133048.0,0.000278831
2014-03-13 15:00:00,0.04384613,0.0,94844.4375,87.63035583,0.515403867,-0.703894615,1.073782921,288.8723145,12230297.0,19475296.0,16133048.0,0.000298262
2014-03-13 16:00:00,0.046981812,0.0,94790.3125,88.53575134,0.581130981,-0.728157044,1.102282524,288.6337891,12230297.0,20763408.0,16133048.0,0.00031352
2014-03-13 17:00:00,0.044847488,1.62e-05,94759.5625,89.50035095,0.594360352,-0.661529541,1.168124199,288.4584961,12230297.0,22043376.0,16133048.0,0.000329852
2014-03-13 18:00:00,0.037677765,1.62e-05,94735.6875,90.60429382,0.553222656,-0.548829079,1.324343681,288.1218262,12230297.0,23296640.0,16133048.0,0.00034225
2014-03-13 19:00:00,0.032518387,1.62e-05,94738.6875,91.11636353,0.533874512,-0.480851173,1.381397247,287.9641113,12230297.0,24556800.0,16133048.0,0.00035274
2014-03-13 20:00:00,0.027686119,0.0,94761.375,91.51623535,0.415649414,-0.63062191,1.457674026,287.6694336,12230297.0,25801952.0,16133048.0,0.000361085
2014-03-13 21:00:00,0.0194273,0.0,94815.125,90.58473206,0.2447052,-0.778912544,1.360794067,289.0727539,12385507.0,27051088.0,16404329.0,0.000365138
2014-03-13 22:00:00,0.006681442,0.0,94833.875,81.59346008,0.29083252,-1.10863781,0.21565342,290.8203125,13139978.0,28360512.0,17426880.0,0.00036788
2014-03-13 23:00:00,0.003704071,0.0,94819.875,73.01080322,0.173751831,-0.433513641,-0.625703812,292.6821289,14756897.0,29611248.0,19354688.0,0.00036788
2014-03-14 00:00:00,0.0110569,0.0,94782.125,65.72889709,0.150600314,-0.017317772,-1.246364594,294.6352539,17096848.0,30868816.0,22019296.0,0.00036788
2014-03-14 01:00:00,0.015895844,0.001194954,94693.0625,61.15568542,0.453338623,0.249062538,-2.157710075,295.9436035,2217318.0,1311427.0,2710893.0,0.0
2014-03-14 02:00:00,0.069313049,0.006099701,94581.3125,55.00280762,0.796203613,1.250932693,-2.859594345,297.5678711,5191615.0,2668380.0,6087612.0,6.88e-05
2014-03-14 03:00:00,0.078208923,0.008975983,94511.0,49.32418823,0.898285925,2.017505646,-2.900777817,298.2414551,7905282.0,3974223.0,9276363.0,0.000131607
2014-03-14 04:00:00,0.053113122,0.007690683,94431.4375,47.81723022,0.772577286,2.344018936,-2.78510952,298.260498,10075057.0,5336551.0,11969535.0,0.000198364
2014-03-14 05:00:00,0.065063477,0.003494263,94359.375,44.85900879,0.492976606,2.46319294,-2.475811958,298.4743652,12095038.0,6675986.0,14450164.0,0.000240564
2014-03-14 06:00:00,0.048828125,0.005828857,94311.1875,43.4707489,0.491348267,2.028132439,-1.259464264,298.2844238,13701691.0,8048342.0,16432766.0,0.000257969
2014-03-14 07:00:00,0.064510345,0.043586731,94360.9375,45.20756531,0.667663574,1.949194908,-1.788610458,297.4282227,14567136.0,9354700.0,17619008.0,0.000322819
2014-03-14 08:00:00,0.036209106,0.167320252,94469.6875,79.69493103,0.970245361,1.661874771,-1.727323532,292.6166992,14862296.0,10635500.0,18103824.0,0.002637625
2014-03-14 09:00:00,0.01927948,0.064598084,94460.375,85.41697693,0.997314453,-1.091077805,-1.707802773,291.3198242,14870533.0,11917114.0,18128512.0,0.002902508
2014-03-14 10:00:00,0.004533768,0.016878128,94497.625,87.90284729,0.974014282,-1.090293884,-1.153517723,290.651123,14870533.0,13194275.0,18129024.0,0.002903461
2014-03-14 11:00:00,0.009584427,0.001194,94491.5,86.6153717,0.859939575,-0.980326653,-1.284879684,289.9770508,14870533.0,14425499.0,18129024.0,0.002903461
2014-03-14 12:00:00,0.002119064,0.00015521,94481.8125,84.68571472,0.050811768,-0.212550163,-1.265399933,289.8352051,14870533.0,15657535.0,18129024.0,0.002903461
2014-03-14 13:00:00,0.000763893,0.0,94449.4375,86.07278442,0.012954712,1.274043083,-0.376688957,288.8894043,14870533.0,16841728.0,18129024.0,0.002903461
2014-03-14 14:00:00,0.002443314,0.0,94396.8125,88.58906555,0.026977539,1.141379356,-0.310967445,288.9216309,14870533.0,18011056.0,18129024.0,0.002903461
2014-03-14 15:00:00,0.018293381,0.0,94377.1875,89.14431763,0.17956543,0.950283051,-0.873398781,288.7922363,14870533.0,19189184.0,18129024.0,0.002903461
2014-03-14 16:00:00,0.004594326,0.000243664,94314.0625,88.6499939,0.397155762,-0.004301071,-1.36132431,288.0510254,14870533.0,20401936.0,18129024.0,0.002903461
2014-03-14 17:00:00,0.000349045,0.001068115,94271.5,88.75765991,0.771514893,0.058868408,-1.610841751,287.5957031,14870533.0,21558608.0,18129024.0,0.002903461
2014-03-14 18:00:00,0.0,0.005073547,94234.5,89.62249756,0.907958984,0.376261711,-1.885624886,287.0358887,14870533.0,22685760.0,18129024.0,0.002903461
2014-03-14 19:00:00,0.0,0.015750885,94252.75,90.26647949,0.943969727,0.7355299,-1.817894936,287.0087891,14870533.0,23825472.0,18129024.0,0.002903461
2014-03-14 20:00:00,0.0,0.027500153,94262.875,90.77845764,0.774755478,0.723035812,-1.706123352,287.1230469,14870533.0,24987472.0,18129024.0,0.002903461
2014-03-14 21:00:00,0.0,0.009311676,94275.6875,90.8734436,0.78473407,1.232138634,-2.184734344,288.4887695,15032251.0,26167648.0,18381344.0,0.002903461
2014-03-14 22:00:00,0.0,0.087020874,94267.75,86.79225159,0.981690586,1.155637741,-2.32804966,290.7177734,15885924.0,27329440.0,19449424.0,0.002903461
2014-03-14 23:00:00,0.006813049,0.087070465,94259.625,78.05192566,0.962936938,2.476054192,-3.122685432,292.5532227,17034192.0,28595792.0,20967872.0,0.002903461
2014-03-15 00:00:00,0.015319824,0.095859528,94227.0625,68.29144287,0.881439209,3.654129982,-3.544671059,294.1391602,18506880.0,29910848.0,22941792.0,0.002964497
2014-03-15 01:00:00,0.072013855,0.017578125,94152.8125,60.92843628,0.789642334,4.330781937,-4.084125519,295.7426758,2520938.0,1305132.0,2961747.0,0.000145704
2014-03-15 02:00:00,0.02432251,0.029945374,94073.3125,53.05387878,0.992980957,4.956040382,-3.971678734,297.1550293,5286366.0,2616472.0,6182698.0,0.000272512
2014-03-15 03:00:00,0.125488281,0.21219635,93963.125,41.82853699,1.0,5.501544952,-4.047326088,297.9291992,7945378.0,3930340.0,9333809.0,0.000296116
2014-03-15 04:00:00,0.099395752,0.139508367,93998.0,50.41752625,0.993642211,6.272423744,-3.898697853,295.1652832,9234675.0,5280253.0,11396815.0,0.000337243
2014-03-15 05:00:00,0.082054138,0.010688782,93907.1875,49.29182434,0.674865723,4.213680267,-4.339891434,294.8720703,10205287.0,6651879.0,13073768.0,0.000345588
2014-03-15 06:00:00,0.032440186,0.005311966,93850.0625,46.53366089,0.802947998,4.571076393,-4.434916496,295.1899414,11523963.0,8003096.0,14818765.0,0.000349164
2014-03-15 07:00:00,0.006057739,0.000867843,93771.1875,50.63484192,0.449595749,3.697832108,-3.124160767,294.6313477,12230624.0,9306065.0,15855530.0,0.000349879
2014-03-15 08:00:00,0.004455566,0.002303698,93761.5625,55.26422119,0.678932726,2.04854393,-2.77645874,293.7888184,12603486.0,10543278.0,16414942.0,0.000349879
2014-03-15 09:00:00,0.002998352,0.002130153,93795.1875,57.54086304,0.614601016,1.303266525,-2.748078346,292.7224121,12616812.0,11773938.0,16443427.0,0.000349879
2014-03-15 10:00:00,0.050415039,0.02788781,93833.25,58.53691101,0.948860943,0.902188301,-3.265093803,292.3493652,12616812.0,13014722.0,16443253.0,0.000351548
2014-03-15 11:00:00,0.108779907,0.125213623,93822.375,61.087677,0.995320857,1.641562462,-3.385503769,292.4291992,12616812.0,14347701.0,16443253.0,0.00054884
2014-03-15 12:00:00,0.135803223,0.163581848,93835.875,68.02589417,0.989288509,3.138708115,-3.682005882,291.8200684,12616812.0,15684398.0,16443253.0,0.00069952
2014-03-15 13:00:00,0.014785767,0.069412231,93744.5,76.84642029,0.628692627,3.692372322,-2.947823524,290.7678223,12616812.0,16995008.0,16443253.0,0.000724316
2014-03-15 14:00:00,0.002227783,2.29e-05,93621.5625,77.87820435,0.041656494,2.971096992,-3.244865417,290.3151855,12616812.0,18263248.0,16443253.0,0.000735998
2014-03-15 15:00:00,0.003112793,0.0,93503.8125,71.49972534,0.181213379,3.676229477,-4.452293396,290.8640137,12616812.0,19446464.0,16443253.0,0.000736952
2014-03-15 16:00:00,0.036193848,0.005310059,93458.75,72.0493927,0.525146484,5.499687195,-3.630197525,290.9648438,12616812.0,20655680.0,16443253.0,0.000743866
2014-03-15 17:00:00,0.05770874,0.00018692,93454.375,79.56236267,0.855066598,6.027664185,-2.872083664,290.3117676,12616812.0,21892080.0,16443253.0,0.000762463
2014-03-15 18:00:00,0.095169067,0.00094223,93485.1875,85.89968872,0.996643066,5.413877487,-2.479878426,289.7463379,12616812.0,23178880.0,16443253.0,0.000769138
2014-03-15 19:00:00,0.038608551,0.006392661,93539.625,83.11444092,0.849342525,4.509329796,-1.714434624,289.5358887,12616812.0,24564512.0,16443253.0,0.000779629
2014-03-15 20:00:00,0.006858826,0.000228882,93592.375,70.84417725,0.154459238,4.551390648,-1.380113602,288.880127,12616812.0,25818448.0,16443253.0,0.000781059
2014-03-15 21:00:00,0.005149841,0.001102448,93657.0625,69.4216156,0.899093092,3.655378342,-1.433856964,288.3571777,12785183.0,26943200.0,16716389.0,0.000781059
2014-03-15 22:00:00,0.021411896,8.2e-05,93700.5,67.77380371,0.53628844,4.236871719,-1.800751686,288.8630371,13602180.0,28092896.0,17757616.0,0.000781059
2014-03-15 23:00:00,0.128566504,0.006923676,93747.5625,60.40623474,1.000006676,5.277514458,-1.80095768,289.6398926,14864791.0,29337856.0,19352240.0,0.000786304
2014-03-16 00:00:00,0.086555362,0.021936681,93777.9375,57.14259338,0.99999845,5.790267944,-1.168507576,289.2277832,15836408.0,30666080.0,20902592.0,0.000786304
2014-03-16 01:00:00,0.015220642,0.000298779,93739.375,47.98416138,0.335137665,7.515686035,-1.613379478,290.4311523,2727076.0,1120325.0,3028451.0,0.0
2014-03-16 02:00:00,0.094427109,0.04639503,93736.0,47.21479797,0.992534638,8.149680138,-1.237922668,290.2958984,5779786.0,2273500.0,6401714.0,0.0
2014-03-16 03:00:00,0.00541687,0.005877923,93735.3125,53.08108521,0.336192608,6.762335777,-1.678971291,288.1174316,7156317.0,3481244.0,8532397.0,0.000116199
2014-03-16 04:00:00,0.029785156,0.002468109,93751.25,50.41148376,0.64578563,7.239465714,-1.532812119,289.041748,9907129.0,4694529.0,11612285.0,0.000117004
2014-03-16 05:00:00,0.077915192,0.006702423,93770.75,49.90187073,0.748962402,7.523329735,-0.556628227,288.4221191,11818828.0,5849096.0,13958172.0,0.000127435
2014-03-16 06:00:00,0.028335571,0.002202988,93850.25,52.28044128,0.581369281,6.816761971,0.166254044,287.4169922,12899193.0,7031756.0,15455462.0,0.000131249
2014-03-16 07:00:00,0.01574707,0.001272202,93937.3125,49.28286743,0.361999512,5.982638359,0.161732674,287.3461914,13827934.0,8152863.0,16663688.0,0.000131249
2014-03-16 08:00:00,0.024600983,0.002606392,94005.1875,46.7093811,0.620361328,5.173959732,-0.120829582,287.0578613,14208378.0,9267992.0,17206208.0,0.000135303
2014-03-16 09:00:00,0.0,0.0,94117.1875,49.87701416,0.0,4.56626606,0.037743568,286.4650879,14217769.0,10403853.0,17229504.0,0.000135303
2014-03-16 10:00:00,0.000244141,0.0,94237.4375,55.38949585,0.103363037,2.907661438,-0.195441246,285.2094727,14217769.0,11399733.0,17229120.0,0.000135303
2014-03-16 11:00:00,0.0,0.0,94321.125,58.79907227,0.000961304,2.598204613,-0.525694847,284.5922852,14217769.0,12403588.0,17229120.0,0.000135303
2014-03-16 12:00:00,0.0,0.0,94383.375,60.80235291,0.0,2.229733467,-0.607755661,283.9182129,14217769.0,13401007.0,17229120.0,0.000135303
2014-03-16 13:00:00,0.0,0.0,94398.4375,63.52357483,0.0,2.070236206,-0.944595337,283.3735352,14217769.0,14389702.0,17229120.0,0.000135303
2014-03-16 14:00:00,0.0,0.0,94417.9375,65.09033203,0.0,1.888698578,-1.109369278,282.7585449,14217769.0,15371585.0,17229120.0,0.000135303
2014-03-16 15:00:00,0.0,0.0,94421.875,67.26373291,0.0,1.61855793,-1.379822731,282.1225586,14217769.0,16343743.0,17229120.0,0.000135303
2014-03-16 16:00:00,0.0,0.0,94415.75,68.88650513,0.0,1.606498718,-1.438698769,281.7719727,14217769.0,17310384.0,17229120.0,0.000135303
2014-03-16 17:00:00,0.0,0.0,94416.6875,70.20161438,0.0,1.732302666,-1.351938248,281.2915039,14217769.0,18267824.0,17229120.0,0.000135303
2014-03-16 18:00:00,0.0,0.0,94420.375,71.4151001,0.0,1.907475471,-1.235120773,280.8400879,14217769.0,19215552.0,17229120.0,0.000135303
2014-03-16 19:00:00,0.0,0.0,94452.3125,72.63157654,0.0,1.989524841,-1.140129089,280.5883789,14217769.0,20154848.0,17229120.0,0.000135303
2014-03-16 20:00:00,0.0,0.0,94515.9375,73.60551453,0.0,1.976557732,-1.181930542,280.4157715,14217769.0,21092944.0,17229120.0,0.000135303
2014-03-16 21:00:00,0.0,0.0,94610.9375,72.78900146,0.0,1.945788383,-1.272936821,282.770752,14410769.0,22055200.0,17505856.0,0.000135303
2014-03-16 22:00:00,0.0,0.0,94683.6875,64.58786011,0.0,2.672177315,-1.273561478,285.6003418,15356581.0,23061088.0,18619808.0,0.000135303
2014-03-16 23:00:00,0.0,0.0,94729.25,55.66317749,0.0,3.536808014,-1.547476768,288.1030273,17100128.0,24093008.0,20557440.0,0.000135303
2014-03-17 00:00:00,0.0,0.0,94753.4375,49.24804688,0.0,4.195148468,-1.117383957,290.2033691,19521728.0,25153568.0,23188576.0,0.000135303
2014-03-17 01:00:00,0.000671387,0.0,94692.5,48.6555481,0.066223145,5.445061684,-1.199429512,291.7729492,2924021.0,1088265.0,3143913.0,0.0
2014-03-17 02:00:00,0.007453918,0.0,94664.75,45.42446899,0.2237854,6.250303268,-1.02544117,292.9394531,6124675.0,2238107.0,6571998.0,0.0
2014-03-17 03:00:00,0.007064819,0.0,94616.3125,43.68927002,0.269775391,6.245687485,-0.921178818,293.5009766,9181413.0,3391121.0,9889812.0,0.0
2014-03-17 04:00:00,0.006278992,0.0,94577.8125,41.31668091,0.24887085,6.191138268,-0.883332253,293.8725586,12051414.0,4606694.0,13055306.0,0.0
2014-03-17 05:00:00,0.00112915,0.0,94563.375,41.05493164,0.137542725,5.733320236,-0.917693138,293.9289551,14463772.0,5793506.0,15760924.0,0.0
2014-03-17 06:00:00,0.002326965,0.0,94563.125,39.69998169,0.092559814,5.366059303,-0.807549477,294.0007324,16408745.0,6956078.0,17952720.0,0.0
2014-03-17 07:00:00,0.000267029,0.0,94621.75,39.31858826,0.026733398,5.050027847,-0.596617699,293.4277344,17600960.0,8082969.0,19366848.0,0.0
2014-03-17 08:00:00,0.00030899,0.0,94678.375,42.69487,0.031402588,2.758266449,-0.397169113,291.7541504,18030880.0,9164907.0,19954544.0,0.0
2014-03-17 09:00:00,0.0,0.0,94741.125,47.08076477,0.0,2.201424599,-1.427933693,288.3283691,18041520.0,10230718.0,19975904.0,0.0
2014-03-17 10:00:00,0.000400543,0.0,94818.125,50.23283386,0.012695313,1.447792053,-2.106884956,287.34375,18041520.0,11299933.0,19975904.0,0.0
2014-03-17 11:00:00,0.002183914,0.0,94879.375,53.05604553,0.026641846,1.425682068,-1.875920296,286.8552246,18041520.0,12382850.0,19975872.0,0.0
2014-03-17 12:00:00,0.009887695,0.0,94913.75,55.52442932,0.200942993,1.443705559,-1.576619148,286.6237793,18041520.0,13482527.0,19975872.0,0.0
2014-03-17 13:00:00,0.007833481,0.0,94928.1875,57.3968811,0.227600098,1.453395844,-1.566850662,286.138916,18041520.0,14578772.0,19975872.0,0.0
2014-03-17 14:00:00,0.002332687,0.0,94908.0625,59.35690308,0.041442871,1.329029083,-1.624986649,285.7087402,18041520.0,15672444.0,19975872.0,0.0
2014-03-17 15:00:00,0.000846863,0.000178337,94894.875,60.96330261,0.152038574,1.20186615,-1.688883781,285.307373,18041520.0,16759345.0,19975872.0,0.0
2014-03-17 16:00:00,0.000310898,0.000244141,94878.9375,62.90258789,0.026367188,0.969683647,-1.733533859,284.7966309,18041520.0,17830096.0,19975872.0,0.0
2014-03-17 17:00:00,0.001232147,0.000764847,94872.3125,65.26524353,0.498565674,0.912142754,-1.59835434,284.5473633,18041520.0,18913408.0,19975872.0,0.0
2014-03-17 18:00:00,0.000988007,0.000670671,94889.5625,66.92703247,0.555526733,1.035592079,-1.339579582,284.5974121,18041520.0,20038944.0,19975872.0,0.0
2014-03-17 19:00:00,0.000228882,0.002468824,94922.75,69.19691467,0.916534424,1.224980354,-1.23905468,283.9333496,18041520.0,21102000.0,19975872.0,0.0
2014-03-17 20:00:00,0.000114441,0.003369808,94981.9375,70.80541992,1.0,1.047584534,-1.399716377,283.708252,18041520.0,22167904.0,19975872.0,0.0
2014-03-17 21:00:00,0.000228882,0.005725145,95050.625,70.02398682,0.882019043,0.714466095,-1.128984451,285.8049316,18210848.0,23258288.0,20226976.0,0.0
2014-03-17 22:00:00,0.0,0.007455111,95088.875,61.21086121,0.942047119,1.003429413,-1.415195465,289.0786133,19040736.0,24397664.0,21246016.0,0.0
2014-03-17 23:00:00,0.0,0.005361319,95107.625,53.49674988,0.857323468,1.857234955,-1.979123116,292.2111816,20645760.0,25568816.0,23099808.0,0.0
2014-03-18 00:00:00,0.0,0.005160332,95112.5625,51.1698761,0.724163175,3.760464668,-2.26997757,294.348877,22892592.0,26751952.0,25640688.0,0.0
2014-03-18 01:00:00,0.006732941,0.000105858,95111.1875,47.24790955,0.319992065,5.783670425,-0.494351387,295.9824219,2732615.0,1268224.0,3066918.0,0.0
2014-03-18 02:00:00,0.003612518,0.0,95072.375,44.85437012,0.168184996,5.727532387,-0.502099037,296.4228516,5412323.0,2527836.0,6167539.0,0.0
2014-03-18 03:00:00,0.005177561,0.0,95026.5625,42.02500916,0.136108398,5.677547455,-0.398176193,297.2028809,8397183.0,3802020.0,9510381.0,0.0
2014-03-18 04:00:00,0.00516117,0.0,94985.0625,39.84806824,0.12588501,5.51482296,-0.526501656,297.434082,11215265.0,5041966.0,12675247.0,0.0
2014-03-18 05:00:00,0.0,0.0,94970.25,38.78004456,0.01071167,5.319966316,-0.432919502,297.4260254,13639596.0,6267811.0,15443038.0,0.0
2014-03-18 06:00:00,0.000614166,2.19e-05,94989.0625,39.8764801,0.03364563,5.028910637,-0.372591019,297.0014648,15537675.0,7483436.0,17647664.0,0.0
2014-03-18 07:00:00,0.0,0.0,95030.125,42.11976624,0.001922607,4.395195961,-0.301750183,296.1247559,16692576.0,8668066.0,19058080.0,0.0
2014-03-18 08:00:00,0.0,0.0,95071.375,46.95365906,0.0,2.410632133,0.033010483,294.0563965,17092384.0,9821411.0,19625632.0,0.0
2014-03-18 09:00:00,0.0,0.0,95133.3125,52.19021606,0.0,2.266524315,0.276108742,291.189209,17100784.0,10954002.0,19643312.0,0.0
2014-03-18 10:00:00,0.0,0.0,95201.125,57.15258789,0.0,2.432089806,0.427127838,289.8720703,17100784.0,12086806.0,19643312.0,0.0
2014-03-18 11:00:00,0.0,0.0,95256.0625,60.54804993,0.0,2.547783852,0.598236084,288.8381348,17100784.0,13210879.0,19642896.0,0.0
2014-03-18 12:00:00,0.0,0.0,95268.0,62.81114197,0.0,2.477601051,1.1138134,288.2011719,17100784.0,14325529.0,19642896.0,0.0
2014-03-18 13:00:00,0.0,0.000177383,95272.0,65.16859436,0.171661377,1.566573143,1.181005478,289.3823242,17100784.0,15432995.0,19642896.0,0.0
2014-03-18 14:00:00,0.0,0.003779888,95273.4375,68.72929382,0.658996582,0.160487175,0.769082069,288.1157227,17100784.0,16537673.0,19642896.0,0.0
2014-03-18 15:00:00,0.0,0.002436161,95286.25,72.48291016,0.614715576,-0.18237114,0.921321869,287.3498535,17100784.0,17652032.0,19642896.0,0.0
2014-03-18 16:00:00,0.000312805,0.0,95290.6875,76.08641052,0.00604248,0.346119881,1.352820396,286.5415039,17100784.0,18761120.0,19642896.0,0.0
2014-03-18 17:00:00,0.003494263,0.0,95281.9375,78.77223206,0.080596924,-0.08288765,1.821546555,285.3664551,17100784.0,19853152.0,19642896.0,0.0
2014-03-18 18:00:00,0.009910583,0.00157547,95286.875,81.51605225,0.50692749,-1.023868561,1.720179558,284.4309082,17100784.0,20949440.0,19642896.0,0.0
2014-03-18 19:00:00,0.022842407,0.006754398,95310.4375,84.93708801,0.853179932,-0.750624657,1.769446373,284.5568848,17100784.0,22087936.0,19642896.0,0.0
2014-03-18 20:00:00,0.041511536,0.004770398,95376.625,87.37054443,0.845916748,-0.272681236,1.620529175,285.2021484,17100784.0,23300608.0,19642896.0,0.0
2014-03-18 21:00:00,0.043487549,0.000441313,95441.125,88.56204224,0.529632568,-0.509513855,1.6914711,286.8598633,17231392.0,24514480.0,19864912.0,0.0
2014-03-18 22:00:00,0.021743774,0.0,95489.875,85.74235535,0.479034424,-1.236020088,0.654037833,289.0559082,17842416.0,25778272.0,20755072.0,0.0
2014-03-18 23:00:00,0.002731323,0.0,95507.8125,75.31503296,0.156280518,-1.264367104,-0.091914177,291.2202148,19282528.0,27092208.0,22510608.0,0.0
2014-03-19 00:00:00,0.001251221,0.0,95513.0,65.65672302,0.101165772,-0.836214066,-0.192023277,292.9016113,21491088.0,28311024.0,25008256.0,0.0
2014-03-19 01:00:00,0.001647949,0.0,95498.0,52.40704346,0.009140015,-0.810896874,-0.230415165,295.3608398,2838212.0,1212656.0,3110493.0,0.0
2014-03-19 02:00:00,0.025196075,0.0,95458.5,43.74830627,0.170776367,-0.155417442,-0.162110329,296.5766602,5896831.0,2441420.0,6454201.0,0.0
2014-03-19 03:00:00,0.028648376,0.000881195,95408.0,38.96711731,0.129623413,-0.170430183,-0.308885574,297.3378906,8804299.0,3685104.0,9677839.0,0.0
2014-03-19 04:00:00,0.029136658,0.003089905,95362.75,33.78414917,0.088699341,-0.251206398,-0.629248619,297.9865723,11614007.0,4918680.0,12814457.0,0.0
2014-03-19 05:00:00,0.025489807,0.003707886,95297.6875,28.98068237,0.172286987,-0.60059166,-1.0010252,298.0529785,13598490.0,6140820.0,15183552.0,0.0
2014-03-19 06:00:00,0.039810181,0.007450104,95316.0,34.95025635,0.179656982,-3.346113205,-1.12630558,297.1330566,15210986.0,7358770.0,17105840.0,0.0
2014-03-19 07:00:00,0.026046753,0.001600266,95375.0625,61.22497559,0.44644165,-5.88772583,-0.880981445,293.6911621,16319520.0,8576922.0,18454000.0,0.0
2014-03-19 08:00:00,0.000717163,0.0,95443.625,70.5796051,0.01260376,-4.979198456,-0.444170952,291.6640625,16675911.0,9751311.0,18962976.0,0.0
2014-03-19 09:00:00,0.013519287,0.000919342,95525.75,73.21635437,0.104919434,-3.778431892,0.176528931,290.3457031,16682893.0,10895041.0,18977968.0,0.0
2014-03-19 10:00:00,0.036148071,0.006443501,95646.8125,81.26615906,0.959228516,-2.956550598,0.71736145,289.2583008,16682893.0,12035668.0,18977968.0,0.0
2014-03-19 11:00:00,0.08921814,0.019162655,95702.1875,84.63517761,0.995330811,-3.072575569,1.084662437,289.418457,16682893.0,13400960.0,18977776.0,0.0
2014-03-19 12:00:00,0.060195923,0.017670631,95741.3125,86.35516357,0.961853027,-2.560329437,0.841072083,289.1696777,16682893.0,14737877.0,18977776.0,0.0
2014-03-19 13:00:00,0.047622681,0.008231163,95727.8125,86.41822815,0.975982666,-2.595446587,0.566908836,289.1115723,16682893.0,16102885.0,18977776.0,0.0
2014-03-19 14:00:00,0.058380127,0.005234241,95696.625,87.63876343,0.996154785,-2.264286041,0.745632172,288.8588867,16682893.0,17431328.0,18977776.0,0.0
2014-03-19 15:00:00,0.091850281,0.001124144,95681.5625,87.78709412,0.905426025,-2.502896309,0.898797035,288.8879395,16682893.0,18807936.0,18977776.0,0.000107169
2014-03-19 16:00:00,0.111076355,4.48e-05,95629.125,88.78726196,1.0,-1.584293365,1.223561287,288.6452637,16682893.0,20140912.0,18977776.0,0.000126958
2014-03-19 17:00:00,0.158348084,0.0,95604.1875,88.69578552,1.0,-2.561168671,1.200992584,288.7084961,16682893.0,21509904.0,18977776.0,0.000169754
2014-03-19 18:00:00,0.17930603,0.0,95594.5,87.86828613,1.0,-3.148314476,0.808638573,288.8525391,16682893.0,22915376.0,18977776.0,0.000244975
2014-03-19 19:00:00,0.146240234,0.0,95602.625,88.13745117,0.986907959,-2.752145767,0.631607056,288.8481445,16682893.0,24302400.0,18977776.0,0.000321388
2014-03-19 20:00:00,0.085891724,0.0,95637.5625,88.87390137,0.874542236,-1.556282997,1.052341461,288.7729492,16682893.0,25671936.0,18977776.0,0.000351071
2014-03-19 21:00:00,0.06375885,0.0,95672.625,88.4783783,0.775482178,-1.837452888,0.950441361,288.9211426,16784528.0,26966640.0,19176528.0,0.000366211
2014-03-19 22:00:00,0.049472809,0.0,95697.9375,82.99456787,0.616394043,-3.095071793,-0.76864624,289.8686523,17256640.0,28285808.0,19934416.0,0.000412226
2014-03-19 23:00:00,0.039913177,0.0,95691.3125,69.94139099,0.777404785,-2.903508186,-1.583817482,291.6943359,18344384.0,29661088.0,21385328.0,0.00043726
2014-03-20 00:00:00,0.017772675,0.0,95653.5625,61.11352539,0.593109131,-2.582687378,-1.450414658,293.2648926,19934432.0,31079376.0,23398032.0,0.000439405
2014-03-20 01:00:00,0.008970261,0.0,95596.3125,52.188797,0.109146118,-1.300681114,-1.232078552,295.7980957,2809097.0,1227279.0,3076025.0,0.0
2014-03-20 02:00:00,0.009147644,0.0,95499.75,41.7527771,0.120697022,-0.509333611,-1.250946999,297.1992188,5909486.0,2471628.0,6448228.0,0.0
2014-03-20 03:00:00,0.006134033,0.0,95406.3125,36.94148254,0.157562256,-0.445959091,-1.394318581,297.9443359,8829552.0,3690758.0,9683476.0,0.0
2014-03-20 04:00:00,0.004756927,0.0,95306.625,34.20477295,0.115158081,-0.581725121,-1.447946548,298.4667969,11650878.0,4918844.0,12783936.0,0.0
2014-03-20 05:00:00,0.002239126,0.0,95216.4375,32.3256073,0.14402771,-0.813069344,-1.31991291,298.6574707,14050754.0,6162677.0,15474181.0,0.0
2014-03-20 06:00:00,0.004421234,0.0,95166.8125,31.64653015,0.193527222,-1.207767487,-1.093630791,298.5419922,15908286.0,7387680.0,17589952.0,0.0
2014-03-20 07:00:00,0.002309799,0.0,95173.5625,32.50572205,0.051986694,-1.736319542,-1.131831169,297.8271484,17007792.0,8557320.0,18924848.0,0.0
2014-03-20 08:00:00,0.006156921,0.0,95179.8125,37.137146,0.125823975,-1.898404121,-1.099387169,295.3327637,17373840.0,9714532.0,19442976.0,0.0
2014-03-20 09:00:00,0.002007484,0.0,95249.0625,47.58799744,0.061569214,-3.33015728,-1.99937439,293.9528809,17379216.0,10894626.0,19454672.0,0.0
2014-03-20 10:00:00,0.0,0.0,95310.75,61.84664917,0.0,-3.185746193,-2.181488037,292.4030762,17379216.0,12067844.0,19454672.0,0.0
2014-03-20 11:00:00,0.0,0.0,95346.625,67.19577026,0.0,-2.695732117,-2.282353401,291.1711426,17379216.0,13207635.0,19454656.0,0.0
2014-03-20 12:00:00,0.0,0.0,95358.9375,71.63308716,0.0,-1.985882759,-1.865628242,289.9431152,17379216.0,14332274.0,19454656.0,0.0
2014-03-20 13:00:00,0.0,0.0,95352.375,75.36842346,0.0,-1.627057076,-1.191128731,289.2097168,17379216.0,15450054.0,19454656.0,0.0
2014-03-20 14:00:00,8.2e-05,0.0,95309.375,78.75486755,0.005645752,-1.523592949,-0.336698532,288.6342773,17379216.0,16563324.0,19454656.0,0.0
2014-03-20 15:00:00,0.000286102,0.0,95268.1875,82.69961548,0.008728027,-0.568629265,1.220804214,288.0341797,17379216.0,17677920.0,19454656.0,0.0
2014-03-20 16:00:00,0.000488281,0.0,95209.0,86.80383301,0.000976563,-0.66667366,1.886087418,286.5483398,17379216.0,18790688.0,19454656.0,0.0
2014-03-20 17:00:00,0.000511169,0.0,95166.9375,89.65455627,0.003631592,-0.952600479,1.69728756,286.5761719,17379216.0,19898800.0,19454656.0,0.0
2014-03-20 18:00:00,0.000511169,0.0,95134.6875,92.47596741,0.0,-0.888854981,1.439332008,286.6943359,17379216.0,21001600.0,19454656.0,0.0
2014-03-20 19:00:00,0.000576019,0.0,95127.125,94.38171387,0.008972168,-0.610198021,1.2762537,286.3486328,17379216.0,22105600.0,19454656.0,0.0
2014-03-20 20:00:00,0.00037384,0.0,95138.25,95.88583374,0.027282715,-0.311443329,1.191931725,285.8728027,17379216.0,23199568.0,19454656.0,0.0
2014-03-20 21:00:00,0.000488281,0.0,95163.5625,94.51542664,0.26914978,-0.143891335,0.786401749,286.7250977,17534192.0,24304848.0,19696160.0,0.0
2014-03-20 22:00:00,0.000259399,0.0,95180.125,82.00927734,0.015365601,-0.190911293,0.000354767,289.8059082,18382480.0,25497360.0,20753600.0,0.0
2014-03-20 23:00:00,0.0,0.0,95158.5625,70.75157166,0.017349243,0.382670403,-1.439348221,292.2783203,20006208.0,26690816.0,22638000.0,0.0
2014-03-21 00:00:00,0.002414703,0.0,95119.3125,61.33607483,0.016067505,1.434746742,-2.301762581,294.5927734,22295152.0,27908496.0,25213424.0,0.0
2014-03-21 01:00:00,0.019790649,0.002155304,95060.0625,55.49342346,0.182052612,2.257663727,-2.729894638,296.6328125,2726689.0,1255914.0,3052784.0,0.0
2014-03-21 02:00:00,0.039306641,0.01335907,94965.9375,52.9357605,0.452789307,2.879766464,-2.754696846,297.3164062,5512593.0,2527385.0,6208962.0,0.000163913
2014-03-21 03:00:00,0.03208651,0.005020142,94881.0625,47.41870117,0.350906372,2.611485481,-2.636691093,298.0092773,8285415.0,3854256.0,9353249.0,0.000208139
2014-03-21 04:00:00,0.021323755,0.002860343,94784.375,41.48072815,0.415955842,2.859827042,-2.43230629,298.4089355,10674430.0,5186147.0,12149307.0,0.000211
2014-03-21 05:00:00,0.059206288,0.013166972,94731.0,41.02444458,0.585938871,3.539138794,-2.166383743,298.3427734,12897790.0,6469946.0,14703773.0,0.000254393
2014-03-21 06:00:00,0.027760323,0.003799291,94711.0625,40.80940247,0.329845071,2.991773605,-2.267069817,298.0205078,14431252.0,7765583.0,16546361.0,0.000268221
2014-03-21 07:00:00,0.049349234,0.006219085,94711.0625,41.42233276,0.392634749,2.751454353,-1.60117054,297.2321777,15312170.0,9008275.0,17709696.0,0.000294447
2014-03-21 08:00:00,0.078766465,0.019847073,94765.6875,46.15464783,0.620349705,1.915183067,-0.294215202,294.7724609,15602145.0,10249165.0,18159712.0,0.00036931
2014-03-21 09:00:00,0.05266571,0.008970261,94788.75,48.22259521,0.928261101,0.274055481,-1.359428406,293.9897461,15605613.0,11516928.0,18168352.0,0.000367403
2014-03-21 10:00:00,0.023426056,0.011552811,94834.1875,52.05160522,0.91482544,-0.299563408,-1.635307312,291.7744141,15605613.0,12754631.0,18168352.0,0.00037241
2014-03-21 11:00:00,0.096570969,0.025791168,94899.5,60.59182739,0.820831299,1.267621994,-1.371655464,291.0581055,15605613.0,13996384.0,18168352.0,0.000749111
2014-03-21 12:00:00,0.014263153,0.002180099,94884.25,64.46270752,0.343902588,0.768016815,-1.554168701,290.0932617,15605613.0,15246968.0,18168352.0,0.000750065
2014-03-21 13:00:00,0.010522842,0.01597786,94870.375,68.36813354,0.39906311,0.426624298,-1.885046005,289.0195312,15605613.0,16425983.0,18168352.0,0.000778198
2014-03-21 14:00:00,0.005474091,0.00891304,94840.5625,71.8276825,0.423278809,1.225891113,-1.674560547,288.3361816,15605613.0,17612496.0,18168352.0,0.000788689
2014-03-21 15:00:00,2.29e-05,0.002355576,94780.5625,74.18984985,0.255813599,0.982207298,-1.638630867,288.0964355,15605613.0,18788528.0,18168352.0,0.000788689
2014-03-21 16:00:00,6.87e-05,0.001176834,94737.4375,76.95335388,0.148010254,0.608046532,-1.763391495,287.7553711,15605613.0,19948688.0,18168352.0,0.000788689
2014-03-21 17:00:00,0.000183105,0.000641823,94715.0,79.47364807,0.032073975,0.794307709,-1.717735291,287.4069824,15605613.0,21101104.0,18168352.0,0.000788689
2014-03-21 18:00:00,0.000358582,0.000112534,94712.1875,80.24478149,0.027404785,0.775621414,-1.567148209,287.1535645,15605613.0,22246512.0,18168352.0,0.000788689
2014-03-21 19:00:00,0.000617981,2.86e-05,94738.5625,80.89250183,0.032226563,0.939582825,-1.506905556,286.7971191,15605613.0,23387648.0,18168352.0,0.000788689
2014-03-21 20:00:00,0.003105164,0.0,94774.125,81.09985352,0.074645996,1.22765255,-1.393298149,286.6660156,15605613.0,24541888.0,18168352.0,0.000788689
2014-03-21 21:00:00,0.002967834,0.0,94805.9375,80.67538452,0.126983643,1.334355354,-1.394627571,288.2980957,15748631.0,25699184.0,18399008.0,0.000788689
2014-03-21 22:00:00,0.000488281,0.0,94821.0625,72.79948425,0.032104492,1.472819328,-1.550746918,290.9001465,16515072.0,26894096.0,19395936.0,0.000788689
2014-03-21 23:00:00,0.000556946,0.0,94838.25,64.96546936,0.039306641,2.578239441,-2.096877098,293.3618164,18078256.0,28107136.0,21234864.0,0.000788689
2014-03-22 00:00:00,0.018157959,0.000339985,94820.5,58.98429871,0.161773682,3.220726013,-2.531823158,295.4733887,20336576.0,29346352.0,23798976.0,0.000790596
2014-03-22 01:00:00,0.057739258,0.001502991,94765.0,58.42044067,0.370269775,4.936353683,-3.05856514,296.423584,2684124.0,1258972.0,3012603.0,0.000142187
2014-03-22 02:00:00,0.063186646,0.002403259,94681.0,51.91870117,0.321105957,5.278524399,-2.95377636,297.1787109,5055356.0,2552531.0,5766571.0,0.000188708
2014-03-22 03:00:00,0.061386108,0.003311157,94642.3125,45.67668152,0.381835938,5.478709221,-2.649700165,298.0371094,7562049.0,3916407.0,8697503.0,0.000201702
2014-03-22 04:00:00,0.030891418,0.00271225,94593.875,45.42155457,0.38659668,5.380660057,-2.269142151,298.0803223,9719744.0,5265984.0,11293705.0,0.000208855
2014-03-22 05:00:00,0.066848755,0.011543274,94587.6875,42.6353302,0.449890137,5.496997833,-1.261440277,297.8515625,11621611.0,6564214.0,13579946.0,0.000229597
2014-03-22 06:00:00,0.002624512,0.000255585,94571.3125,47.70840454,0.035766602,4.463386536,-0.639408112,297.2568359,13227827.0,7807758.0,15519909.0,0.000229597
2014-03-22 07:00:00,0.001602173,2.67e-05,94618.125,47.57502747,0.009338379,3.17990303,-0.468644142,296.4101562,14275596.0,9013027.0,16796096.0,0.000229597
2014-03-22 08:00:00,0.000152588,0.0,94688.5,47.92709351,0.002685547,1.748432159,-0.456124306,294.2177734,14617439.0,10169484.0,17284848.0,0.000229597
2014-03-22 09:00:00,0.026924133,0.0,94756.4375,59.86187744,0.114135742,-1.189178467,-0.673545837,291.7878418,14620812.0,11300960.0,17292080.0,0.000233173
2014-03-22 10:00:00,0.054672241,0.0,94831.125,81.47360229,0.492126465,-4.304916382,-0.537182808,288.9575195,14620812.0,12460030.0,17291952.0,0.0002563
2014-03-22 11:00:00,0.060401917,0.0,94868.8125,89.28134155,0.529693604,-3.232804298,-0.007452965,288.1928711,14620812.0,13648844.0,17291952.0,0.000286579
2014-03-22 12:00:00,0.071632385,0.0,94869.3125,87.23013306,0.59185791,-2.097067833,0.362995148,288.0561523,14620812.0,14898484.0,17291952.0,0.000322819
2014-03-22 13:00:00,0.087234497,0.0,94862.75,88.07192993,0.643463135,-1.590382576,0.647834778,287.9248047,14620812.0,16172009.0,17291952.0,0.000366449
2014-03-22 14:00:00,0.156715393,0.0,94824.0625,89.26182556,0.902587891,-1.498474121,0.766422272,287.4987793,14620812.0,17415744.0,17291952.0,0.000437498
2014-03-22 15:00:00,0.188903809,0.0,94804.75,87.82859802,0.901367188,-2.334764481,0.914182663,287.8498535,14620812.0,18797648.0,17291952.0,0.000551939
2014-03-22 16:00:00,0.210517883,0.0,94779.6875,88.73139954,0.911621094,-1.988832474,0.842899323,287.723877,14620812.0,20136144.0,17291952.0,0.000682592
2014-03-22 17:00:00,0.209785461,0.0,94732.5,90.41952515,0.880981445,-1.17522049,0.74805069,287.588623,14620812.0,21462960.0,17291952.0,0.000812054
2014-03-22 18:00:00,0.17742157,0.0,94704.875,90.95422363,0.900512695,-0.703560829,0.543169975,287.7570801,14620812.0,22842272.0,17291952.0,0.000912905
2014-03-22 19:00:00,0.153266907,0.0,94699.125,91.45948792,0.874969482,0.07532692,0.657222748,287.527832,14620812.0,24126576.0,17291952.0,0.000998259
2014-03-22 20:00:00,0.117507935,2.98e-06,94706.125,91.75196838,0.781402588,0.157874107,0.568321228,287.6677246,14620812.0,25481392.0,17291952.0,0.001067877
2014-03-22 21:00:00,0.083492279,1.14e-05,94724.9375,92.12742615,0.650421143,0.476524353,0.595086098,287.6008301,14701205.0,26681408.0,17460224.0,0.001112938
2014-03-22 22:00:00,0.049900055,0.0,94766.875,88.12184143,0.995318592,0.469614029,-0.394201279,288.8251953,15211172.0,27924432.0,18226592.0,0.001135349
2014-03-22 23:00:00,0.036754608,0.001241684,94766.25,77.27827454,0.991960228,1.832078934,-1.700810432,291.0134277,16399017.0,29255760.0,19760256.0,0.001151323
2014-03-23 00:00:00,0.010444641,0.017976761,94722.5,63.08161926,0.997324348,2.102263451,-1.72111702,293.0068359,18207296.0,30597216.0,21934864.0,0.001152754
2014-03-23 01:00:00,0.003772736,0.026369091,94649.5625,53.44902039,0.983674049,3.169838905,-2.640208244,294.8203125,2520512.0,1253423.0,2833695.0,0.0
2014-03-23 02:00:00,0.00019455,0.033449922,94569.6875,43.58460999,0.98999083,4.332585335,-2.822715759,295.7946777,4829541.0,2514287.0,5547150.0,0.0
2014-03-23 03:00:00,0.0,0.040130153,94507.5625,39.52731323,0.980927169,4.626631737,-2.821145058,296.5031738,7510545.0,3762147.0,8593024.0,0.0
2014-03-23 04:00:00,0.0,0.02008022,94450.0,37.78955078,0.999999642,4.590615273,-2.457173347,296.4494629,9883101.0,4994681.0,11351938.0,0.0
2014-03-23 05:00:00,0.0,0.021163229,94428.8125,35.38356018,0.999999464,4.430303574,-1.873604774,296.3886719,12091974.0,6200507.0,13873071.0,0.0
2014-03-23 06:00:00,0.0,0.017636783,94454.1875,32.75270081,1.000002861,4.347718239,-1.088197708,295.6228027,13633656.0,7375472.0,15709021.0,0.0
2014-03-23 07:00:00,0.0,0.022773087,94509.25,33.16590881,0.982684255,3.683192253,-0.179781914,294.4775391,14526291.0,8536159.0,16815776.0,0.0
2014-03-23 08:00:00,0.0,0.031668045,94540.3125,36.4054718,0.999999702,2.053362846,-0.013908386,292.2590332,14782355.0,9672342.0,17183600.0,0.0
2014-03-23 09:00:00,0.0,0.035320792,94583.375,42.01811218,1.0,2.013191223,-0.629542351,290.1376953,14783891.0,10819105.0,17187040.0,0.0
2014-03-23 10:00:00,0.0,0.024017721,94660.3125,42.16172791,0.995321512,1.674275398,-1.195320129,288.8034668,14783891.0,11950618.0,17186768.0,0.0
2014-03-23 11:00:00,0.000366211,0.008735042,94695.75,40.86894226,0.981713951,1.066480637,-1.125785828,288.0236816,14783891.0,13044229.0,17186768.0,0.0
2014-03-23 12:00:00,0.044380188,0.012843039,94725.1875,51.64830017,0.988304615,-1.233734131,-0.148664475,287.121582,14783891.0,14093463.0,17186768.0,0.0
2014-03-23 13:00:00,0.16268158,0.033880234,94739.625,71.79756165,0.999998987,-2.55970192,0.584613383,287.1989746,14783891.0,15290500.0,17186768.0,8.31e-05
2014-03-23 14:00:00,0.09934473,0.038318634,94731.375,85.47335815,0.988314688,-3.028970718,0.878401876,287.277832,14783891.0,16583423.0,17186768.0,0.000161648
2014-03-23 15:00:00,0.06590271,0.050840661,94740.1875,86.16384888,0.989994884,-2.886404037,1.117839813,286.8566895,14783891.0,17810480.0,17186768.0,0.000207067
2014-03-23 16:00:00,0.043544926,0.020555086,94740.0625,83.8561554,0.995321512,-2.194747925,1.103487015,286.4233398,14783891.0,19037280.0,17186768.0,0.000231028
2014-03-23 17:00:00,0.037644744,0.005951464,94703.75,84.45692444,0.954560518,-1.516496658,0.914745331,285.9868164,14783891.0,20245072.0,17186768.0,0.000247002
2014-03-23 18:00:00,0.056408994,0.01038418,94715.5,85.52308655,0.945962846,-1.448141098,0.455029488,285.1853027,14783891.0,21390416.0,17186768.0,0.000274897
2014-03-23 19:00:00,0.066823602,0.02039491,94743.4375,84.84896851,1.0,-1.373224258,0.67458725,284.9006348,14783891.0,22540080.0,17186768.0,0.000316143
2014-03-23 20:00:00,0.068994403,0.088163018,94777.1875,84.19570923,0.999999464,-1.286500931,0.810858727,285.1867676,14783891.0,23758640.0,17186768.0,0.000386238
2014-03-23 21:00:00,0.123886704,0.20946753,94804.5625,83.21191406,0.999999464,-1.813602448,1.735170364,285.6225586,14848171.0,25012992.0,17318496.0,0.000514746
2014-03-23 22:00:00,0.019095801,0.1464957,94849.5625,83.79827881,1.000000954,-1.801528931,1.938262939,285.9960938,15070278.0,26278992.0,17790512.0,0.001070976
2014-03-23 23:00:00,0.109948456,0.145106673,94858.3125,83.70555115,0.999999464,-2.234320641,2.110559464,287.0803223,15852433.0,27541200.0,18989744.0,0.002271175
2014-03-24 00:00:00,0.074865639,0.090691864,94887.1875,83.52171326,1.000000954,-2.492101669,0.647402763,287.2585449,16434897.0,28793408.0,20202800.0,0.003471375
2014-03-24 01:00:00,0.239909113,0.445767045,94835.75,74.31274414,0.999994457,-2.438997269,-0.133533478,289.1057129,903161.0625,1278717.0,1637373.0,0.000634193
2014-03-24 02:00:00,0.274969816,0.604716122,94790.3125,81.43388367,1.0,-1.657762527,0.603993416,288.3635254,1541024.0,2583135.0,3133195.0,0.00445056
2014-03-24 03:00:00,0.681028068,0.635231435,94783.4375,86.53466797,1.000002861,-1.570879936,0.502309799,287.8684082,2027379.0,3857800.0,4452435.0,0.007125378
2014-03-24 04:00:00,0.972962022,0.421752572,94799.1875,91.5533905,0.99999547,-2.046794891,0.585179329,287.3845215,2289305.0,5166169.0,5540854.0,0.010064125
2014-03-24 05:00:00,0.241461754,0.105817497,94769.8125,91.50537109,0.976217687,-2.726467133,1.564678192,287.199707,2530158.0,6479898.0,6495728.0,0.01155138
2014-03-24 06:00:00,0.137568414,0.045143969,94757.8125,89.52346802,0.805480182,-3.126339912,1.826066971,287.4624023,2952761.0,7777231.0,7426273.0,0.012452126
2014-03-24 07:00:00,0.040683385,0.042112015,94770.6875,87.51701355,0.750908732,-3.552083015,2.27628231,287.3305664,3444537.0,9024734.0,8246602.0,0.013144016
2014-03-24 08:00:00,0.31756568,0.030230641,94787.875,88.08735657,0.97621876,-3.886331558,2.625673294,286.3867188,3614247.0,10230634.0,8570665.0,0.013606071
2014-03-24 09:00:00,0.246877611,0.021978837,94828.3125,88.17457581,0.995321155,-4.003637314,3.452667236,286.1501465,3614503.0,11519752.0,8571689.0,0.014063835
2014-03-24 10:00:00,0.211119473,0.051692609,94887.875,88.41734314,0.98838532,-3.886728287,3.996218681,286.1228027,3614503.0,12809201.0,8571568.0,0.014467239
2014-03-24 11:00:00,0.250220656,0.081803739,94907.6875,88.73707581,0.965918601,-3.410815239,3.92920208,285.9204102,3614503.0,14081685.0,8571568.0,0.015439987
2014-03-24 12:00:00,0.091352582,0.050834935,94932.375,88.38275146,0.755683124,-3.249556541,4.158682823,285.9575195,3614503.0,15347229.0,8571568.0,0.016054153
2014-03-24 13:00:00,0.173629046,0.00793457,94936.875,87.52488708,0.822640836,-3.573044777,4.295032501,285.9821777,3614503.0,16602125.0,8571568.0,0.016468048
2014-03-24 14:00:00,0.145767033,0.002738953,94907.9375,87.44306946,0.90063864,-3.82065773,4.582910538,285.9980469,3614503.0,17853040.0,8571568.0,0.016519547
2014-03-24 15:00:00,0.098971128,0.000999451,94897.625,86.17393494,0.683640599,-3.861997604,4.486927986,286.1118164,3614503.0,19110656.0,8571568.0,0.016544342
2014-03-24 16:00:00,0.11996299,0.001209259,94906.75,85.68850708,0.777567685,-3.688591957,4.332867622,286.2539062,3614503.0,20369216.0,8571568.0,0.016564369
2014-03-24 17:00:00,0.123513997,0.006263733,94909.875,85.81687927,0.720112562,-3.380103111,4.298121452,286.3830566,3614503.0,21632480.0,8571568.0,0.016676903
2014-03-24 18:00:00,0.186985612,0.008403778,94926.125,86.24584961,0.628112078,-2.793250084,4.364989281,286.4833984,3614503.0,22912048.0,8571568.0,0.016994476
2014-03-24 19:00:00,0.235974133,0.011417389,94979.1875,88.12609863,0.741517305,-2.54668808,4.206196785,286.2434082,3614503.0,24116912.0,8571568.0,0.01731893
2014-03-24 20:00:00,0.168651879,0.002204895,95016.875,88.89659119,0.532329142,-1.936052322,3.86813736,286.2463379,3614503.0,25331088.0,8571568.0,0.017448112
2014-03-24 21:00:00,0.19633472,0.000938416,95075.0,88.79173279,0.703040361,-1.760029793,3.917307854,286.6577148,3684936.0,26560752.0,8723423.0,0.017545719
2014-03-24 22:00:00,0.211149991,0.001350403,95131.875,87.19607544,0.850633562,-1.450366974,3.634466171,288.0444336,4204046.0,27823296.0,9492257.0,0.018197715
2014-03-24 23:00:00,0.189031661,0.000862122,95188.5625,81.67538452,0.797789872,-3.810466766,4.446569443,289.1411133,5038652.0,29128048.0,10766716.0,0.018712264
2014-03-25 00:00:00,0.168798864,0.000579834,95217.1875,77.17436218,0.952331543,-4.592477798,3.955265045,290.465332,6417290.0,30393168.0,12595116.0,0.018775094
2014-03-25 01:00:00,0.159217835,0.001110077,95231.875,74.03118896,0.988939226,-4.456016541,4.510009766,291.3720703,1510822.0,1330674.0,2035147.0,0.0
2014-03-25 02:00:00,0.175446868,0.000207901,95216.375,70.92079163,0.951794565,-4.565431595,3.887739182,292.4931641,3209895.0,2720379.0,4338557.0,0.000107527
2014-03-25 03:00:00,0.2133407,0.001333237,95181.5,71.79818726,0.96518153,-3.889760971,3.985712051,292.4611816,4735263.0,4123125.0,6529225.0,0.000260353
2014-03-25 04:00:00,0.217068195,0.000551224,95143.4375,74.20651245,0.887218595,-3.509858131,3.898480415,292.2387695,6189415.0,5540278.0,8608443.0,0.000428438
2014-03-25 05:00:00,0.181127131,0.0,95122.0,74.60238647,0.999996603,-4.098834991,3.831490517,291.9699707,7232208.0,6909982.0,10270179.0,0.000525475
2014-03-25 06:00:00,0.13210988,5.72e-05,95147.25,77.71905518,0.912059844,-3.240210533,4.037491798,291.3881836,7900508.0,8312875.0,11439888.0,0.000575066
2014-03-25 07:00:00,0.091519594,0.001873016,95168.5,78.05787659,0.941674292,-2.866638184,3.83523941,290.8486328,8357067.0,9681986.0,12246801.0,0.000592232
2014-03-25 08:00:00,0.167114258,0.00598526,95226.3125,80.98629761,0.999994516,-2.517848969,2.855669022,290.0300293,8556350.0,10994578.0,12595472.0,0.000622749
2014-03-25 09:00:00,0.123168945,0.006401062,95274.0625,83.84358215,0.989597499,-2.220803261,2.76313591,289.7192383,8556350.0,12370192.0,12595472.0,0.000655174
2014-03-25 10:00:00,0.098754883,0.002989769,95330.75,85.53831482,0.984609604,-2.11737442,2.836526871,289.4689941,8556350.0,13724984.0,12595096.0,0.000668049
2014-03-25 11:00:00,0.121032715,0.00819397,95372.0,86.76611328,0.9919523,-2.213726997,2.673546791,289.3188477,8556350.0,15084684.0,12595096.0,0.000677109
2014-03-25 12:00:00,0.108764648,0.014572144,95395.25,87.44232178,1.0,-1.989808083,2.670460701,289.3173828,8556350.0,16467192.0,12595096.0,0.000694275
2014-03-25 13:00:00,0.083557129,0.028388977,95393.75,87.78196716,1.0,-1.943655968,2.809065819,289.3186035,8556350.0,17853696.0,12595096.0,0.000703812
2014-03-25 14:00:00,0.127136231,0.029220581,95374.8125,88.52554321,0.999998629,-2.100455284,2.543942451,289.3051758,8556350.0,19237872.0,12595096.0,0.000718117
2014-03-25 15:00:00,0.149261475,0.04642868,95350.9375,89.34382629,0.999999285,-2.118765831,2.288402557,289.3864746,8556350.0,20642272.0,12595096.0,0.000747681
2014-03-25 16:00:00,0.181549072,0.066989899,95331.375,90.47875977,1.0,-2.045777321,2.270602226,289.2109375,8556350.0,22002240.0,12595096.0,0.000809669
2014-03-25 17:00:00,0.289489746,0.115854442,95311.0,92.30889893,0.999998748,-1.881291389,2.24760437,288.9250488,8556350.0,23340368.0,12595096.0,0.001298904
2014-03-25 18:00:00,0.283477783,0.134734869,95312.0625,94.626297,0.999999702,-2.100342751,2.480604172,288.8820801,8556350.0,24732720.0,12595096.0,0.002381325
2014-03-25 19:00:00,0.290059865,0.134987593,95326.9375,95.12411499,1.0,-2.319375992,2.612273216,288.8920898,8556350.0,26136064.0,12595096.0,0.003277779
2014-03-25 20:00:00,0.234649658,0.115673482,95362.0,94.22016907,1.0,-2.58277607,2.156020164,288.8613281,8556350.0,27502560.0,12595096.0,0.003829002
2014-03-25 21:00:00,0.411944091,0.208227336,95386.3125,93.87368774,1.000000954,-2.624898911,1.499490738,288.8859863,8581401.0,28874608.0,12690003.0,0.00518322
2014-03-25 22:00:00,0.56274581,0.348733723,95411.625,95.53887939,0.999999583,-2.674949646,0.822053909,289.2104492,8696444.0,30251296.0,13069351.0,0.006774902
2014-03-25 23:00:00,1.260887146,0.291770101,95449.1875,95.81777954,1.0,-3.135658264,-0.143208504,289.5603027,8905679.0,31646640.0,13756775.0,0.009403229
2014-03-26 00:00:00,0.654935539,0.264023483,95469.0625,94.78314209,1.0,-3.153553963,0.214118958,289.5354004,9095540.0,33024080.0,14620407.0,0.011481285
2014-03-26 01:00:00,0.218040347,0.071376741,95358.8125,87.52893066,0.999999881,-2.489955902,1.506142616,292.2929688,977560.1875,1397850.0,1712890.0,0.000144482
2014-03-26 02:00:00,0.161041319,0.099043548,95301.5,85.241745,0.99999994,-4.313417435,1.177212715,292.4155273,1989237.0,2814096.0,3507068.0,0.00347429
2014-03-26 03:00:00,0.248481572,0.081171572,95227.375,88.83235168,1.0,-3.81278038,0.804849625,292.765625,3195832.0,4201478.0,5493742.0,0.004629053
2014-03-26 04:00:00,0.478474915,0.095973134,95202.125,86.2816925,0.99999994,-3.571392059,0.384910584,293.0537109,4368739.0,5593450.0,7368953.0,0.004802495
2014-03-26 05:00:00,0.552814484,0.19265008,95186.625,89.18835449,1.0,-3.68200016,-0.019773483,291.4609375,4788828.0,6998257.0,8461450.0,0.006054722
2014-03-26 06:00:00,0.143952966,0.16317445,95226.375,92.43545532,1.0,-2.914793015,0.100068092,290.4558105,4958220.0,8369959.0,9172339.0,0.007766142
2014-03-26 07:00:00,0.296895146,0.130723834,95227.5625,91.8289032,1.0,-3.132049561,0.27814579,290.5334473,5257089.0,9723690.0,9773149.0,0.008374378
2014-03-26 08:00:00,0.126490414,0.090266943,95251.0,92.29658508,1.0,-2.873148918,0.502471924,290.1433105,5298258.0,11096611.0,9942573.0,0.008760076
2014-03-26 09:00:00,0.339013338,0.114968181,95305.875,92.76646423,1.0,-2.678315163,0.467726708,289.8110352,5298258.0,12449408.0,9942573.0,0.009954378
2014-03-26 10:00:00,0.383323252,0.196083427,95352.5,94.15939331,1.0,-2.680553436,0.700651169,289.6437988,5298258.0,13814431.0,9942573.0,0.010680866
2014-03-26 11:00:00,0.401769459,0.201679587,95366.8125,95.25131226,1.0,-2.770334244,0.729491234,289.5393066,5298258.0,15192674.0,9942712.0,0.011721402
2014-03-26 12:00:00,0.369244456,0.202213109,95352.75,95.30812073,0.999999642,-2.816784859,0.444119453,289.552002,5298258.0,16576375.0,9942712.0,0.012426898
2014-03-26 13:00:00,0.13722086,0.298276007,95328.25,95.45610046,0.999999821,-3.311393738,0.087416649,289.3815918,5298258.0,17963840.0,9942712.0,0.013107069
2014-03-26 14:00:00,0.321771383,0.148403704,95287.5,95.84164429,1.0,-3.686367035,-0.45005703,288.9960938,5298258.0,19336064.0,9942712.0,0.014163226
2014-03-26 15:00:00,0.484810829,0.139272988,95239.125,94.55635071,1.0,-3.113053322,-0.269062996,288.9606934,5298258.0,20718592.0,9942712.0,0.014797755
2014-03-26 16:00:00,0.551533997,0.137634158,95178.1875,94.35740662,1.0,-2.548300743,-0.018249512,288.861084,5298258.0,22072240.0,9942712.0,0.015497416
2014-03-26 17:00:00,0.647236764,0.09556073,95107.3125,94.73413086,0.99999994,-1.860114098,0.465053558,288.8930664,5298258.0,23450896.0,9942712.0,0.016366456
2014-03-26 18:00:00,0.771047235,0.302516103,95080.625,95.1506958,1.0,-1.634474754,0.513170242,288.8044434,5298258.0,24820016.0,9942712.0,0.017930809
2014-03-26 19:00:00,1.067129135,0.410076082,95066.3125,96.20854187,0.999999881,-1.972964287,0.51458168,288.7373047,5298258.0,26205168.0,9942712.0,0.019759361
2014-03-26 20:00:00,0.713400602,0.291605592,95070.9375,94.80767822,0.99999851,-3.198066711,-1.591988564,289.034668,5298258.0,27605920.0,9942712.0,0.021416757
2014-03-26 21:00:00,1.069181442,0.052551713,95111.875,92.39630127,0.999998391,-4.269744873,-2.8230896,289.065918,5304937.0,28998224.0,10015270.0,0.023298778
2014-03-26 22:00:00,1.109451294,0.037521362,95106.875,88.68264771,1.000003815,-4.134500504,-1.871592522,288.4455566,5339181.0,30360288.0,10330853.0,0.025476318
2014-03-26 23:00:00,0.515113831,0.023864746,95125.8125,85.89555359,0.999999523,-3.936423302,-2.053997993,289.1352539,5545346.0,31732400.0,10988873.0,0.026702382
2014-03-27 00:00:00,0.614456952,0.035373688,95119.875,88.52981567,1.000003815,-3.353700638,-1.428536415,289.7260742,5935752.0,33117328.0,12030711.0,0.02899912
2014-03-27 01:00:00,0.342559338,0.005386353,95038.625,85.31906128,0.990997374,-3.038977623,-3.360752106,291.3522949,614401.375,1422668.0,1443186.0,0.000172377
2014-03-27 02:00:00,0.481168747,0.013931274,94961.5625,84.83950806,0.999993324,-2.207792282,-3.420389175,291.8100586,1547225.0,2844912.0,3170579.0,0.000716448
2014-03-27 03:00:00,0.535191,0.025421143,94907.3125,86.96069336,0.994957387,-1.05906868,-3.676596642,291.5505371,2164459.0,4252897.0,4650082.0,0.001501441
2014-03-27 04:00:00,0.863325119,0.010025024,94819.0,89.36911011,0.999999821,0.228593826,-4.493032455,291.4367676,3000548.0,5652838.0,6236609.0,0.002361536
2014-03-27 05:00:00,0.686068893,0.007839203,94759.4375,92.73962402,0.98128891,-0.173345566,-2.928611755,291.1081543,3357072.0,7057092.0,7298382.0,0.00312078
2014-03-27 06:00:00,0.372239411,0.004295349,94754.8125,90.48374939,0.971200764,-0.852820396,-2.375553131,291.3605957,3712924.0,8461740.0,8178782.0,0.003523588
2014-03-27 07:00:00,0.220174968,0.024742126,94788.9375,90.48414612,1.000002861,-1.355613708,-2.158792496,291.3828125,3942082.0,9856508.0,8748162.0,0.003661871
2014-03-27 08:00:00,0.242025316,0.019784402,94833.125,90.62944031,1.0,-1.30739212,-1.859422684,290.453125,4007486.0,11255932.0,8950765.0,0.004154921
2014-03-27 09:00:00,0.186141908,0.028804187,94870.9375,91.58905029,0.999996185,-1.073941231,-1.472161293,290.0161133,4007486.0,12613271.0,8950765.0,0.004251242
2014-03-27 10:00:00,0.203128278,0.050863121,94900.875,91.07388306,0.99999702,-1.357699394,-1.424798012,289.9707031,4007486.0,14019027.0,8950765.0,0.004315853
2014-03-27 11:00:00,0.11914897,0.070054889,94916.5625,90.36090088,1.000004768,-1.590057373,-1.582736969,289.8513184,4007486.0,15429547.0,8951066.0,0.004364491
2014-03-27 12:00:00,0.092001498,0.082008362,94903.9375,89.4924469,0.999999285,-1.304821014,-1.51437664,289.5786133,4007486.0,16809392.0,8951066.0,0.004400253
2014-03-27 13:00:00,0.083676815,0.06124115,94910.125,88.77630615,0.997315347,-0.395334244,-1.520599365,288.9736328,4007486.0,18125232.0,8951066.0,0.004422665
2014-03-27 14:00:00,0.119241715,0.049880981,94897.8125,89.8324585,1.000006676,0.007221222,-1.428743362,288.9189453,4007486.0,19467600.0,8951066.0,0.004519224
2014-03-27 15:00:00,0.105563223,0.12033844,94858.6875,90.88496399,1.000001907,-0.130081177,-1.307608604,288.7668457,4007486.0,20817040.0,8951066.0,0.00461936
2014-03-27 16:00:00,0.123447716,0.098922729,94794.3125,91.89280701,0.999992728,0.197404862,-1.428334236,288.3742676,4007486.0,22126592.0,8951066.0,0.004661322
2014-03-27 17:00:00,0.162285209,0.065792084,94759.0,93.59251404,0.999999404,0.858171463,-1.445214272,288.7211914,4007486.0,23517408.0,8951066.0,0.004722118
2014-03-27 18:00:00,0.17687285,0.059188843,94729.0625,95.18399048,1.0,1.215453148,-1.46253109,288.8027344,4007486.0,24918416.0,8951066.0,0.00477457
2014-03-27 19:00:00,0.139757693,0.077865005,94739.25,96.47386169,0.999999702,0.926817894,-1.403940201,288.7922363,4007486.0,26320432.0,8951066.0,0.004847765
2014-03-27 20:00:00,0.19763577,0.061234631,94766.9375,97.20019531,0.99999994,0.745585442,-1.473843575,288.7939453,4007486.0,27724656.0,8951066.0,0.004889488
2014-03-27 21:00:00,0.179572582,0.054734431,94784.1875,97.15460205,0.999999762,1.362194061,-1.978462219,288.9709473,4032359.0,29133520.0,9042775.0,0.004945517
2014-03-27 22:00:00,0.137422323,0.067677557,94787.9375,93.67758179,0.999999285,2.318922997,-1.895431519,289.598877,4244424.0,30536192.0,9526567.0,0.005022243
2014-03-27 23:00:00,0.093932033,0.055023354,94794.125,89.87316895,0.999999464,2.908251762,-0.831352234,290.3254395,4746077.0,31954112.0,10487350.0,0.005126424
2014-03-28 00:00:00,0.120806456,0.044437978,94791.125,82.71456909,0.999999523,2.425773621,-0.107317925,291.2419434,5536851.0,33332976.0,11887926.0,0.005245298
2014-03-28 01:00:00,0.102947235,0.038290769,94652.1875,77.26449585,0.987348735,2.436969757,-0.553292275,292.8012695,1489385.0,1390700.0,2093379.0,0.000164032
2014-03-28 02:00:00,0.074793637,0.062648535,94618.0,76.55529785,0.99903369,2.207888603,-0.321112633,293.7976074,3447311.0,2764108.0,4670007.0,0.000225782
2014-03-28 03:00:00,0.021220051,0.051269457,94506.5625,73.28868103,0.985638797,1.872953415,-1.275425911,294.0541992,4921398.0,4145333.0,6784343.0,0.000277281
2014-03-28 04:00:00,0.014824353,0.045484599,94454.0625,71.15696716,0.983054042,1.461836815,-1.424231529,294.4267578,6335101.0,5526280.0,8807309.0,0.000316143
2014-03-28 05:00:00,0.022724699,0.07629621,94383.375,68.68859863,0.97931546,1.006820679,-1.401411057,294.8083496,7928795.0,6914230.0,10863876.0,0.000357628
2014-03-28 06:00:00,0.026735004,0.081273913,94395.375,64.63635254,0.981646895,1.009931564,-1.519381523,294.6821289,8915386.0,8260459.0,12232501.0,0.000381947
2014-03-28 07:00:00,0.111967742,0.124353409,94438.8125,74.13468933,0.976642251,-0.047052383,-1.031430244,292.7790527,9310017.0,9578535.0,12926656.0,0.001673738
2014-03-28 08:00:00,0.017759983,0.088742375,94468.125,81.25018311,0.984288514,-0.761371613,-0.157222748,291.559082,9439583.0,10907669.0,13169460.0,0.002384869
2014-03-28 09:00:00,0.064122975,0.071575224,94534.125,86.53982544,0.990959823,-1.287060738,0.420804977,290.3984375,9439583.0,12199941.0,13169460.0,0.002740287
2014-03-28 10:00:00,0.214514136,0.074799776,94655.9375,90.91954041,0.999994516,-1.066249847,-0.127735138,289.4641113,9439583.0,13505862.0,13169460.0,0.003499689
2014-03-28 11:00:00,0.282559097,0.019172668,94692.9375,94.96780396,1.000001907,-0.668697357,0.08339119,289.5251465,9439583.0,14887510.0,13169657.0,0.003877218
2014-03-28 12:00:00,0.187097132,0.017210007,94690.1875,95.93893433,1.0,-0.443319321,0.764537811,289.5732422,9439583.0,16299038.0,13169657.0,0.004070792
2014-03-28 13:00:00,0.132827759,0.012423515,94655.5625,96.23410034,1.0,-0.102321625,0.881001473,289.4370117,9439583.0,17679120.0,13169657.0,0.004112754
2014-03-28 14:00:00,0.080718994,0.003243446,94620.375,96.1086731,0.99710083,0.02742672,0.923989296,289.3745117,9439583.0,19064832.0,13169657.0,0.004117999
2014-03-28 15:00:00,0.081123352,0.000309944,94606.875,95.25166321,0.937164307,0.313770294,1.067436218,289.2150879,9439583.0,20430720.0,13169657.0,0.004123721
2014-03-28 16:00:00,0.045227051,0.0,94591.1875,94.27200317,0.852874756,0.257505417,1.137350082,289.105957,9439583.0,21793248.0,13169657.0,0.004130874
2014-03-28 17:00:00,0.005222321,0.0,94555.1875,93.72442627,0.372674346,-0.044476509,1.103674889,288.9162598,9439583.0,23128368.0,13169657.0,0.004130874
2014-03-28 18:00:00,0.014137875,0.0,94569.125,92.93789673,0.446184814,0.613143921,1.365757942,287.9851074,9439583.0,24366896.0,13169657.0,0.004130874
2014-03-28 19:00:00,0.043462608,0.000130653,94601.875,92.9375,0.760234356,0.622440338,1.33135128,287.8017578,9439583.0,25623984.0,13169657.0,0.004130874
2014-03-28 20:00:00,0.057533264,0.006923676,94639.0,92.13343811,0.960264206,0.190154076,1.40100193,287.9587402,9439583.0,26912448.0,13169657.0,0.004135165
2014-03-28 21:00:00,0.061912537,0.006786346,94710.75,91.43814087,0.969678819,-0.028122902,1.951332092,288.6403809,9492621.0,28224688.0,13291220.0,0.004143309
2014-03-28 22:00:00,0.012680054,0.00012207,94744.625,88.49736023,0.56410408,-0.011082649,1.588256836,289.8371582,9876577.0,29576128.0,13944319.0,0.00414316
2014-03-28 23:00:00,0.032272339,0.0,94756.3125,75.03271484,0.565663517,-0.773705483,1.798197746,291.5969238,11197666.0,30824000.0,15575116.0,0.004156254
2014-03-29 00:00:00,0.077064514,0.011192322,94740.3125,67.36303711,0.999992371,-0.495733261,1.007441521,292.9316406,12907576.0,32146736.0,17703248.0,0.004228231
2014-03-29 01:00:00,0.068595886,0.023902893,94712.0,68.35131836,0.917859137,2.072972298,-0.689172745,293.7116699,1916219.0,1308113.0,2375912.0,0.000192374
2014-03-29 02:00:00,0.072498322,0.00963974,94653.375,62.23150635,0.824157238,2.731379509,-0.716570854,294.677002,4151179.0,2650179.0,5082419.0,0.000431031
2014-03-29 03:00:00,0.085063934,0.034049988,94602.5,58.97129822,0.979923666,3.311411858,-0.71643734,295.3623047,6518165.0,3979615.0,7862794.0,0.000594139
2014-03-29 04:00:00,0.084679663,0.094268799,94588.0625,59.34869385,0.987345934,3.437506676,-0.502177239,295.2165527,8051355.0,5311709.0,9978891.0,0.000601828
2014-03-29 05:00:00,0.033027913,0.227321506,94564.375,58.96961975,0.992985785,3.039797783,0.517145157,295.1679688,9398223.0,6669178.0,11835645.0,0.000618339
2014-03-29 06:00:00,0.059020996,0.145758212,94610.5625,55.74391174,0.999999106,2.057509422,1.297751427,294.3867188,10127591.0,8008085.0,13021394.0,0.000635028
2014-03-29 07:00:00,0.052505493,0.154367507,94657.0,62.71737671,0.999999344,-0.342037201,0.429996491,293.1767578,10561800.0,9323123.0,13743632.0,0.001227379
2014-03-29 08:00:00,0.042259216,0.265270531,94731.25,73.05406189,1.000002861,-1.542477608,0.313099861,291.5581055,10645408.0,10685297.0,13936894.0,0.001557112
2014-03-29 09:00:00,0.007141113,0.117345214,94791.5625,79.69577026,0.999993682,-1.994544983,-0.028704643,290.5966797,10645408.0,11994801.0,13936894.0,0.001617908
2014-03-29 10:00:00,0.004863739,0.117721558,94852.6875,85.26423645,0.999995649,-1.85411644,-0.021028519,289.7316895,10645408.0,13275577.0,13936894.0,0.001635075
2014-03-29 11:00:00,0.028839111,0.061069489,94877.5625,87.71269226,1.0,-1.240062714,0.293228149,289.0412598,10645408.0,14551958.0,13936371.0,0.001638651
2014-03-29 12:00:00,0.005939484,0.037017822,94916.0625,88.90863037,0.993408203,-0.949116707,0.752653122,288.5100098,10645408.0,15813316.0,13936371.0,0.001638889
2014-03-29 13:00:00,0.00087738,0.002593994,94945.0625,89.91197205,0.612915039,-0.860095978,1.138302803,287.9719238,10645408.0,17055200.0,13936371.0,0.001639605
2014-03-29 14:00:00,0.001945496,0.002922058,94936.1875,91.77159119,0.647644043,-1.399585724,1.333799362,286.8598633,10645408.0,18205232.0,13936371.0,0.001639605
2014-03-29 15:00:00,0.003562927,0.000461578,94905.75,94.06091309,0.287811279,-1.388932228,1.096430779,286.7043457,10645408.0,19397568.0,13936371.0,0.00164175
2014-03-29 16:00:00,0.007381439,0.002853394,94910.1875,95.97085571,0.493988037,-0.909056664,1.347352982,286.5458984,10645408.0,20532416.0,13936371.0,0.00164175
2014-03-29 17:00:00,0.005115509,0.0,94898.9375,98.17388916,0.209411621,-1.082640648,1.245858192,285.7890625,10645408.0,21662528.0,13936371.0,0.00164175
2014-03-29 18:00:00,0.011947632,0.0,94890.0,98.92094421,0.890625,-0.993060112,1.269162178,285.6147461,10645408.0,22832336.0,13936371.0,0.001642466
2014-03-29 19:00:00,0.028488159,2.81e-05,94920.5,99.44277954,0.937744141,-0.511322975,0.877779961,285.8049316,10645408.0,24085440.0,13936371.0,0.001643658
2014-03-29 20:00:00,0.044692993,0.00082016,94960.625,99.49055481,1.0,-0.181674004,0.892402649,285.8156738,10645408.0,25288496.0,13936371.0,0.001652241
2014-03-29 21:00:00,0.0623703,0.000261307,95018.1875,99.49746704,0.999023438,-0.261719704,0.692220688,286.2575684,10702011.0,26584688.0,14072927.0,0.001664877
2014-03-29 22:00:00,0.043205261,0.000232697,95054.625,97.08700562,1.0,-0.54321003,0.848727226,287.3212891,11020249.0,27952480.0,14690876.0,0.001673222
2014-03-29 23:00:00,0.033088684,6.87e-05,95095.3125,88.53907776,0.986541748,-0.310956955,0.461227417,289.0351562,11923120.0,29326320.0,16001173.0,0.00167799
2014-03-30 00:00:00,0.01738739,6.48e-05,95114.5625,81.36053467,0.938201904,-0.108865738,0.008514404,290.8720703,13499057.0,30677136.0,18018320.0,0.001683712
2014-03-30 01:00:00,0.008453369,0.005401611,95132.25,75.52474976,0.607208252,0.087098122,-0.639136314,292.6066895,2105631.0,1328748.0,2538458.0,0.0
2014-03-30 02:00:00,0.018687692,0.057548523,95025.9375,66.13668823,0.475268841,0.080936432,-1.229170799,294.1030273,4745649.0,2615379.0,5558733.0,0.0
2014-03-30 03:00:00,0.158169448,0.111076355,94972.1875,61.495224,0.759459972,0.330628395,-1.204573631,294.7526855,6848319.0,3856130.0,8166480.0,0.0
2014-03-30 04:00:00,0.491394043,0.088232696,94970.625,57.19842529,0.799384952,1.050868988,0.774464607,294.625,8575419.0,5167851.0,10417455.0,0.000601768
2014-03-30 05:00:00,0.694533587,0.090388358,95013.75,73.03466797,0.963575184,1.842308998,2.296433449,292.2744141,9788178.0,6423973.0,12205295.0,0.005893469
2014-03-30 06:00:00,0.050589774,0.019789375,95001.75,75.32492065,0.552726269,-2.235567093,1.841261864,291.4221191,10294910.0,7733611.0,13181674.0,0.006079674
2014-03-30 07:00:00,0.0158506,0.008358002,95055.3125,78.32371521,0.571522057,-2.252812386,0.437867582,290.8540039,10882200.0,8968018.0,14033625.0,0.006104231
2014-03-30 08:00:00,0.02809906,0.01358223,95098.0,81.91738892,0.305633545,-1.463310242,0.246277809,289.151123,11045939.0,10177587.0,14317007.0,0.006107807
2014-03-30 09:00:00,0.012628905,0.001335144,95159.5625,84.97944641,0.155225337,-1.739339828,0.484087944,288.1672363,11045939.0,11367157.0,14317007.0,0.006112337
2014-03-30 10:00:00,0.012796637,0.0,95229.6875,88.13604736,0.286743164,-1.547926903,0.784646034,287.6621094,11045939.0,12567943.0,14317007.0,0.006114244
2014-03-30 11:00:00,0.02481842,0.0,95242.125,90.93891907,0.591888428,-1.870383263,0.746969223,286.8461914,11045939.0,13732518.0,14316749.0,0.006114244
2014-03-30 12:00:00,0.045028687,0.0,95237.9375,92.38990784,0.787567139,-1.192929268,0.888548851,287.1904297,11045939.0,14983198.0,14316749.0,0.006121874
2014-03-30 13:00:00,0.059661865,0.0,95227.6875,93.24880981,0.847290039,-0.673288345,0.878183365,287.5209961,11045939.0,16267672.0,14316749.0,0.006130219
2014-03-30 14:00:00,0.073562622,0.0,95186.4375,93.54486084,0.829376221,-0.759399414,0.871517181,287.9172363,11045939.0,17604080.0,14316749.0,0.006149054
2014-03-30 15:00:00,0.067871094,0.0,95170.0,93.10923767,0.795227051,-0.77920723,0.783200264,288.0695801,11045939.0,18969472.0,14316749.0,0.006178141
2014-03-30 16:00:00,0.066558838,0.0,95141.6875,93.37390137,0.694702148,-0.353608131,0.987019539,287.392334,11045939.0,20220752.0,14316749.0,0.006198168
2014-03-30 17:00:00,0.062362671,0.0,95122.1875,94.40969849,0.888244629,-0.199337959,1.337321281,286.8051758,11045939.0,21468400.0,14316749.0,0.006212473
2014-03-30 18:00:00,0.061698914,0.0,95102.25,94.96827698,0.773712158,-0.067438126,1.283721924,286.854248,11045939.0,22739264.0,14316749.0,0.006225109
2014-03-30 19:00:00,0.054618835,0.0,95149.0,94.49029541,0.826385498,-0.028753281,1.241434097,287.0856934,11045939.0,24047200.0,14316749.0,0.00624156
2014-03-30 20:00:00,0.040847778,0.0,95167.0,94.23628235,0.853881836,-0.031223297,1.158533096,286.6003418,11045939.0,25293312.0,14316749.0,0.006252766
2014-03-30 21:00:00,0.03692627,0.0,95196.3125,93.84873962,0.74206543,-0.117913246,1.713134766,287.1291504,11106996.0,26565344.0,14450222.0,0.006259203
2014-03-30 22:00:00,0.024513245,0.0,95234.625,88.75048828,0.554321289,-0.538759232,1.17387104,288.1206055,11547931.0,27854144.0,15148255.0,0.006266117
2014-03-30 23:00:00,0.010009766,0.0,95234.5,78.45942688,0.80758667,-0.488902092,0.398309708,289.5300293,12832283.0,29084480.0,16726254.0,0.006271601
2014-03-31 00:00:00,0.005187988,0.0,95198.9375,75.20375061,0.70085144,-0.233808518,-0.029436111,290.8493652,14632531.0,30345248.0,18897968.0,0.006271601
2014-03-31 01:00:00,0.001182556,0.0,95177.4375,67.82469177,0.317871094,-0.320022583,-0.771213532,291.9924316,2337677.0,1296849.0,2677420.0,0.0
2014-03-31 02:00:00,0.003391266,0.0,95106.625,60.6341095,0.034088135,0.258021355,-1.346336365,293.5769043,5188799.0,2503394.0,5814542.0,0.0
2014-03-31 03:00:00,0.022846222,0.0,95031.8125,54.39802551,0.297027588,0.508544922,-1.826722145,294.6574707,7923474.0,3707189.0,8874628.0,0.0
2014-03-31 04:00:00,0.029775973,0.0,94963.4375,49.58718872,0.678313077,0.659806252,-2.00034523,295.1958008,10167084.0,4955468.0,11492671.0,0.0
2014-03-31 05:00:00,0.02068723,0.0,94929.0,46.45245361,0.804457903,1.134355545,-1.928255081,295.5327148,11930502.0,6268276.0,13648296.0,0.0
2014-03-31 06:00:00,0.00477932,0.0,94897.4375,46.4740448,0.182113648,1.626363754,-1.733823776,295.4799805,13228928.0,7530352.0,15259856.0,0.0
2014-03-31 07:00:00,0.004343033,0.0,94871.0,48.84645081,0.047729492,1.180556297,-1.327382088,294.8085938,14037853.0,8750883.0,16307836.0,0.0
2014-03-31 08:00:00,0.000570297,0.000797749,94877.625,55.87965393,0.455856323,0.910043716,-2.030919075,291.4499512,14213456.0,9932382.0,16598158.0,0.0
2014-03-31 09:00:00,0.0,0.001325607,94939.4375,61.01901245,0.360321045,1.429224968,-1.842442513,289.925293,14213456.0,11079669.0,16598158.0,0.0
2014-03-31 10:00:00,0.000356674,0.0,94981.0625,64.69029236,0.011657715,1.336402893,-1.725619316,288.8737793,14213456.0,12223824.0,16598158.0,0.0
2014-03-31 11:00:00,4.77e-05,0.0,94995.8125,68.00547791,0.006362915,0.99442482,-1.357967377,288.1352539,14213456.0,13359947.0,16598358.0,0.0
2014-03-31 12:00:00,4.67e-05,0.000220537,94985.5,72.37719727,0.227645874,0.968589783,-0.688107491,287.6379395,14213456.0,14490252.0,16598358.0,0.0
2014-03-31 13:00:00,4.67e-05,0.000880003,94982.9375,76.53115845,0.317276001,0.576713562,0.198140144,287.7312012,14213456.0,15610428.0,16598358.0,0.0
2014-03-31 14:00:00,0.000307083,0.002001762,94966.625,80.23287964,0.488433838,0.409435272,0.650144577,286.9831543,14213456.0,16721757.0,16598358.0,0.0
2014-03-31 15:00:00,0.000389099,0.005562782,94933.1875,83.08018494,0.842407227,0.635231972,1.007344246,286.2932129,14213456.0,17827376.0,16598358.0,0.0
2014-03-31 16:00:00,0.000544548,0.009031296,94916.3125,84.76347351,0.992669582,0.708724022,1.242484093,285.8776855,14213456.0,18945920.0,16598358.0,0.0
2014-03-31 17:00:00,0.000658989,0.012436867,94872.75,86.15725708,0.912741303,0.438169479,1.526381493,285.5334473,14213456.0,20065952.0,16598358.0,0.0
2014-03-31 18:00:00,0.000708103,0.00444603,94870.4375,87.88343811,0.637908936,0.52619648,1.262055397,285.4638672,14213456.0,21175280.0,16598358.0,0.0
2014-03-31 19:00:00,0.000708103,0.00258255,94901.625,89.24612427,0.825469971,0.421999931,0.876677513,285.4025879,14213456.0,22282112.0,16598358.0,0.0
2014-03-31 20:00:00,0.000708103,0.002682686,94927.5625,89.91552734,0.924377441,0.293610573,0.80282402,285.1391602,14213456.0,23372752.0,16598358.0,0.0
2014-03-31 21:00:00,0.000570297,0.004062653,94969.75,90.96279907,0.779479981,0.21124363,0.739089966,285.2548828,14300744.0,24477648.0,16745647.0,0.0
2014-03-31 22:00:00,0.000357628,0.008750916,95035.25,85.68060303,0.946595311,0.068840981,0.41921711,287.998291,14942999.0,25640208.0,17583536.0,0.0
2014-03-31 23:00:00,4.1e-05,0.010578156,95043.125,77.20321655,0.999032378,0.006399155,-0.030776978,290.6381836,16266509.0,26835920.0,19177824.0,0.0
2014-04-01 00:00:00,0.0,0.021978118,95027.875,68.94909668,0.999036074,0.345136643,-0.455018997,292.7805176,18120256.0,28065328.0,21363952.0,0.0
2014-04-01 01:00:00,0.001091003,0.066438079,94991.375,67.24198914,0.999994516,0.704010963,-1.000875473,294.111084,1981553.0,1293253.0,2441583.0,0.0
2014-04-01 02:00:00,0.006259918,0.11628139,94932.5625,61.16383362,0.980971158,0.89613533,-1.183541298,295.2268066,4018232.0,2618134.0,4991434.0,0.0
2014-04-01 03:00:00,0.003395081,0.150936425,94854.625,56.18304443,0.988037586,0.983787537,-1.141798973,295.7617188,5766500.0,3954494.0,7344107.0,0.0
2014-04-01 04:00:00,0.010925293,0.154733717,94787.625,52.65385437,0.990028739,0.973191261,-1.122375488,296.1169434,7369921.0,5302277.0,9510762.0,0.0
2014-04-01 05:00:00,0.006641388,0.118728638,94740.375,51.18927002,0.995330811,0.778861046,-1.237735748,296.0356445,8531312.0,6639770.0,11238093.0,0.0
2014-04-01 06:00:00,0.002365112,0.043300629,94710.25,50.73703003,0.982120693,0.195846558,-1.258542061,295.6555176,9343814.0,7956325.0,12448376.0,0.0
2014-04-01 07:00:00,0.003147125,0.031101227,94713.875,55.37042236,0.927062988,-0.64963913,-0.742564201,294.7939453,9859164.0,9239469.0,13206133.0,0.0
2014-04-01 08:00:00,0.002604008,0.003446579,94757.375,61.04524231,0.391143799,-1.371501923,-1.396224976,292.2019043,9977649.0,10481955.0,13417396.0,0.0
2014-04-01 09:00:00,0.000518322,0.000200272,94786.5625,66.50146484,0.185241699,-0.91753006,-1.364262581,291.0270996,9977649.0,11677298.0,13417396.0,0.0
2014-04-01 10:00:00,8.21e-05,0.0,94839.4375,72.49293518,0.005050659,-0.90619278,-1.205998421,289.8085938,9977649.0,12863704.0,13417396.0,0.0
2014-04-01 11:00:00,0.0,0.0,94832.3125,78.57702637,0.0,-0.7999506,-1.130663872,289.0422363,9977649.0,14041082.0,13417524.0,0.0
2014-04-01 12:00:00,0.0,0.0,94866.0625,82.31112671,0.0,-0.816855431,-0.143844605,288.7145996,9977649.0,15205323.0,13417524.0,0.0
2014-04-01 13:00:00,0.0,0.0,94862.25,85.03848267,0.0,-0.691477776,0.480901718,288.5666504,9977649.0,16363534.0,13417524.0,0.0
2014-04-01 14:00:00,0.0,0.0,94819.0,88.69294739,0.0,-0.131340981,1.09174633,287.348877,9977649.0,17515168.0,13417524.0,0.0
2014-04-01 15:00:00,0.0,0.0,94772.4375,91.39115906,0.0,-0.342474937,1.537849426,286.7412109,9977649.0,18658864.0,13417524.0,0.0
2014-04-01 16:00:00,0.0,0.0,94727.5625,92.49310303,0.0,-0.157588005,1.368310928,286.4711914,9977649.0,19793840.0,13417524.0,0.0
2014-04-01 17:00:00,0.0,0.0,94681.25,93.71617126,0.0,0.418739319,1.024245262,286.2790527,9977649.0,20923392.0,13417524.0,0.0
2014-04-01 18:00:00,0.0,0.0,94665.125,94.22718811,0.0,-0.069343567,0.643776894,286.1186523,9977649.0,22048128.0,13417524.0,0.0
2014-04-01 19:00:00,0.0,0.0,94679.0,93.76617432,0.0,-0.052257538,0.408988953,285.9396973,9977649.0,23165072.0,13417524.0,0.0
2014-04-01 20:00:00,0.0,0.000166535,94698.5,93.81143188,0.32270813,0.027006149,0.272546768,285.7880859,9977649.0,24274816.0,13417524.0,0.0
2014-04-01 21:00:00,0.0,0.001222253,94729.1875,93.6643219,0.840637207,0.112154007,0.08693409,285.9492188,10062210.0,25384640.0,13565183.0,0.0
2014-04-01 22:00:00,0.0,0.001339979,94779.6875,85.01316833,0.295335054,0.278189659,-0.011597633,288.9182129,10768344.0,26549904.0,14465050.0,0.0
2014-04-01 23:00:00,0.0,0.001125813,94783.0625,71.75595093,0.748931885,0.554039002,-0.945017815,291.6777344,12200777.0,27730160.0,16151525.0,0.0
2014-04-02 00:00:00,0.0,0.002720833,94756.8125,61.52682495,0.658248901,1.20747757,-1.862451553,293.8635254,14276249.0,28929104.0,18510896.0,0.0
2014-04-02 01:00:00,0.0,0.0,94730.125,57.94343567,0.003356934,2.155331612,-2.136246681,295.4477539,2564794.0,1219690.0,2864525.0,0.0
2014-04-02 02:00:00,0.0,1.17e-05,94642.8125,51.9750061,0.016159058,2.482803345,-2.21581459,296.6660156,5388176.0,2454781.0,5994806.0,0.0
2014-04-02 03:00:00,0.000606537,0.000316143,94575.0625,48.37937927,0.371566773,2.586807251,-1.987413406,297.4755859,8237511.0,3700737.0,9154868.0,0.0
2014-04-02 04:00:00,0.0033741,0.002454758,94541.4375,46.18505859,0.639801025,2.448141098,-1.768673897,297.9553223,10851846.0,4951727.0,12086665.0,0.0
2014-04-02 05:00:00,0.004547119,0.000907898,94493.375,44.89700317,0.461044431,2.249254227,-1.772734642,298.0649414,13009075.0,6204904.0,14553462.0,0.0
2014-04-02 06:00:00,0.002189636,0.001997178,94508.0,44.36828613,0.820376039,2.047086716,-2.090820312,297.7294922,14567681.0,7448807.0,16369188.0,0.0
2014-04-02 07:00:00,0.000831604,0.005855702,94518.25,47.57756042,0.871893108,1.230951309,-1.870168686,296.4484863,15376685.0,8687520.0,17411504.0,0.0
2014-04-02 08:00:00,0.000228882,0.003935505,94557.875,54.25340271,0.716841757,1.147911072,-1.867497444,292.9907227,15524209.0,9887604.0,17653168.0,0.0
2014-04-02 09:00:00,0.0,0.000335693,94581.3125,58.45307922,0.264024198,1.653249741,-1.995164871,291.0339355,15524209.0,11082312.0,17653168.0,0.0
2014-04-02 10:00:00,0.0,0.000391466,94653.4375,61.60801697,0.660374403,1.577450752,-1.806257248,290.1586914,15524209.0,12267654.0,17653168.0,0.0
2014-04-02 11:00:00,0.0,0.003576104,94690.5625,66.71348572,0.955232441,1.014761925,-1.075117111,290.2260742,15524209.0,13446742.0,17653136.0,0.0
2014-04-02 12:00:00,0.0,0.009298466,94721.5,72.23068237,0.945170283,0.714021683,-0.739462853,289.4626465,15524209.0,14636055.0,17653136.0,0.0
2014-04-02 13:00:00,4.58e-05,0.005109787,94724.4375,75.39527893,0.87674433,0.746441841,-0.617195129,288.9023438,15524209.0,15835938.0,17653136.0,0.0
2014-04-02 14:00:00,0.000488281,0.001026154,94699.125,78.48971558,0.198394775,0.887125969,-0.667939186,288.1760254,15524209.0,17023776.0,17653136.0,0.0
2014-04-02 15:00:00,0.000312805,0.001174927,94673.125,82.2093811,0.196105957,0.695367813,-0.754932404,287.4411621,15524209.0,18184736.0,17653136.0,0.0
2014-04-02 16:00:00,0.0,0.000823975,94652.5625,84.9480896,0.428375244,0.797287941,-0.943984032,286.7304688,15524209.0,19335456.0,17653136.0,0.0
2014-04-02 17:00:00,2.29e-05,0.000324249,94632.4375,85.90673828,0.306549072,0.685824394,-0.948852539,286.2438965,15524209.0,20482480.0,17653136.0,0.0
2014-04-02 18:00:00,0.000839233,0.000652313,94639.5625,86.48669434,0.090056181,0.393795967,-0.883877754,285.8991699,15524209.0,21624016.0,17653136.0,0.0
2014-04-02 19:00:00,0.001205444,0.001964569,94642.1875,87.38624573,0.227233887,-0.023914337,-0.721870422,285.9777832,15524209.0,22775872.0,17653136.0,0.0
2014-04-02 20:00:00,0.0,0.000291824,94655.75,88.38691711,0.311265707,0.272350311,-0.305898666,286.4785156,15524209.0,23925568.0,17653136.0,0.0
2014-04-02 21:00:00,0.001594543,0.00087738,94726.4375,88.84562683,0.963741541,0.436564446,-0.258912087,286.4777832,15602425.0,25080144.0,17793696.0,0.0
2014-04-02 22:00:00,0.003829956,0.011171341,94786.1875,79.39707947,0.839689612,0.424534798,-0.392365456,289.7460938,16281231.0,26300976.0,18676912.0,0.0
2014-04-02 23:00:00,0.011230469,0.010270894,94795.4375,69.89440918,0.769885898,0.791068077,-0.75041008,292.6079102,17528992.0,27570608.0,20222688.0,0.0
2014-04-03 00:00:00,0.010635376,0.000851676,94767.375,69.23866272,0.657474995,1.510138512,-0.895799637,294.6862793,19386688.0,28857280.0,22463952.0,0.0
2014-04-03 01:00:00,0.036611944,0.106012285,94787.25,71.83883667,0.947637379,2.499363899,-0.95375061,294.3632812,1312210.0,1332867.0,1865252.0,0.0
2014-04-03 02:00:00,0.030090332,0.019589357,94738.1875,73.04716492,0.973305702,2.961149216,-1.039217949,294.6472168,2875543.0,2694650.0,4076171.0,0.0
2014-04-03 03:00:00,0.04644537,0.061907116,94706.9375,70.71705627,0.991959274,2.873584747,-1.504655838,295.5786133,4962032.0,4099905.0,6667673.0,0.0
2014-04-03 04:00:00,0.040186528,0.135846138,94693.5,71.7815094,0.999996483,2.880707741,-1.633925438,295.1796875,6263978.0,5494697.0,8600286.0,0.0
2014-04-03 05:00:00,0.001037662,0.042050984,94663.875,69.54318237,0.992641985,2.172711372,-0.636403084,294.890625,7179844.0,6913930.0,10105667.0,0.000226498
2014-04-03 06:00:00,0.028823845,0.085871756,94667.75,69.21139526,0.99732095,0.996986389,0.309602737,294.9768066,8220230.0,8286037.0,11535963.0,0.000435829
2014-04-03 07:00:00,0.056875054,0.06094338,94699.25,75.87266541,0.987291157,-0.834070206,0.384366155,293.9060059,8713501.0,9616036.0,12271421.0,0.001493454
2014-04-03 08:00:00,0.181520164,0.099279702,94747.375,87.81033325,0.974259079,-1.584241867,0.29101944,291.404541,8809274.0,10925454.0,12458347.0,0.00332737
2014-04-03 09:00:00,0.568612456,0.087554932,94834.5625,94.78918457,1.000001907,-1.775943756,-0.769178867,290.5112305,8809274.0,12294623.0,12458347.0,0.005151272
2014-04-03 10:00:00,0.634846866,0.101482868,94889.9375,96.1585083,1.0,-3.093473434,-1.188057899,290.1142578,8809274.0,13725418.0,12458347.0,0.007519189
2014-04-03 11:00:00,0.992324412,0.167274475,94977.75,96.07087708,0.999995291,-2.812907219,0.518883705,288.9641113,8809274.0,15129608.0,12458407.0,0.009681247
2014-04-03 12:00:00,1.097852707,0.026790217,95026.5,96.13508606,0.999993026,-1.814958572,2.148562431,288.2126465,8809274.0,16524515.0,12458407.0,0.012197822
2014-04-03 13:00:00,0.949087799,0.030225016,95019.5,95.53308105,1.0,-1.56883812,1.871554375,287.9047852,8809274.0,17905088.0,12458407.0,0.014384516
2014-04-03 14:00:00,0.484628081,0.13059932,94993.8125,95.36845398,1.0,-1.915471077,1.621883392,287.6796875,8809274.0,19276432.0,12458407.0,0.015689421
2014-04-03 15:00:00,0.530218184,0.314649403,94990.375,94.66690063,0.999998152,-1.788332939,1.837397575,287.364502,8809274.0,20633552.0,12458407.0,0.016713228
2014-04-03 16:00:00,0.620883167,0.211142123,94966.0625,94.20713806,0.999999762,-1.632474899,2.646577835,286.9245605,8809274.0,21985344.0,12458407.0,0.018002592
2014-04-03 17:00:00,0.511758328,0.234627485,94905.8125,93.81994629,0.999997139,-1.716682434,2.927798271,286.5197754,8809274.0,23326784.0,12458407.0,0.019072346
2014-04-03 18:00:00,0.530237377,0.186166823,94884.5625,93.31312561,1.000000954,-1.601346016,2.88602066,286.2939453,8809274.0,24663296.0,12458407.0,0.020265516
2014-04-03 19:00:00,0.688787937,0.152479231,94890.625,93.08940125,1.000001907,-1.838796616,2.928418159,286.125,8809274.0,26001536.0,12458407.0,0.021544002
2014-04-03 20:00:00,0.734111428,0.165692568,94892.1875,93.0411377,0.999998808,-2.082726479,2.980469704,285.8903809,8809274.0,27337104.0,12458407.0,0.022879791
2014-04-03 21:00:00,1.1305933,0.161387801,94922.75,93.21986389,0.999999881,-1.879810333,3.034823418,285.6762695,8817082.0,28668720.0,12522061.0,0.024761509
2014-04-03 22:00:00,1.763041496,0.254558682,94973.6875,94.25035095,1.0,-1.24771595,3.535564423,285.5231934,8856638.0,29999568.0,12820642.0,0.027663451
2014-04-03 23:00:00,2.218488693,0.430908859,95006.375,94.52975464,1.0,-1.203784943,3.658156395,285.439209,8929955.0,31326512.0,13364152.0,0.031303693
2014-04-04 00:00:00,3.184085846,0.749806821,94999.5,95.29951477,1.0,-1.25236702,3.416232109,285.3857422,9008244.0,32649312.0,14069643.0,0.036026526
2014-04-04 01:00:00,0.667464674,0.100131989,94931.5,93.90971375,1.0,-0.71206665,2.62138176,286.4902344,214839.5,1338425.0,1028943.062,0.003453851
2014-04-04 02:00:00,0.431896806,0.068228304,94861.75,93.23146057,1.0,-1.130156517,2.039394379,286.8813477,483893.3125,2684552.0,2129215.0,0.004288547
2014-04-04 03:00:00,0.440032184,0.051586859,94817.75,89.20173645,1.0,-1.872750282,2.542443275,287.9897461,980756.9375,4044045.0,3466464.0,0.004557062
2014-04-04 04:00:00,0.759803176,0.057420444,94777.75,90.36117554,0.99999845,-1.133075714,2.434988976,288.0776367,1334496.0,5399404.0,4617345.0,0.004987266
2014-04-04 05:00:00,0.627309024,0.024749756,94767.1875,92.32662964,0.999998748,-0.519087791,2.341187477,287.7148438,1507275.0,6744986.0,5443676.0,0.005545791
2014-04-04 06:00:00,0.30096972,0.015884399,94792.625,88.91639709,1.0,-1.039755821,2.548137665,287.7121582,1730682.0,8092652.0,6159519.0,0.0057569
2014-04-04 07:00:00,0.266510129,0.009212494,94822.25,88.22491455,0.999997497,-1.406373024,2.390799522,287.4543457,1849008.0,9426973.0,6603350.0,0.005823515
2014-04-04 08:00:00,0.282414734,0.000226974,94843.4375,88.17152405,0.999997973,-1.22725296,2.077469826,287.2302246,1887766.0,10767873.0,6746817.0,0.005873583
2014-04-04 09:00:00,0.188351631,0.000261307,94907.75,88.94416809,1.000006676,-1.030692101,1.848513603,287.1369629,1887766.0,12101583.0,6746817.0,0.005905505
2014-04-04 10:00:00,0.056447685,0.00030899,94929.25,89.42425537,0.910513341,-1.237202644,1.902964592,287.1286621,1887766.0,13435106.0,6746817.0,0.005915303
2014-04-04 11:00:00,0.033526707,0.000557899,94931.9375,90.21697998,0.711213291,-1.183444023,1.719780922,287.052002,1887766.0,14745178.0,6747049.0,0.005917057
2014-04-04 12:00:00,0.044550087,0.000155449,94942.625,90.22065735,0.966846764,-1.043251038,1.198647499,286.8286133,1887766.0,16025726.0,6747049.0,0.005919639
2014-04-04 13:00:00,0.058152132,0.0,94956.1875,89.14344788,0.994717658,-0.88014698,0.948424339,286.7294922,1887766.0,17316096.0,6747049.0,0.005922802
2014-04-04 14:00:00,0.056837086,0.0,94907.5,87.95916748,0.987015009,-0.831471443,1.530404091,286.861084,1887766.0,18642880.0,6747049.0,0.005926158
2014-04-04 15:00:00,0.111158907,0.0,94891.9375,86.81243896,1.000006676,-0.711378098,1.770254135,286.6765137,1887766.0,19940640.0,6747049.0,0.005928416
2014-04-04 16:00:00,0.159343243,0.000359058,94875.625,85.89196777,0.96163708,-0.853885651,1.633508682,286.6853027,1887766.0,21253536.0,6747049.0,0.005980868
2014-04-04 17:00:00,0.121833503,0.002597809,94854.8125,86.15412903,0.948698342,-1.006099701,1.715043068,286.6381836,1887766.0,22570784.0,6747049.0,0.006240942
2014-04-04 18:00:00,0.173300505,0.002511978,94866.1875,86.43162537,0.999040604,-0.86299324,1.297306061,286.2441406,1887766.0,23850976.0,6747049.0,0.006354425
2014-04-04 19:00:00,0.206157148,0.002315521,94886.5625,86.41271973,0.999997556,-0.886142731,1.551459312,286.2861328,1887766.0,25145616.0,6747049.0,0.006412819
2014-04-04 20:00:00,0.204209089,0.001214981,94910.3125,86.82672119,0.983287633,-1.139064789,1.991800308,286.4155273,1887766.0,26464720.0,6747049.0,0.006456591
2014-04-04 21:00:00,0.205046535,0.0021348,94963.3125,86.34294128,0.999992669,-1.198153496,2.14415741,286.5288086,1912500.0,27758496.0,6831008.0,0.006521698
2014-04-04 22:00:00,0.180235565,0.001959801,95023.125,85.1337738,1.000004768,-1.143742561,2.179314613,287.4626465,2181917.0,29069584.0,7350309.0,0.006579395
2014-04-04 23:00:00,0.155020714,0.001010895,95055.6875,77.81222534,0.998312712,-1.241212845,2.247540474,288.5715332,2808139.0,30404416.0,8377652.0,0.006589774
2014-04-05 00:00:00,0.150094569,0.000616074,95055.75,69.97982788,0.99495399,-1.549844742,2.204324722,289.5983887,3712394.0,31750352.0,9808158.0,0.006596778
2014-04-05 01:00:00,0.409670293,0.001192093,94991.0,78.37269592,0.991969407,-1.392560005,3.242365837,289.7397461,1075037.0,1333983.0,1679266.0,0.000255466
2014-04-05 02:00:00,0.257394016,0.002519608,94971.9375,78.85667419,0.96803689,-1.009757042,3.102802277,289.4438477,1638054.0,2679786.0,3047203.0,0.000514627
2014-04-05 03:00:00,0.17057991,0.001914978,94919.5,77.40087891,0.882284939,-1.133594513,3.576580048,289.7819824,2539130.0,4067380.0,4701866.0,0.000942945
2014-04-05 04:00:00,0.086328864,0.001020432,94897.625,79.52061462,0.694807708,-1.637310028,3.38476944,289.6254883,3372021.0,5394512.0,6222770.0,0.001073837
2014-04-05 05:00:00,0.204804599,0.000831604,94907.3125,75.73480225,0.907336116,-2.103507042,3.22735405,290.418457,4628283.0,6690196.0,7948196.0,0.00113368
2014-04-05 06:00:00,0.212097466,0.00135231,94934.375,76.67984009,0.904341698,-1.615189552,3.151885986,289.722168,4996158.0,8045954.0,8775516.0,0.00120306
2014-04-05 07:00:00,0.118677974,0.003829956,94947.8125,78.01583862,0.895536721,-1.760523796,2.733651161,289.2570801,5307981.0,9387553.0,9371784.0,0.001313686
2014-04-05 08:00:00,0.055735964,0.002889633,94981.125,80.41931152,0.65494889,-1.599340439,2.181080818,288.578125,5367802.0,10712907.0,9530899.0,0.00139904
2014-04-05 09:00:00,0.05946511,0.001241684,95043.9375,82.33583069,0.733714819,-1.175639153,1.714691162,287.7385254,5367802.0,11965658.0,9530899.0,0.001403809
2014-04-05 10:00:00,0.055667438,0.000750542,95101.25,83.93934631,0.643585026,-1.321920395,1.482226372,287.3847656,5367802.0,13237263.0,9530899.0,0.001407146
2014-04-05 11:00:00,0.08874011,0.003664017,95147.0,84.889328,0.777469158,-1.240502357,1.312129974,286.7436523,5367802.0,14461671.0,9530580.0,0.001441002
2014-04-05 12:00:00,0.066370547,0.007404327,95180.25,85.8053894,0.764157593,-0.91872406,1.355369568,286.4755859,5367802.0,15703043.0,9530580.0,0.00157547
2014-04-05 13:00:00,0.054939259,0.001922607,95178.75,86.86579895,0.497172475,-0.614289284,1.597025871,285.9707031,5367802.0,16909264.0,9530580.0,0.001594067
2014-04-05 14:00:00,0.030001596,0.000896454,95142.875,87.96479797,0.382441342,-0.468697548,1.863657951,285.3952637,5367802.0,18060736.0,9530580.0,0.00159502
2014-04-05 15:00:00,0.018134642,0.000537872,95108.0625,88.48883057,0.345403493,-0.626889229,2.104333878,285.2268066,5367802.0,19217648.0,9530580.0,0.00159502
2014-04-05 16:00:00,0.013928115,0.000244141,95085.0,88.93893433,0.295449257,-0.773982048,2.027178764,284.840332,5367802.0,20336448.0,9530580.0,0.00159502
2014-04-05 17:00:00,0.011998411,0.0,95069.6875,88.81820679,0.197849631,-0.783968926,1.796254158,284.3688965,5367802.0,21441712.0,9530580.0,0.001596928
2014-04-05 18:00:00,0.012478683,8.3e-05,95068.5,89.13119507,0.174253821,-0.799006462,1.888666153,283.8710938,5367802.0,22510720.0,9530580.0,0.001596928
2014-04-05 19:00:00,0.011948396,6.87e-05,95099.0,89.2961731,0.322847664,-0.83672905,1.931118011,284.0495605,5367802.0,23621456.0,9530580.0,0.001599789
2014-04-05 20:00:00,0.014848836,3.81e-05,95146.3125,88.73191833,0.548511326,-0.767897606,2.066687584,284.2150879,5367802.0,24763072.0,9530580.0,0.001600266
2014-04-05 21:00:00,0.017926577,3.81e-05,95226.875,87.38684082,0.494724512,-0.770056725,2.333921432,284.7167969,5415305.0,25909296.0,9634305.0,0.001602173
2014-04-05 22:00:00,0.009500425,2.48e-05,95278.5625,80.84486389,0.337808788,-1.109519958,2.892316818,286.2932129,5989963.0,27090976.0,10409371.0,0.001602173
2014-04-05 23:00:00,0.003990926,7.63e-06,95303.875,75.08598328,0.15133667,-1.989656448,2.640652657,287.7480469,7240621.0,28196496.0,11924441.0,0.001602173
2014-04-06 00:00:00,0.012741089,0.0,95298.75,67.22341919,0.5597229,-2.860545158,2.068993568,289.661377,9194696.0,29324352.0,14155100.0,0.001602173
2014-04-06 01:00:00,0.039382935,0.0,95234.625,56.13298035,0.704559326,-2.999405861,2.442548752,292.0214844,1965368.0,1278894.0,2355173.0,0.0
2014-04-06 02:00:00,0.073846579,0.0,95204.8125,54.98316956,0.678207398,-3.235367775,2.010902405,292.2077637,3742979.0,2549304.0,4612522.0,0.0
2014-04-06 03:00:00,0.034613203,9.54e-06,95172.0625,57.44309998,0.353044689,-3.44653511,1.944538116,291.9743652,5171056.0,3898286.0,6619708.0,0.0
2014-04-06 04:00:00,0.03563251,0.000452995,95148.3125,55.18180847,0.251951277,-3.401844025,1.748894691,292.4855957,7171578.0,5193534.0,9019885.0,0.0
2014-04-06 05:00:00,0.039907534,0.001130104,95134.9375,54.64395142,0.339499831,-3.552937508,1.672998428,292.4245605,9000644.0,6427497.0,11178654.0,0.0
2014-04-06 06:00:00,0.046523988,0.000990868,95159.8125,59.64884949,0.286139965,-4.286239624,1.261544228,291.2680664,9966553.0,7684571.0,12440747.0,0.0
2014-04-06 07:00:00,0.046477977,0.000298738,95205.375,68.12554932,0.328262091,-4.592553139,1.128036499,289.416748,10617444.0,8876551.0,13311495.0,0.0
2014-04-06 08:00:00,0.014606573,1.61e-05,95265.0625,72.53953552,0.288200796,-3.698319435,1.187680244,287.7900391,10730066.0,10018561.0,13512811.0,0.0
2014-04-06 09:00:00,0.011971571,0.0,95337.625,76.99737549,0.336449325,-3.506198883,1.288085938,286.767334,10730066.0,11148707.0,13512811.0,0.0
2014-04-06 10:00:00,0.006225586,0.0,95388.8125,80.82199097,0.160125732,-3.249756813,1.56832695,286.0507812,10730066.0,12276333.0,13512811.0,0.0
2014-04-06 11:00:00,0.010375977,0.0,95414.6875,82.73556519,0.230316162,-2.914894104,1.696993828,285.3193359,10730066.0,13346389.0,13512557.0,0.0
2014-04-06 12:00:00,0.013328552,0.0,95437.0625,82.78703308,0.217315674,-2.649477005,1.537288666,284.824707,10730066.0,14411798.0,13512557.0,0.0
2014-04-06 13:00:00,0.015743256,0.0,95446.9375,81.77334595,0.14529419,-2.150705338,1.279388428,284.1938477,10730066.0,15458933.0,13512557.0,0.0
2014-04-06 14:00:00,0.013221741,0.0,95454.0,79.4684906,0.09387207,-1.703403473,1.304374695,283.3186035,10730066.0,16484330.0,13512557.0,0.0
2014-04-06 15:00:00,0.008094788,0.0,95446.375,77.60794067,0.1434021,-1.723502159,1.425287247,282.932373,10730066.0,17509152.0,13512557.0,0.0
2014-04-06 16:00:00,0.014034271,0.0,95424.75,76.89356995,0.552215576,-1.724114418,1.669870377,282.6247559,10730066.0,18514192.0,13512557.0,0.0
2014-04-06 17:00:00,0.030078888,0.0,95381.8125,76.57588196,0.859527588,-1.451730728,1.920425415,283.0410156,10730066.0,19606320.0,13512557.0,0.0
2014-04-06 18:00:00,0.020950317,6.62e-05,95383.75,78.80435181,0.858980656,-1.527550697,2.006270409,283.3376465,10730066.0,20740736.0,13512557.0,0.0
2014-04-06 19:00:00,0.016941071,0.0,95398.75,81.94311523,0.567443848,-1.821208,1.815095901,283.4819336,10730066.0,21895520.0,13512557.0,0.0
2014-04-06 20:00:00,0.009880066,0.0,95439.1875,82.3704071,0.16490078,-1.505578041,1.609957695,283.0002441,10730066.0,22995120.0,13512557.0,0.0
2014-04-06 21:00:00,0.003604889,0.0,95495.875,82.75418091,0.061601292,-1.377584457,1.86228466,282.7529297,10794865.0,23966208.0,13621539.0,0.0
2014-04-06 22:00:00,0.000736237,0.000385284,95550.75,74.03031921,0.664537072,-1.916831017,2.884914398,284.380127,11495121.0,24936704.0,14447787.0,0.0
2014-04-06 23:00:00,0.000358582,0.002161026,95590.3125,66.79968262,0.895388484,-2.34607029,2.468655586,286.1491699,12945005.0,25922592.0,16050156.0,0.0
2014-04-07 00:00:00,0.000244141,0.007018566,95550.5625,61.35877991,0.865868866,-3.389816284,1.596382141,287.9763184,15009216.0,26945296.0,18278496.0,0.0
2014-04-07 01:00:00,0.007217407,0.001769066,95587.125,57.72395325,0.804500401,-3.32055378,0.900959969,289.7053223,2537877.0,1083293.0,2720288.0,0.0
2014-04-07 02:00:00,0.013061523,0.000130653,95466.3125,53.59919739,0.814567387,-3.656311989,0.480660439,290.4284668,5059982.0,2236196.0,5503092.0,0.0
2014-04-07 03:00:00,0.018016815,0.005242009,95397.6875,51.36296082,0.980012953,-3.755651474,0.285373688,290.9284668,7582092.0,3397754.0,8274224.0,0.0
2014-04-07 04:00:00,0.019714355,0.009698868,95330.5625,50.38328552,0.982705414,-4.058080673,0.283443451,291.0090332,9714216.0,4565443.0,10730797.0,0.0
2014-04-07 05:00:00,0.024002075,0.018969536,95321.6875,50.52568054,0.999995768,-4.090559006,0.147478104,290.6447754,11176583.0,5828920.0,12522170.0,0.0
2014-04-07 06:00:00,0.025489807,0.026335806,95306.8125,54.35438538,0.999997318,-4.294904709,0.347161293,289.9667969,12138625.0,7096890.0,13769996.0,0.0
2014-04-07 07:00:00,0.017234802,0.013106652,95333.0,61.32395935,0.988320112,-3.782958031,0.26981163,288.8786621,12642514.0,8285927.0,14462943.0,0.0
2014-04-07 08:00:00,0.008953094,0.014989723,95346.75,65.30552673,0.999998868,-3.206953049,0.237086296,287.6318359,12727157.0,9455938.0,14616271.0,0.0
2014-04-07 09:00:00,0.004917145,0.033015966,95381.25,69.17445374,1.0,-2.810082436,0.101670265,286.6108398,12727157.0,10590355.0,14616271.0,0.0
2014-04-07 10:00:00,0.002658844,0.085600853,95417.0,74.08566284,0.99999994,-2.343267441,0.118453026,285.4018555,12727157.0,11667037.0,14616271.0,0.0
2014-04-07 11:00:00,0.012805939,0.189020872,95448.0,78.91331482,0.999035478,-1.701593399,0.411364555,284.954834,12727157.0,12821011.0,14616212.0,0.0
2014-04-07 12:00:00,0.035705566,0.186098516,95475.25,81.8596344,1.0,-1.284323692,0.460386276,285.4089355,12727157.0,14071050.0,14616212.0,0.0
2014-04-07 13:00:00,0.039611816,0.266012311,95446.6875,83.28767395,0.999999762,-1.255055428,0.973897934,285.8171387,12727157.0,15379577.0,14616212.0,0.0
2014-04-07 14:00:00,0.041213989,0.141869903,95372.125,84.47659302,0.995321095,-1.250802994,0.772294045,285.7915039,12727157.0,16676889.0,14616212.0,0.0
2014-04-07 15:00:00,0.031322479,0.015297372,95325.0,84.54818726,0.987288952,-0.77477932,0.724710465,285.5983887,12727157.0,17954688.0,14616212.0,0.0
2014-04-07 16:00:00,0.046724319,0.013456136,95307.125,85.3085022,0.988008559,-0.364063263,0.981123924,285.3530273,12727157.0,19218144.0,14616212.0,0.0
2014-04-07 17:00:00,0.035505295,0.011845544,95243.1875,85.50776672,0.964673579,-0.47981739,0.937728882,285.4140625,12727157.0,20494736.0,14616212.0,0.0
2014-04-07 18:00:00,0.025588989,0.009827372,95211.1875,85.3197937,0.993705094,-0.696142197,1.090774536,284.8823242,12727157.0,21724784.0,14616212.0,0.0
2014-04-07 19:00:00,0.045066834,0.009928476,95206.625,86.40385437,0.998313963,-0.688422203,1.350326538,284.1762695,12727157.0,22885328.0,14616212.0,0.0
2014-04-07 20:00:00,0.066905975,0.00633866,95257.1875,87.30509949,0.999998808,-0.064211845,1.357280731,284.2175293,12727157.0,24084864.0,14616212.0,0.0
2014-04-07 21:00:00,0.055482864,0.010164652,95267.4375,87.47941589,1.000005722,-0.578947067,0.939704895,285.2617188,12766054.0,25368880.0,14697220.0,0.0
2014-04-07 22:00:00,0.044275284,0.014172554,95311.0625,80.64599609,0.981933594,-1.550571442,-0.49311161,286.3188477,13125042.0,26648432.0,15267431.0,0.0
2014-04-07 23:00:00,0.039530754,0.026395798,95335.0,77.11575317,0.999996364,-1.055692673,-0.776480675,287.1162109,14031546.0,27820976.0,16474204.0,0.0
2014-04-08 00:00:00,0.027957916,0.022521637,95306.75,73.05238342,1.000003815,-0.978940964,-0.755884171,287.9675293,15107192.0,29132576.0,17990448.0,0.0
2014-04-08 01:00:00,0.034841537,0.003096348,95271.9375,58.40359497,0.942498505,-0.037643433,-1.249752998,290.4731445,1992294.0,1302819.0,2393592.0,0.0
2014-04-08 02:00:00,0.011817932,0.002116203,95154.125,54.69955444,0.95880127,-0.002636909,-1.058418274,291.0336914,3922290.0,2614843.0,4788617.0,0.0
2014-04-08 03:00:00,0.002468109,0.000773549,95076.0625,52.87516785,0.936798096,0.172445297,-1.024796486,291.6777344,6125482.0,3853030.0,7381580.0,0.0
2014-04-08 04:00:00,0.00535965,0.000268936,95043.875,51.04789734,0.632385254,0.262653351,-0.976994515,292.2824707,8354618.0,5114427.0,9946378.0,0.0
2014-04-08 05:00:00,0.001480103,0.000223637,95012.375,50.02862549,0.882276177,0.238697052,-1.035632133,292.4555664,10356025.0,6291015.0,12232948.0,0.0
2014-04-08 06:00:00,0.000879288,0.000756264,94975.3125,49.60035706,0.957846165,-0.034515381,-0.986513138,292.2502441,11793685.0,7436579.0,13943892.0,0.0
2014-04-08 07:00:00,0.000358582,0.000691414,94990.375,49.66192627,0.96532923,-0.374026299,-1.185599327,291.657959,12486956.0,8568258.0,14851666.0,0.0
2014-04-08 08:00:00,0.0,0.003311157,95006.4375,53.00154114,0.997318149,-0.482281685,-2.415691376,288.1704102,12588502.0,9656183.0,15034868.0,0.0
2014-04-08 09:00:00,0.000862122,0.001728058,95053.1875,57.40992737,0.69583863,-0.850183487,-2.485868454,287.1933594,12588502.0,10777448.0,15034868.0,0.0
2014-04-08 10:00:00,0.001396179,0.003013611,95092.0,63.00624084,0.640206337,-1.325909615,-1.981407166,286.623291,12588502.0,11882500.0,15034868.0,0.0
2014-04-08 11:00:00,0.000228882,0.000999451,95097.5625,66.69364929,0.384767056,-1.104112625,-1.698402405,286.340332,12588502.0,12988452.0,15034810.0,0.0
2014-04-08 12:00:00,0.000358582,0.000434875,95098.6875,68.23779297,0.176375032,-1.283107758,-0.626682282,286.2231445,12588502.0,14094189.0,15034810.0,0.0
2014-04-08 13:00:00,0.011413574,0.00334549,95070.5,70.0388031,0.822176278,-1.32814312,-0.126699448,285.6169434,12588502.0,15187351.0,15034810.0,0.0
2014-04-08 14:00:00,0.005393982,0.00549528,95024.0625,72.26522827,0.972556412,-0.911002159,-0.18519783,285.7927246,12588502.0,16374458.0,15034810.0,0.0
2014-04-08 15:00:00,0.002807617,0.004123688,94979.1875,75.24734497,0.993631721,-0.76264286,-0.007514,285.9951172,12588502.0,17498208.0,15034810.0,0.0
2014-04-08 16:00:00,0.000915527,0.001087273,94959.9375,77.84254456,0.801618516,0.318764687,0.193636894,285.4082031,12588502.0,18640816.0,15034810.0,0.0
2014-04-08 17:00:00,0.001739502,0.001371891,94931.875,79.87193298,0.351675212,0.178600311,0.563769341,285.0820312,12588502.0,19742912.0,15034810.0,0.0
2014-04-08 18:00:00,0.001174927,0.008834839,94936.4375,82.52761841,0.932943583,-0.559288025,0.776572228,284.4777832,12588502.0,20837440.0,15034810.0,0.0
2014-04-08 19:00:00,0.011367798,0.016984519,94952.125,84.74349976,1.000005722,-1.11774826,0.560813904,283.6726074,12588502.0,21978448.0,15034810.0,0.0
2014-04-08 20:00:00,0.028213501,0.003409658,94989.25,86.22758484,0.968212485,-1.018094063,0.534744263,284.0385742,12588502.0,23202496.0,15034810.0,0.0
2014-04-08 21:00:00,0.145507813,0.014639102,95026.8125,85.60385132,0.993630946,-0.521624565,0.693973541,284.9487305,12617707.0,24470608.0,15112245.0,0.0
2014-04-08 22:00:00,0.13583374,0.012407321,95076.75,82.9413147,0.995321274,-0.187232018,0.947675705,286.1257324,12789080.0,25771168.0,15516415.0,0.0
2014-04-08 23:00:00,0.183395386,0.007889953,95097.6875,78.88687134,1.000003815,0.032359123,0.640735626,287.4057617,13147542.0,27091504.0,16278386.0,0.0
2014-04-09 00:00:00,0.343518794,0.023225341,95110.875,75.19888306,0.999996722,0.390057564,0.530277252,288.2058105,13563487.0,28412112.0,17265376.0,0.0
2014-04-09 01:00:00,0.235842764,0.02685722,95075.8125,80.76559448,1.000005722,0.183001518,0.843126297,288.1774902,317853.8125,1332874.0,1039535.0,0.0
2014-04-09 02:00:00,0.142188609,0.026141558,95008.75,78.80938721,0.999997854,-0.015704155,0.740933418,288.7932129,825468.1875,2684793.0,2266811.0,0.0
2014-04-09 03:00:00,0.04110451,0.028670583,94917.9375,73.52835083,1.0,-0.265759468,0.770934105,289.645752,1614505.0,4054732.0,3768601.0,5.83e-05
2014-04-09 04:00:00,0.169175863,0.012914654,94865.6875,67.07209778,1.000002861,-0.167654991,0.314447403,290.7780762,2950197.0,5446023.0,5678126.0,5.9e-05
2014-04-09 05:00:00,0.142162919,0.030639213,94845.3125,66.01301575,0.999996841,-0.170933723,0.299786568,290.6442871,3535792.0,6776943.0,6853803.0,6.15e-05
2014-04-09 06:00:00,0.06038804,0.024454117,94804.5625,66.17893982,0.999997437,-0.63190937,0.471104622,290.5322266,3937496.0,8115712.0,7701803.0,6.27e-05
2014-04-09 07:00:00,0.141364694,0.012285102,94847.0625,66.24940491,0.995312989,-0.333335877,0.494745255,290.4006348,4269371.0,9446960.0,8261435.0,6.27e-05
2014-04-09 08:00:00,0.108504713,0.003992792,94870.9375,68.21786499,0.999997258,-0.544942856,1.205487251,289.109375,4298495.0,10759130.0,8366144.0,6.48e-05
2014-04-09 09:00:00,0.082737148,0.003502975,94884.3125,70.68232727,0.998316944,-0.935482979,0.977882385,288.6843262,4298495.0,12102821.0,8366144.0,6.77e-05
2014-04-09 10:00:00,0.156672716,0.001625458,94886.0625,72.43788147,0.999992847,-1.332820892,0.694541931,288.597168,4298495.0,13443009.0,8366204.0,6.77e-05
2014-04-09 11:00:00,0.166809797,0.003116345,94898.0,76.38305664,0.999997735,-1.683492661,0.302724838,288.453125,4298495.0,14780624.0,8366204.0,7.53e-05
2014-04-09 12:00:00,0.355213344,0.014694616,94874.1875,81.67115784,0.999996722,-1.407266617,0.276000977,288.2441406,4298495.0,16130426.0,8366204.0,9.54e-05
2014-04-09 13:00:00,0.398761034,0.037688524,94847.375,85.62451172,1.000000954,-1.301570892,0.108517647,288.0297852,4298495.0,17470352.0,8366204.0,0.000172615
2014-04-09 14:00:00,0.445262671,0.038811691,94798.1875,87.57504272,0.99999702,-0.973480225,0.223054886,287.6960449,4298495.0,18802464.0,8366204.0,0.000289917
2014-04-09 15:00:00,0.352542162,0.071076334,94736.375,89.85655212,0.99999857,-0.934978485,0.28488636,287.6425781,4298495.0,20145280.0,8366204.0,0.000480652
2014-04-09 16:00:00,0.466836929,0.130503416,94693.5,91.94520569,1.0,-0.879576683,0.106154442,287.3356934,4298495.0,21476976.0,8366204.0,0.00078392
2014-04-09 17:00:00,0.274027228,0.130241156,94628.3125,94.06459045,1.0,-1.042471886,0.048509598,287.2324219,4298495.0,22811936.0,8366204.0,0.001195908
2014-04-09 18:00:00,0.38104105,0.064849198,94625.5625,93.82928467,1.0,-0.881440163,0.266427994,287.0383301,4298495.0,24144848.0,8366204.0,0.001546876
2014-04-09 19:00:00,0.414430559,0.086791039,94633.1875,94.04335022,1.0,-0.932835579,-0.136304855,286.9953613,4298495.0,25484256.0,8366204.0,0.001821928
2014-04-09 20:00:00,0.646721005,0.236500323,94639.5,95.10812378,1.0,-0.70643425,-0.887544632,287.0456543,4298495.0,26832464.0,8366204.0,0.002244006
2014-04-09 21:00:00,0.620585501,0.120292664,94640.4375,96.07893372,1.0,-0.91108799,-0.933908463,286.9880371,4304336.0,28172256.0,8412143.0,0.003119784
2014-04-09 22:00:00,0.620273292,0.180172741,94665.875,96.26930237,1.0,-1.155116081,-0.965522766,287.192627,4364927.0,29519008.0,8698528.0,0.004088845
2014-04-09 23:00:00,0.813942969,0.094465792,94688.5625,96.53562927,1.0,-0.912606239,-1.315898895,287.3579102,4471026.0,30867488.0,9255390.0,0.005002033
2014-04-10 00:00:00,0.852515221,0.126694739,94672.0,96.67503357,1.0,-0.89521122,-1.439681053,287.5776367,4644916.0,32227312.0,10028428.0,0.006237578
2014-04-10 01:00:00,0.438587725,0.412736714,94565.3125,94.51947021,1.0,-0.322739601,-2.618076324,288.0253906,148888.6875,1368918.0,886986.8125,0.001124263
2014-04-10 02:00:00,0.576644719,0.293802142,94478.75,93.89109802,1.0,0.009472847,-2.833168983,288.2941895,433925.9375,2737626.0,1939416.0,0.002193423
2014-04-10 03:00:00,0.444508731,0.075289726,94382.875,94.37963867,1.0,0.024321556,-2.966110229,288.3947754,693995.8125,4100072.0,2970779.0,0.002934992
2014-04-10 04:00:00,0.481336653,0.073588967,94293.8125,94.27047729,1.0,0.484104157,-2.916903496,288.6162109,998598.75,5479867.0,3980681.0,0.00333093
2014-04-10 05:00:00,0.570422173,0.105049312,94281.4375,94.48625183,1.0,0.932482719,-2.91854763,288.7333984,1249621.0,6857115.0,4834736.0,0.003739758
2014-04-10 06:00:00,0.786254764,0.119626641,94250.3125,97.02052307,1.0,1.140208244,-2.713921547,288.5068359,1367233.0,8226769.0,5415790.0,0.004497331
2014-04-10 07:00:00,0.741343081,0.115383148,94236.5,97.01878357,1.0,0.573436737,-2.180871964,288.3303223,1407425.0,9594025.0,5738526.0,0.005405106
2014-04-10 08:00:00,0.438162446,0.18255198,94199.5625,97.44047546,1.0,-0.302800179,-1.784823418,288.1582031,1414983.0,10957643.0,5820340.0,0.005998392
2014-04-10 09:00:00,0.346104741,0.194859445,94180.4375,97.599823,1.0,-0.576058388,-1.772093773,288.0898438,1414983.0,12327049.0,5820340.0,0.006559793
2014-04-10 10:00:00,0.562470257,0.182997048,94148.5625,98.13284302,0.999999464,-0.584336281,-2.256492615,288.1638184,1414983.0,13714926.0,5820819.0,0.007295806
2014-04-10 11:00:00,0.718345225,0.181001782,94114.0625,98.23080444,0.999998689,0.352397919,-2.589827538,288.2072754,1414983.0,15100089.0,5820819.0,0.008225117
2014-04-10 12:00:00,1.161294937,0.168710649,94077.8125,98.36764526,0.999999702,1.682796478,-2.562260628,288.265625,1414983.0,16487935.0,5820819.0,0.00960125
2014-04-10 13:00:00,0.995842457,0.12372911,94041.125,96.68995667,0.999999583,2.601002693,-2.696310043,288.3530273,1414983.0,17879328.0,5820819.0,0.011327632
2014-04-10 14:00:00,0.46325767,0.141084135,93974.5625,95.96807861,0.99999851,2.053598404,-2.547158241,288.1894531,1414983.0,19245040.0,5820819.0,0.01276977
2014-04-10 15:00:00,0.032721579,0.048068549,93903.0,95.38691711,0.818645239,1.63711071,-1.941732407,287.9816895,1414983.0,20580544.0,5820819.0,0.01340048
2014-04-10 16:00:00,0.150926173,0.028965604,93833.1875,95.91758728,0.984613061,1.062468529,-1.038506508,287.4599609,1414983.0,21866160.0,5820819.0,0.013599861
2014-04-10 17:00:00,0.388182044,0.030408509,93771.625,97.12361145,1.000006676,1.014397621,-1.267090797,287.2702637,1414983.0,23167568.0,5820819.0,0.013729285
2014-04-10 18:00:00,0.230075359,0.04882358,93710.3125,98.45915222,0.991819799,0.926727295,-1.443613052,287.3662109,1414983.0,24519536.0,5820819.0,0.014038097
2014-04-10 19:00:00,0.124871254,0.058010578,93707.3125,98.90446472,1.000003815,1.183071136,-1.756276131,287.4743652,1414983.0,25886528.0,5820819.0,0.01451166
2014-04-10 20:00:00,0.291735172,0.015838623,93705.625,99.60865784,0.999999166,1.498849869,-1.844234467,287.6904297,1414983.0,27271344.0,5820819.0,0.014671706
2014-04-10 21:00:00,0.325909257,0.008983612,93721.5625,98.54682922,1.0,1.93657589,-1.759759903,287.9094238,1423175.0,28663168.0,5871478.0,0.014709372
2014-04-10 22:00:00,0.174215496,0.010742188,93750.25,97.52166748,0.969151318,2.334228516,-1.389840126,288.2419434,1505481.0,30059184.0,6205016.0,0.014857452
2014-04-10 23:00:00,0.366327345,0.007984161,93745.5,92.19628906,0.999999344,3.318769455,-1.350221634,288.939209,1943001.0,31435680.0,7049768.0,0.015125968
2014-04-11 00:00:00,0.381250441,0.005846977,93735.25,93.4596405,0.986032724,2.255741119,-0.540194511,289.0913086,2179157.0,32817072.0,7905912.0,0.015307188
2014-04-11 01:00:00,0.200301647,0.001548767,93702.0,85.75993347,0.917111397,2.05653286,-0.65754509,290.9863281,922342.3125,1381029.0,1540370.0,6.54e-05
2014-04-11 02:00:00,0.122407854,0.003551483,93651.5,86.21847534,0.831026793,1.777024269,-0.884020805,291.3032227,1725969.0,2801183.0,3040765.0,0.000124097
2014-04-11 03:00:00,0.030381575,0.005256653,93559.0625,84.08638,0.531395614,1.577928543,-0.717235565,292.138916,3035570.0,4171993.0,4963477.0,0.000155449
2014-04-11 04:00:00,0.277114332,0.032089233,93516.5,76.25868225,0.811825037,0.664244652,1.181412697,293.2297363,4810839.0,5539462.0,7224741.0,0.00049758
2014-04-11 05:00:00,0.240738511,0.134433746,93540.9375,78.5448761,0.698484004,-0.738698959,3.49041748,291.3752441,5942594.0,6875916.0,8807061.0,0.002555231
2014-04-11 06:00:00,0.104315043,0.04922929,93607.6875,76.73606873,0.772752345,0.052504539,2.800943375,291.5009766,6742454.0,8198929.0,9949052.0,0.003040117
2014-04-11 07:00:00,0.096613646,0.068086565,93713.875,74.75939941,0.670147777,0.091968536,3.095497131,291.1328125,7195519.0,9453922.0,10657081.0,0.003100652
2014-04-11 08:00:00,0.180828333,0.089489996,93804.375,76.06437683,0.792712629,0.020285606,4.058330536,289.5898438,7247539.0,10733845.0,10782776.0,0.003897402
2014-04-11 09:00:00,0.031650446,0.047628257,93916.5,77.60327148,0.780933917,-0.669179916,3.509143829,288.4106445,7247539.0,11945620.0,10782776.0,0.004083171
2014-04-11 10:00:00,0.017003383,0.01235199,93987.9375,79.0398407,0.448150635,-0.977392197,4.260051727,288.0690918,7247539.0,13198919.0,10782586.0,0.004125632
2014-04-11 11:00:00,0.03998312,0.02040863,94030.625,80.89309692,0.530822754,-0.783634186,4.067798615,287.2438965,7247539.0,14364710.0,10782586.0,0.00426469
2014-04-11 12:00:00,0.043893721,0.046310425,94093.625,84.14671326,0.911194563,-1.055295944,4.205644608,286.5620117,7247539.0,15536595.0,10782586.0,0.004658699
2014-04-11 13:00:00,0.000465393,0.082824707,94088.125,86.29359436,0.757598877,-1.20497036,4.670983315,286.2607422,7247539.0,16763214.0,10782586.0,0.005536079
2014-04-11 14:00:00,0.003448486,0.028913498,94095.75,85.52401733,0.92388916,-0.911854744,5.208730698,285.7827148,7247539.0,17920944.0,10782586.0,0.005610943
2014-04-11 15:00:00,0.017852783,0.001514435,94121.8125,82.76879883,0.335266113,-1.134818077,5.541852951,285.3935547,7247539.0,19073792.0,10782586.0,0.005615711
2014-04-11 16:00:00,0.018783569,0.000835419,94113.1875,79.89317322,0.291046143,-1.160303116,5.431154251,285.2131348,7247539.0,20180320.0,10782586.0,0.005615711
2014-04-11 17:00:00,0.011276245,0.000457764,94102.8125,77.15351868,0.140380859,-1.06212616,5.341367722,285.1220703,7247539.0,21263120.0,10782586.0,0.005615711
2014-04-11 18:00:00,0.001800537,3.05e-05,94108.4375,76.27723694,0.017486572,-1.252182007,5.577289581,285.0429688,7247539.0,22318512.0,10782586.0,0.005615711
2014-04-11 19:00:00,0.000318086,0.0,94162.625,75.46362305,0.007354736,-1.107735634,5.439218521,285.0178223,7247539.0,23371840.0,10782586.0,0.005615711
2014-04-11 20:00:00,0.000816345,0.0,94224.375,75.01618958,0.038085938,-0.930835724,4.949360847,284.9326172,7247539.0,24415504.0,10782586.0,0.005615711
2014-04-11 21:00:00,0.000587463,0.0,94301.5625,73.97203064,0.018707275,-0.909482002,4.845889091,285.1872559,7294042.0,25464592.0,10871676.0,0.005617619
2014-04-11 22:00:00,0.000350952,0.0,94372.0,71.38896179,0.0050354,-0.87501049,4.484479904,286.5715332,7896070.0,26535152.0,11645079.0,0.005617619
2014-04-11 23:00:00,0.002685547,0.0,94442.25,64.45941162,0.269989014,-1.62232399,6.771801949,288.0568848,9221703.0,27610864.0,13195962.0,0.005617619
2014-04-12 00:00:00,0.02192688,0.0,94466.0625,55.67347717,0.607879639,-2.215801239,7.138008118,289.8955078,11124144.0,28739104.0,15360153.0,0.005617619
2014-04-12 01:00:00,0.046189863,4.48e-05,94464.9375,59.82817078,0.776016951,-2.59601593,6.536312103,290.0471191,1183750.0,1338914.0,1728146.0,0.0
2014-04-12 02:00:00,0.002050168,0.0,94451.4375,55.6665802,0.075154781,-2.096765518,5.713659286,290.9423828,2837105.0,2637369.0,3874449.0,0.0
2014-04-12 03:00:00,0.0043035,0.0,94420.125,46.77156067,0.186451376,-1.831437111,5.57069397,292.104248,5387176.0,3812330.0,6715568.0,0.0
2014-04-12 04:00:00,0.004408762,0.0,94424.875,43.05961609,0.126132369,-1.742085457,5.502407074,292.3395996,7725378.0,4977086.0,9331092.0,0.0
2014-04-12 05:00:00,0.001347682,1.62e-05,94425.8125,43.60795593,0.034652531,-1.538183212,5.408420563,291.9519043,9577934.0,6102164.0,11454774.0,0.0
2014-04-12 06:00:00,0.00106344,6.1e-05,94465.8125,44.53242493,0.0,-1.69399929,5.027895927,291.2817383,10985456.0,7187711.0,13092823.0,0.0
2014-04-12 07:00:00,0.001197815,6.68e-05,94518.6875,48.44100952,0.022982731,-1.516259193,3.397527695,289.9650879,11668464.0,8257290.0,13963777.0,0.0
2014-04-12 08:00:00,0.001020318,0.0,94594.25,51.79743958,0.026275635,-1.414540291,2.031329155,287.7358398,11743049.0,9301691.0,14108400.0,0.0
2014-04-12 09:00:00,0.001022339,0.0,94661.75,57.68054199,0.010009766,-1.37720871,1.677835464,286.034668,11743049.0,10347450.0,14108400.0,0.0
2014-04-12 10:00:00,0.000747681,0.0,94729.5625,63.74484253,0.004364014,-1.163214684,1.85959053,285.2595215,11743049.0,11395922.0,14108400.0,0.0
2014-04-12 11:00:00,0.000358582,0.0,94736.5625,69.33488464,0.014672551,-0.974967003,2.471739769,285.401123,11743049.0,12457029.0,14108400.0,0.0
2014-04-12 12:00:00,0.000404358,3.24e-05,94736.1875,74.27612305,0.03338623,-1.052880287,3.247116089,285.1459961,11743049.0,13502266.0,14108400.0,0.0
2014-04-12 13:00:00,0.000228882,0.000640869,94730.9375,76.95263672,0.487050712,-0.967832565,3.41242218,284.7277832,11743049.0,14539797.0,14108400.0,0.0
2014-04-12 14:00:00,0.000442505,0.001644135,94719.125,77.5705719,0.602355957,-0.924388886,3.065778732,284.3535156,11743049.0,15568103.0,14108400.0,0.0
2014-04-12 15:00:00,0.000671387,0.001654625,94729.25,78.22457886,0.680877686,-1.043535233,2.962323189,284.1350098,11743049.0,16592442.0,14108400.0,0.0
2014-04-12 16:00:00,0.000473022,0.000268936,94704.1875,78.8885498,0.316223145,-0.936723709,2.993309975,283.9716797,11743049.0,17619200.0,14108400.0,0.0
2014-04-12 17:00:00,0.000961304,0.0,94696.5625,78.751297,0.013706356,-0.9018507,2.786452293,283.6337891,11743049.0,18630736.0,14108400.0,0.0
2014-04-12 18:00:00,0.003158569,2.86e-05,94695.125,78.83209229,0.027435303,-0.896057129,2.754366875,283.4086914,11743049.0,19641600.0,14108400.0,0.0
2014-04-12 19:00:00,0.005645752,0.000183105,94721.5625,78.782547,0.193407476,-0.961694717,2.927708626,283.2875977,11743049.0,20654144.0,14108400.0,0.0
2014-04-12 20:00:00,0.00705719,0.000226974,94758.375,78.28074646,0.247244537,-0.888214111,3.015843391,283.0634766,11743049.0,21656624.0,14108400.0,0.0
2014-04-12 21:00:00,0.0051651,9.25e-05,94813.9375,75.4102478,0.213984489,-0.80924511,3.052139282,283.4714355,11785523.0,22700864.0,14190156.0,0.0
2014-04-12 22:00:00,0.000957489,0.0,94842.25,69.96835327,0.043838501,-1.089723587,3.742413521,285.0026855,12352577.0,23753680.0,14913556.0,0.0
2014-04-12 23:00:00,0.000179291,0.0,94854.0625,62.38375854,0.002685547,-1.165788651,3.446097374,286.6140137,13686332.0,24780688.0,16443123.0,0.0
2014-04-13 00:00:00,8.77e-05,0.0,94823.875,54.36174011,0.0,-1.10208416,2.862016678,288.3994141,15659558.0,25818256.0,18617232.0,0.0
2014-04-13 01:00:00,0.000398751,0.0,94803.75,56.50869751,0.000976563,-1.093922615,1.927392006,290.0268555,2358592.0,1082398.0,2600949.0,0.0
2014-04-13 02:00:00,0.001396179,6.2e-05,94745.3125,50.46635437,0.065425336,-0.583209038,1.280215263,291.1386719,5024679.0,2180378.0,5498685.0,0.0
2014-04-13 03:00:00,0.026851162,0.002724171,94666.625,46.69949341,0.454142809,-0.835019112,0.64855969,291.7387695,7557194.0,3299453.0,8295758.0,0.0
2014-04-13 04:00:00,0.032546997,0.002061367,94636.0625,46.08158875,0.776306152,-1.158484459,0.063508034,291.8095703,9365469.0,4480795.0,10476456.0,0.0
2014-04-13 05:00:00,0.018832937,0.002001762,94601.9375,45.13847351,0.649364173,-0.918642044,0.179072559,291.8432617,10842350.0,5655473.0,12280373.0,0.0
2014-04-13 06:00:00,0.029457599,0.0029006,94625.0,43.37193298,0.570596635,-0.628912926,0.937982142,291.6657715,11819946.0,6868224.0,13532661.0,0.0
2014-04-13 07:00:00,0.043563735,0.004848003,94674.125,44.06808472,0.65888685,-0.496435165,1.266992569,290.440918,12280608.0,8056683.0,14200488.0,0.0
2014-04-13 08:00:00,0.040712021,0.008095741,94741.9375,46.56915283,0.563552201,-1.724728584,1.303799629,288.7956543,12325532.0,9242043.0,14306457.0,0.0
2014-04-13 09:00:00,0.044890936,0.006940365,94866.1875,60.55085754,0.589592576,-2.970052719,0.634667516,287.4892578,12325532.0,10432290.0,14306457.0,0.0
2014-04-13 10:00:00,0.044311523,0.001374245,94953.0625,76.86360168,0.736083984,-3.359770775,0.062747896,286.3486328,12325532.0,11645194.0,14306900.0,0.0
2014-04-13 11:00:00,0.038551331,0.000647902,95008.5625,84.74142456,0.669769287,-3.204363823,0.312451243,285.4875488,12325532.0,12812122.0,14306900.0,0.0
2014-04-13 12:00:00,0.024734497,8.98e-05,95039.5625,83.63027954,0.456207275,-2.368571281,0.379273117,285.0412598,12325532.0,13979771.0,14306900.0,0.0
2014-04-13 13:00:00,0.014511108,0.0,95028.0625,82.98231506,0.310821533,-2.048465729,0.365556717,284.2565918,12325532.0,15082732.0,14306900.0,0.0
2014-04-13 14:00:00,0.008655548,0.0,95014.5,83.61112976,0.459136963,-1.882302284,0.300190926,283.53125,12325532.0,16164849.0,14306900.0,0.0
2014-04-13 15:00:00,0.006256104,0.0,94995.5625,83.89735413,0.291137695,-1.691160202,0.476006508,283.0166016,12325532.0,17249776.0,14306900.0,0.0
2014-04-13 16:00:00,0.004135132,0.0,94981.0625,83.04408264,0.207855225,-1.476060867,0.850054741,282.4750977,12325532.0,18325536.0,14306900.0,0.0
2014-04-13 17:00:00,0.001038501,0.0,94958.4375,80.48826599,0.035964966,-1.568841934,1.544781685,281.4396973,12325532.0,19319296.0,14306900.0,0.0
2014-04-13 18:00:00,0.001301377,0.0,94963.125,72.83395386,0.023620605,-1.064487457,1.999560356,281.5332031,12325532.0,20298864.0,14306900.0,0.0
2014-04-13 19:00:00,0.002064166,0.0,94979.5,65.50296021,0.01361084,-0.914946556,2.26638031,281.3513184,12325532.0,21243264.0,14306900.0,0.0
2014-04-13 20:00:00,0.001548156,0.0,95002.1875,66.00672913,0.049316406,-0.996356964,2.461996078,281.0646973,12325532.0,22181584.0,14306900.0,0.0
2014-04-13 21:00:00,0.000621796,0.0,95041.8125,70.91079712,0.063049316,-0.989193916,2.707318306,281.4372559,12368369.0,23135728.0,14384949.0,0.0
2014-04-13 22:00:00,0.000488281,0.0,95098.25,71.91387939,0.019378662,-1.226429939,3.603329659,283.2519531,12966361.0,24109360.0,15120864.0,0.0
2014-04-13 23:00:00,0.000404358,0.0,95148.125,65.75209045,0.007354736,-1.593159676,3.53098774,284.9758301,14263732.0,25088704.0,16590870.0,0.0
2014-04-14 00:00:00,0.000267029,0.0,95150.375,59.18836975,0.002685547,-1.900718689,3.015612602,286.7602539,16230066.0,26094480.0,18734240.0,0.0
2014-04-14 01:00:00,0.023735046,0.0,95079.3125,53.92028809,0.353637695,-2.030334473,2.093559265,288.6745605,2242059.0,1043420.125,2482666.0,0.0
2014-04-14 02:00:00,0.110355377,0.000359535,95005.6875,47.43424988,0.940246582,-1.535763741,1.099041939,289.8056641,4607602.0,2179469.0,5123584.0,0.0
2014-04-14 03:00:00,0.099876404,0.001519918,94955.125,45.82170105,0.987884522,-1.549373627,0.574286342,289.9746094,6093025.0,3404966.0,7064036.0,0.0
2014-04-14 04:00:00,0.088554382,0.002213597,94926.125,46.64331055,0.978790283,-1.938364029,0.230506063,290.0043945,7279305.0,4681005.0,8735809.0,0.0
2014-04-14 05:00:00,0.051612854,0.00156641,94907.8125,46.44897461,0.988571167,-2.256209373,0.178441346,289.8623047,8247876.0,5968158.0,10118894.0,0.0
2014-04-14 06:00:00,0.012454987,0.000450134,94914.5625,47.17428589,0.641815186,-2.144530296,-0.13226819,289.6240234,8980722.0,7230216.0,11160426.0,0.0
2014-04-14 07:00:00,0.001945496,0.0,94927.875,50.93450928,0.155014038,-1.53303051,-0.604084015,288.9052734,9477542.0,8407442.0,11845460.0,0.0
2014-04-14 08:00:00,0.000751495,0.0,94945.5,57.47576904,0.037704468,-2.174059868,-0.762476921,285.9799805,9539722.0,9433039.0,11966496.0,0.0
2014-04-14 09:00:00,0.002243042,0.0,95044.6875,66.96522522,0.062286377,-3.097486496,-0.067655563,285.2075195,9539722.0,10449494.0,11966496.0,0.0
2014-04-14 10:00:00,0.007461548,0.0,95118.3125,76.78044128,0.122238159,-2.773762703,0.222780764,284.3132324,9539722.0,11501971.0,11966529.0,0.0
2014-04-14 11:00:00,0.017791748,0.0,95153.9375,80.31765747,0.215148926,-2.203323364,0.374543011,283.5461426,9539722.0,12569165.0,11966529.0,0.0
2014-04-14 12:00:00,0.015907288,1.18e-05,95190.0625,81.6459198,0.217468262,-1.990259171,0.796445847,282.4130859,9539722.0,13576771.0,11966529.0,0.0
2014-04-14 13:00:00,0.007266998,0.000129223,95192.25,81.80726624,0.248687744,-1.693961143,1.158940315,281.7304688,9539722.0,14579688.0,11966529.0,0.0
2014-04-14 14:00:00,0.001850128,2.38e-05,95177.8125,81.96554565,0.088165283,-1.705311775,1.52568531,281.0698242,9539722.0,15574712.0,11966529.0,0.0
2014-04-14 15:00:00,0.000488281,0.0,95159.25,84.08956909,0.019287109,-1.102804184,2.115049362,280.3312988,9539722.0,16525805.0,11966529.0,0.0
2014-04-14 16:00:00,0.000244141,0.0,95133.3125,85.61650085,0.0,-0.556022644,2.60262394,279.3757324,9539722.0,17474736.0,11966529.0,0.0
2014-04-14 17:00:00,0.000202179,0.0,95114.25,82.72615051,0.0,-0.348581314,2.3990345,279.253418,9539722.0,18394736.0,11966529.0,0.0
2014-04-14 18:00:00,0.0,0.0,95110.3125,77.2875061,0.003646851,-0.371138573,2.390158653,278.9335938,9539722.0,19310544.0,11966529.0,0.0
2014-04-14 19:00:00,0.0,8.39e-05,95111.3125,73.08349609,0.019165039,-0.478856087,2.441880226,278.5869141,9539722.0,20225648.0,11966529.0,0.0
2014-04-14 20:00:00,0.0,0.000431061,95119.375,70.45593262,0.108886719,-0.572965622,2.376151085,278.5087891,9539722.0,21145504.0,11966529.0,0.0
2014-04-14 21:00:00,0.0,0.0,95135.5,70.32157898,0.103912354,-0.538743973,2.003669739,279.5793457,9579073.0,22071392.0,12040110.0,0.0
2014-04-14 22:00:00,0.0,0.0,95188.9375,69.16969299,0.0,-0.757216454,2.814695358,282.6027832,10170821.0,23042784.0,12773048.0,0.0
2014-04-14 23:00:00,0.0,0.0,95214.5,64.53912354,0.0,-0.891158104,3.007107735,285.2944336,11485005.0,24039056.0,14268584.0,0.0
2014-04-15 00:00:00,0.0,0.0,95191.0625,61.9022522,0.0,-1.091023445,2.886592865,287.623291,13425526.0,25061968.0,16407428.0,0.0
2014-04-15 01:00:00,0.000301361,0.001792908,95075.8125,54.64091492,0.130279541,-1.26803112,2.078757286,289.3972168,2387801.0,1047541.375,2587971.0,0.0
2014-04-15 02:00:00,0.009738922,0.002889633,95012.4375,47.95436096,0.408294678,-1.667964935,1.584626198,290.6169434,5025830.0,2113428.0,5436178.0,0.0
2014-04-15 03:00:00,0.040718079,0.002090454,94927.75,42.99475098,0.799835205,-1.565706253,1.475514412,291.2402344,7183748.0,3262379.0,7910646.0,0.0
2014-04-15 04:00:00,0.081977844,0.00954628,94900.0625,38.38963318,0.908990681,-1.337367058,1.693392754,291.5576172,8824787.0,4509550.0,9948414.0,0.0
2014-04-15 05:00:00,0.073685348,0.017189026,94906.1875,39.4276123,0.957306206,-1.536417961,2.505426407,291.1552734,9846181.0,5750075.0,11397877.0,0.0
2014-04-15 06:00:00,0.060514819,0.040073395,94928.9375,48.98120117,0.926439822,-2.380498886,2.717064857,290.1169434,10501125.0,7038437.0,12403168.0,0.0
2014-04-15 07:00:00,0.035595167,0.059272766,94961.3125,60.46897888,0.983837307,-2.887779236,1.363876343,288.5490723,10910521.0,8213398.0,13027971.0,0.0
2014-04-15 08:00:00,0.052284952,0.041039467,94999.375,67.36598206,0.904205322,-2.352673531,0.468021393,286.9333496,10953341.0,9377905.0,13121476.0,0.0
2014-04-15 09:00:00,0.050579015,0.008609772,95079.8125,73.36378479,0.570084155,-2.372412682,0.571128845,286.1142578,10953341.0,10557182.0,13121476.0,0.0
2014-04-15 10:00:00,0.015576661,0.001051903,95112.375,77.30625916,0.345245361,-2.128577232,1.085170746,285.5112305,10953341.0,11745496.0,13121476.0,0.0
2014-04-15 11:00:00,0.009568077,0.0001297,95138.25,79.97721863,0.444061279,-1.642798424,1.5187397,284.3586426,10953341.0,12824931.0,13121280.0,0.0
2014-04-15 12:00:00,0.012897205,0.0,95150.1875,80.86201477,0.663258493,-1.40208149,1.957131386,284.1306152,10953341.0,13930113.0,13121280.0,0.0
2014-04-15 13:00:00,0.028425358,0.0,95151.75,80.29191589,0.823486328,-1.31448555,2.063569069,284.0021973,10953341.0,15055079.0,13121280.0,0.0
2014-04-15 14:00:00,0.025741577,1.62e-05,95133.25,77.21656799,0.664550781,-1.415935516,2.299617767,284.401123,10953341.0,16290597.0,13121280.0,0.0
2014-04-15 15:00:00,0.016326904,0.0,95088.75,74.29281616,0.346221924,-1.44867897,2.337714195,284.092041,10953341.0,17473760.0,13121280.0,0.0
2014-04-15 16:00:00,0.003555298,0.0,95054.8125,72.52905273,0.099121094,-1.261170387,2.080281258,283.1174316,10953341.0,18535888.0,13121280.0,0.0
2014-04-15 17:00:00,0.000717163,0.0,95017.9375,71.86312866,0.008026123,-1.172533035,1.937869072,282.1638184,10953341.0,19545568.0,13121280.0,0.0
2014-04-15 18:00:00,0.0,0.0,95012.4375,72.57695007,0.001678467,-1.01948452,1.834938049,280.9960938,10953341.0,20505136.0,13121280.0,0.0
2014-04-15 19:00:00,0.0,0.0,95020.9375,73.4617157,0.003631592,-1.00026989,1.899814606,280.4055176,10953341.0,21453680.0,13121280.0,0.0
2014-04-15 20:00:00,0.0,0.0,95038.625,73.50366211,0.0,-0.832508087,1.993477821,279.847168,10953341.0,22391856.0,13121280.0,0.0
2014-04-15 21:00:00,0.0,0.0,95069.125,73.41308594,0.0,-0.477763176,1.990246773,280.1791992,10989726.0,23319600.0,13190599.0,0.0
2014-04-15 22:00:00,0.0,0.0,95120.5625,69.17532349,0.001922607,-0.60701561,2.745300293,282.5341797,11572350.0,24283616.0,13909163.0,0.0
2014-04-15 23:00:00,0.0,0.0,95161.75,58.09579468,0.002883911,-0.712499619,2.359787941,284.6945801,12874982.0,25266176.0,15385870.0,0.0
2014-04-16 00:00:00,0.0,0.0,95133.875,50.98379517,0.000961304,-0.941162109,1.581829071,286.6564941,14803147.0,26271664.0,17500176.0,0.0
2014-04-16 01:00:00,4.77e-05,0.0,95016.625,47.71060181,0.012527466,-0.645724297,0.396601677,288.6025391,2382670.0,1044434.312,2583719.0,0.0
2014-04-16 02:00:00,0.001457214,6.65e-05,94946.0,42.66455078,0.101806641,0.257293701,-0.147470474,289.7194824,4998802.0,2105155.0,5403055.0,0.0
2014-04-16 03:00:00,0.009971619,0.000527382,94850.875,41.41375732,0.286621094,0.503873825,-0.779678345,290.4121094,7440973.0,3194812.0,8087578.0,0.0
2014-04-16 04:00:00,0.018725675,0.000890255,94813.4375,42.56237793,0.619171143,0.817785263,-1.269730568,290.7978516,9465558.0,4312320.0,10391038.0,0.0
2014-04-16 05:00:00,0.012698188,0.000621796,94789.4375,44.39390564,0.563491821,1.197487831,-1.226921082,290.8571777,10956005.0,5471417.0,12190546.0,0.0
2014-04-16 06:00:00,0.019462585,0.001091957,94771.5,46.91743469,0.718505859,1.174593925,-1.048069,290.6345215,11940848.0,6597872.0,13428982.0,0.0
2014-04-16 07:00:00,0.040735245,0.001295805,94771.0625,50.8658905,0.707107544,0.94639492,-0.930462837,289.8366699,12411680.0,7816862.0,14079800.0,0.0
2014-04-16 08:00:00,0.035717011,0.001324415,94774.0625,55.50552368,0.757019043,1.753738403,-1.154006958,288.2241211,12446228.0,9033415.0,14164871.0,0.0
2014-04-16 09:00:00,0.010570526,0.000219822,94825.25,60.05943298,0.506729126,1.842017174,-0.801948547,286.9711914,12446228.0,10168809.0,14164871.0,0.0
2014-04-16 10:00:00,0.028343201,6.53e-05,94880.1875,65.17089844,0.317276001,-0.353676796,-0.033642769,285.8754883,12446228.0,11354913.0,14164725.0,0.0
2014-04-16 11:00:00,0.022022247,7.72e-05,94939.3125,73.67819214,0.442764282,-1.819813728,0.525737763,284.8181152,12446228.0,12467172.0,14164725.0,0.0
2014-04-16 12:00:00,0.004304886,6.53e-05,94967.875,80.98213196,0.236099243,-1.826535225,0.470347405,283.6647949,12446228.0,13547728.0,14164725.0,0.0
2014-04-16 13:00:00,0.00756073,0.000612259,94966.0,85.47912598,0.238372803,-1.245744705,1.331089973,282.9089355,12446228.0,14595128.0,14164725.0,0.0
2014-04-16 14:00:00,0.006998062,0.000310421,94946.5,88.62997437,0.28855896,-0.361816406,1.764505386,282.6386719,12446228.0,15660642.0,14164725.0,0.0
2014-04-16 15:00:00,0.004323959,0.000946999,94917.9375,89.95751953,0.254547119,-0.27630043,1.645837784,282.4284668,12446228.0,16735278.0,14164725.0,0.0
2014-04-16 16:00:00,0.001514435,0.000330448,94882.375,91.53128052,0.189147949,-0.239315987,1.446935654,282.137207,12446228.0,17788192.0,14164725.0,0.0
2014-04-16 17:00:00,0.000795364,3.86e-05,94855.9375,92.99833679,0.108001709,-0.402629852,1.194408417,281.8405762,12446228.0,18786560.0,14164725.0,0.0
2014-04-16 18:00:00,0.000732422,0.000228643,94852.5625,94.85049438,0.286560059,-0.370344162,0.90619278,281.5942383,12446228.0,19773184.0,14164725.0,0.0
2014-04-16 19:00:00,0.000644684,8.13e-05,94876.3125,95.61352539,0.110870361,-0.265379906,0.953113556,281.2563477,12446228.0,20755856.0,14164725.0,0.0
2014-04-16 20:00:00,0.000244141,3.67e-05,94896.0625,95.42033386,0.058807373,-0.527527809,0.936103821,280.9147949,12446228.0,21734480.0,14164725.0,0.0
2014-04-16 21:00:00,0.000114441,0.0,94931.75,94.43995667,0.006378174,-0.386554718,1.169697762,280.3320312,12479244.0,22707856.0,14229315.0,0.0
2014-04-16 22:00:00,0.0,0.0,94987.25,87.95321655,0.0,0.145897865,0.709420204,282.9331055,13039014.0,23726736.0,14939238.0,0.0
2014-04-16 23:00:00,0.0,0.0,95020.8125,78.4732666,0.0,0.313691139,0.430206239,285.6574707,14311917.0,24764592.0,16411326.0,0.0
2014-04-17 00:00:00,4.77e-05,0.0,95020.0625,68.35003662,0.000961304,0.539180458,0.088400781,287.8703613,16199323.0,25827216.0,18517744.0,0.0
2014-04-17 01:00:00,0.025863647,0.0,95031.8125,58.81637573,0.362213135,0.337564468,0.766641855,289.3483887,2191564.0,1096545.0,2463098.0,0.0
2014-04-17 02:00:00,0.039726257,0.0,94963.8125,52.73348999,0.697067261,0.512925148,0.523468971,290.1994629,4447869.0,2251773.0,5019360.0,0.0
2014-04-17 03:00:00,0.031124115,6.8e-05,94907.625,48.40869141,0.640869141,0.582407951,0.123889923,290.8881836,6527630.0,3502625.0,7461133.0,0.0
2014-04-17 04:00:00,0.03013568,0.000438929,94844.5625,45.63923645,0.750854492,0.513205528,-0.464067459,291.2380371,8250360.0,4747857.0,9536368.0,0.0
2014-04-17 05:00:00,0.032623291,0.000969052,94816.75,44.16629028,0.843510866,0.328623772,-1.262373924,291.5112305,9761050.0,6002550.0,11364141.0,0.0
2014-04-17 06:00:00,0.013357162,0.000129223,94794.375,46.06207275,0.749084473,0.183233261,-2.075528145,291.0895996,10651463.0,7236205.0,12512261.0,0.0
2014-04-17 07:00:00,0.003545761,0.0,94811.0,53.24090576,0.337265015,0.301716805,-1.541835785,289.7788086,11093373.0,8422365.0,13141177.0,0.0
2014-04-17 08:00:00,0.012821198,0.0,94828.3125,59.45005798,0.527023315,1.306612968,-1.84659481,287.0466309,11137174.0,9509501.0,13232643.0,0.0
2014-04-17 09:00:00,0.002012253,0.0,94867.6875,64.80796814,0.188949585,2.262757301,-1.298434258,286.9228516,11137174.0,10666040.0,13232643.0,0.0
2014-04-17 10:00:00,0.002466202,0.0,94931.375,69.46694946,0.076889038,0.448910713,-0.635356903,285.8027344,11137174.0,11719633.0,13232789.0,0.0
2014-04-17 11:00:00,0.0,0.0,94940.25,75.33912659,0.0,-0.924723625,-0.097363472,283.6140137,11137174.0,12755027.0,13232789.0,0.0
2014-04-17 12:00:00,0.000293732,0.0,94955.5625,81.23144531,0.037994385,-1.162149429,-0.036860466,282.9584961,11137174.0,13772933.0,13232789.0,0.0
2014-04-17 13:00:00,0.001350403,0.0,94951.4375,86.50872803,0.088745117,-0.755446434,0.549788475,282.9069824,11137174.0,14768147.0,13232789.0,0.0
2014-04-17 14:00:00,0.003702164,0.0,94891.125,90.03811646,0.093322754,-0.481396675,0.887969971,282.2497559,11137174.0,15783155.0,13232789.0,0.0
2014-04-17 15:00:00,0.004890442,0.0,94848.0,92.28588867,0.113006592,-0.33056736,0.983046532,281.9389648,11137174.0,16801776.0,13232789.0,0.0
2014-04-17 16:00:00,0.006337166,0.0,94782.875,92.97238159,0.209655762,-0.159471512,0.82526207,281.963623,11137174.0,17887392.0,13232789.0,0.0
2014-04-17 17:00:00,0.008597374,0.0,94728.9375,93.73625183,0.256744385,-0.01074791,0.480426788,281.9736328,11137174.0,18947232.0,13232789.0,0.0
2014-04-17 18:00:00,0.01050663,0.0,94674.625,95.70056152,0.242645264,0.024808884,-0.009325027,281.4997559,11137174.0,19996464.0,13232789.0,0.0
2014-04-17 19:00:00,0.012693405,0.0,94663.5625,95.97561646,0.317871094,0.521869659,-0.33393383,281.048584,11137174.0,21125968.0,13232789.0,0.0
2014-04-17 20:00:00,0.011547089,0.0,94653.1875,94.30462646,0.174865723,0.654352188,-0.665891647,280.590332,11137174.0,22254928.0,13232789.0,0.0
2014-04-17 21:00:00,0.009941101,0.0,94653.625,92.96566772,0.174865723,0.7062006,-0.773296356,280.2724609,11161787.0,23273712.0,13288580.0,0.0
2014-04-17 22:00:00,0.007886887,0.0,94668.0,86.94099426,0.166564941,1.133377075,-0.333355904,282.7678223,11606330.0,24381792.0,13901058.0,0.0
2014-04-17 23:00:00,0.002054214,0.0,94651.125,78.37187195,0.14189148,1.269721985,-0.559947014,285.1875,12650096.0,25464704.0,15192326.0,0.0
2014-04-18 00:00:00,4.2e-05,0.0,94605.375,69.40724182,0.0050354,2.28933239,-1.182443619,287.9760742,14364138.0,26576256.0,17151552.0,0.0
2014-04-18 01:00:00,0.007003784,0.0,94594.5,56.73278809,0.254013062,5.555457115,-0.000508308,290.1843262,2282335.0,1084645.0,2496961.0,0.0
2014-04-18 02:00:00,0.027801514,0.0,94500.5625,49.78971863,0.577133179,5.928534508,0.00485611,290.6982422,4485518.0,2199909.0,4975890.0,0.0
2014-04-18 03:00:00,0.064720154,0.0,94426.5,49.56323242,0.889282227,6.478944778,-0.007648468,290.9555664,6591138.0,3397273.0,7407663.0,0.0
2014-04-18 04:00:00,0.051042214,0.0,94355.3125,51.89825439,0.553894043,6.464644432,-0.193170548,290.4465332,8111869.0,4660921.0,9314401.0,0.0
2014-04-18 05:00:00,0.058853801,0.0,94371.4375,54.001297,0.628481507,6.022517204,-0.305038452,290.1616211,9470515.0,5875260.0,11005699.0,0.0
2014-04-18 06:00:00,0.047650792,4.39e-05,94369.375,58.02275085,0.385805368,5.236885071,-0.280399323,289.4438477,10233086.0,7111505.0,12066898.0,0.0
2014-04-18 07:00:00,0.042410575,0.001255035,94391.75,62.76405334,0.558544457,3.898775101,-0.217258453,288.5053711,10641915.0,8278133.0,12680495.0,0.0
2014-04-18 08:00:00,0.050146222,0.001686096,94422.6875,67.21296692,0.49005127,2.967635155,-0.189750671,287.0463867,10678463.0,9396827.0,12761785.0,0.0
2014-04-18 09:00:00,0.041383617,0.000782013,94469.625,71.19511414,0.376496613,2.331654549,-0.24562645,285.8459473,10678463.0,10494593.0,12761785.0,0.0
2014-04-18 10:00:00,0.040374756,0.000934601,94520.125,73.96603394,0.357216954,2.190858841,-0.229892731,285.5327148,10678463.0,11652836.0,12761785.0,0.0
2014-04-18 11:00:00,0.027069092,0.00052166,94546.4375,77.64967346,0.42199707,1.906393051,-0.537877083,284.7802734,10678463.0,12789310.0,12761785.0,0.0
2014-04-18 12:00:00,0.014259338,0.000219822,94559.6875,81.03683472,0.120269775,2.031936646,-0.631732941,283.9702148,10678463.0,13873161.0,12761785.0,0.0
2014-04-18 13:00:00,0.020530701,7.76e-05,94567.4375,85.93492126,0.153503418,2.124260902,-0.259889603,283.3850098,10678463.0,14898902.0,12761785.0,0.0
2014-04-18 14:00:00,0.032829285,0.0,94557.375,89.21144104,0.302352905,1.693460464,0.344947815,282.5341797,10678463.0,15978442.0,12761785.0,0.0
2014-04-18 15:00:00,0.040649414,0.0,94559.25,88.3666687,0.426208496,1.067593575,0.663721085,283.0341797,10678463.0,17118640.0,12761785.0,0.0
2014-04-18 16:00:00,0.031555176,0.0,94550.3125,86.41210938,0.360397339,0.737706184,1.090703964,282.5895996,10678463.0,18200480.0,12761785.0,5.05e-05
2014-04-18 17:00:00,0.022342682,0.0,94534.625,85.86381531,0.420043945,0.279953957,1.668697357,282.1572266,10678463.0,19246448.0,12761785.0,5.33e-05
2014-04-18 18:00:00,0.015331268,0.0,94547.875,82.26412964,0.339508057,-0.19046402,2.173500061,280.6064453,10678463.0,20290464.0,12761785.0,5.33e-05
2014-04-18 19:00:00,0.014190674,0.0,94558.0625,77.07305908,0.319732666,-0.372044563,1.973412514,280.3962402,10678463.0,21333760.0,12761785.0,5.54e-05
2014-04-18 20:00:00,0.018600464,0.0,94599.0,72.72579956,0.339172363,-0.569488525,1.892216682,279.9274902,10678463.0,22367104.0,12761785.0,5.61e-05
2014-04-18 21:00:00,0.028205872,0.0,94646.4375,69.68955994,0.291320801,-0.675019264,1.647965431,279.9741211,10701308.0,23378336.0,12811677.0,5.89e-05
2014-04-18 22:00:00,0.035812378,0.0,94686.5625,68.12416077,0.343688965,-0.711385369,1.852351189,281.5751953,11086231.0,24409984.0,13348690.0,5.96e-05
2014-04-18 23:00:00,0.0337677,0.0,94724.6875,63.03321838,0.367675781,-0.348482072,1.560038567,283.0270996,11991794.0,25530448.0,14485928.0,6.59e-05
2014-04-19 00:00:00,0.013206482,0.0,94719.3125,63.91130066,0.397857666,0.283320308,0.586117685,284.4104004,13498965.0,26623200.0,16235923.0,6.59e-05
2014-04-19 01:00:00,0.002155304,0.0,94693.875,56.62623596,0.11416626,0.86961937,-0.060359955,285.9868164,1989564.0,1070506.0,2219929.0,0.0
2014-04-19 02:00:00,0.001026154,0.0,94622.0625,54.89718628,0.054229736,1.551941872,-0.853779793,287.1904297,4458028.0,2124107.0,4857882.0,0.0
2014-04-19 03:00:00,0.000228882,0.0,94545.75,53.31510925,0.022064209,1.680252075,-1.264363289,288.1508789,7058749.0,3135683.0,7618228.0,0.0
2014-04-19 04:00:00,0.000228882,0.0,94476.4375,49.81913757,0.034942627,1.668779373,-1.796637535,288.7705078,9402209.0,4154866.0,10144355.0,0.0
2014-04-19 05:00:00,0.0,0.0,94466.125,45.59268188,0.009338379,1.677659988,-1.929321289,288.9753418,11309585.0,5173401.0,12245504.0,0.0
2014-04-19 06:00:00,8.2e-05,0.0,94459.375,43.16448975,0.013458252,1.596957207,-2.059583664,288.6245117,12604286.0,6181576.0,13729951.0,0.0
2014-04-19 07:00:00,8.2e-05,0.0,94507.625,46.67985535,0.003356934,1.166542053,-1.902193069,287.0883789,13177105.0,7169869.0,14455006.0,0.0
2014-04-19 08:00:00,8.2e-05,0.0,94560.3125,51.15982056,0.004684448,1.636248589,-1.847229004,284.5761719,13219150.0,8134912.0,14537478.0,0.0
2014-04-19 09:00:00,8.2e-05,0.0,94612.0,54.96333313,0.004333496,1.691224098,-1.609316826,282.9470215,13219150.0,9095886.0,14537478.0,0.0
2014-04-19 10:00:00,0.000415802,0.0,94687.5625,59.42951965,0.022476196,0.166915894,-1.486304283,281.1950684,13219150.0,10043860.0,14537501.0,0.0
2014-04-19 11:00:00,0.000635147,0.0,94730.0,64.17826843,0.009262085,-1.008425713,-0.899645805,280.8688965,13219150.0,10986406.0,14537501.0,0.0
2014-04-19 12:00:00,0.000495911,0.0,94778.75,66.6390686,0.001922607,-1.417690277,-0.699258804,280.4663086,13219150.0,11943465.0,14537501.0,0.0
2014-04-19 13:00:00,0.000831604,0.0,94794.1875,69.96784973,0.025436401,-1.52772522,-0.371591568,279.8950195,13219150.0,12881539.0,14537501.0,0.0
2014-04-19 14:00:00,0.001094818,0.0,94769.0,73.7033844,0.012710571,-1.740241051,-0.232058525,279.4943848,13219150.0,13822210.0,14537501.0,0.0
2014-04-19 15:00:00,0.000995636,0.0,94736.875,76.27981567,0.008407593,-1.628911018,-0.396928787,279.2827148,13219150.0,14775645.0,14537501.0,0.0
2014-04-19 16:00:00,0.000686646,0.0,94701.8125,78.38334656,0.011901855,-0.908316612,-0.863480568,279.1599121,13219150.0,15689822.0,14537501.0,0.0
2014-04-19 17:00:00,0.000302315,0.0,94669.125,78.94682312,0.0,0.069471359,-1.04984951,279.1352539,13219150.0,16615562.0,14537501.0,0.0
2014-04-19 18:00:00,4.1e-05,0.0,94651.875,80.61083984,0.004684448,0.88914299,-1.02526474,278.4790039,13219150.0,17516752.0,14537501.0,0.0
2014-04-19 19:00:00,0.0,0.0,94669.25,83.43615723,0.0,1.523363113,-0.893362045,277.4057617,13219150.0,18417312.0,14537501.0,0.0
2014-04-19 20:00:00,0.0,0.0,94717.8125,85.50570679,0.002883911,1.575419426,-1.282155991,276.8491211,13219150.0,19314416.0,14537501.0,0.0
2014-04-19 21:00:00,0.0,4.91e-05,94765.1875,86.57849121,0.026779175,0.89163971,-1.486890793,276.8674316,13245589.0,20214336.0,14588424.0,0.0
2014-04-19 22:00:00,0.0,0.000308037,94788.75,79.54348755,0.099334717,1.416082382,-1.557682991,280.6003418,13784848.0,21160880.0,15254572.0,0.0
2014-04-19 23:00:00,0.0,0.002048969,94792.375,70.0160675,0.228042603,1.991638184,-1.720672607,283.3586426,15034000.0,22122992.0,16667702.0,0.0
2014-04-20 00:00:00,0.0,0.004000187,94759.0625,61.16635132,0.447678864,2.938570976,-2.3433218,285.0871582,16891488.0,23104080.0,18698096.0,0.0
2014-04-20 01:00:00,0.000293732,0.002578497,94708.0,59.02565002,0.289888084,3.469425201,-2.294010162,286.2021484,2271999.0,988330.9375,2472835.0,0.0
2014-04-20 02:00:00,0.000331879,0.002710104,94629.875,53.24832153,0.382844329,3.957399368,-2.275988579,287.3779297,4848324.0,1994030.0,5217915.0,0.0
2014-04-20 03:00:00,0.000888824,0.0,94555.875,49.53961182,0.022125244,4.559557915,-2.012786865,287.9375,7400771.0,3015720.0,7955104.0,0.0
2014-04-20 04:00:00,0.000911713,0.000133276,94526.75,47.95854187,0.079589844,4.660611153,-1.706559181,287.9433594,9761164.0,4010433.0,10486081.0,0.0
2014-04-20 05:00:00,0.001028061,0.001184702,94527.75,49.00982666,0.303833008,4.558222771,-1.783035278,287.5053711,11688267.0,4987742.0,12577582.0,0.0
2014-04-20 06:00:00,0.001945496,0.000112057,94563.4375,52.25990295,0.095916748,4.620316505,-1.550174713,286.4865723,12969764.0,5948774.0,14025510.0,0.0
2014-04-20 07:00:00,0.001609802,0.0,94632.4375,57.82925415,0.029693604,3.61561203,-1.565103531,285.0258789,13544668.0,6899878.0,14743327.0,0.0
2014-04-20 08:00:00,0.001123428,0.0,94658.4375,62.86938477,0.01272583,3.187589645,-1.441440582,283.0532227,13583848.0,7829813.0,14819187.0,0.0
2014-04-20 09:00:00,0.001140594,0.0,94743.1875,67.69186401,0.007354736,2.941544533,-1.172438622,281.8132324,13583848.0,8754857.0,14819187.0,0.0
2014-04-20 10:00:00,0.001182556,0.0,94816.625,70.37669373,0.010040283,2.376038551,-0.938008308,280.6118164,13583848.0,9669138.0,14819187.0,0.0
2014-04-20 11:00:00,0.000976563,0.0,94843.125,72.71072388,0.012023926,2.133505821,-0.995402336,279.5258789,13583848.0,10578660.0,14818859.0,0.0
2014-04-20 12:00:00,0.001014709,0.0,94871.25,75.68041992,0.023468018,1.993312836,-0.739554405,278.8300781,13583848.0,11486853.0,14818859.0,0.0
2014-04-20 13:00:00,0.002773285,0.0,94890.9375,77.96121216,0.099182129,1.880515099,-0.630381584,278.4455566,13583848.0,12423559.0,14818859.0,0.0
2014-04-20 14:00:00,0.007225037,0.000195503,94867.125,80.3092041,0.228424072,1.628921509,-0.510879517,277.9123535,13583848.0,13322676.0,14818859.0,0.0
2014-04-20 15:00:00,0.014858246,0.000311136,94860.1875,83.39520264,0.400282562,0.83652401,0.014342308,278.2866211,13583848.0,14229383.0,14818859.0,0.0
2014-04-20 16:00:00,0.027492523,0.002139568,94870.1875,85.39067078,0.804473877,0.418606758,0.461461067,278.092041,13583848.0,15191581.0,14818859.0,0.0
2014-04-20 17:00:00,0.046386719,0.001291633,94853.4375,83.9475708,0.888793945,0.266731262,0.70908165,278.2458496,13583848.0,16299334.0,14818859.0,0.0
2014-04-20 18:00:00,0.045402527,0.0,94856.9375,80.85578918,0.840881348,0.108989716,0.733887672,278.6848145,13583848.0,17399136.0,14818859.0,0.0
2014-04-20 19:00:00,0.034305573,0.0,94863.25,78.73091125,0.799041748,-0.069441795,0.524809837,279.1870117,13583848.0,18525088.0,14818859.0,0.0
2014-04-20 20:00:00,0.031375885,0.0,94905.9375,78.61787415,0.701843262,0.28847599,0.185893059,279.4223633,13583848.0,19629424.0,14818859.0,0.0
2014-04-20 21:00:00,0.035301209,0.0,94956.0625,79.51477051,0.772949219,0.263859749,-0.042691231,279.416748,13603678.0,20747328.0,14863235.0,0.0
2014-04-20 22:00:00,0.044921875,0.0,95028.25,77.2766571,0.821716309,0.104685783,-0.137851715,281.2370605,13959650.0,21906384.0,15379444.0,0.0
2014-04-20 23:00:00,0.046390533,0.0,95079.9375,73.68722534,0.749511719,0.102458954,-0.115074158,282.8273926,14629200.0,23113184.0,16350077.0,0.0
2014-04-21 00:00:00,0.029830933,0.0,95086.375,72.65953064,0.698699951,0.000930786,-0.161356926,284.4013672,15838234.0,24288816.0,17895328.0,0.0
2014-04-21 01:00:00,0.011356354,0.0,95086.8125,69.29933167,0.749237061,-0.527500153,-0.748091698,287.0043945,1995065.0,1097121.0,2271235.0,0.0
2014-04-21 02:00:00,0.01153183,2.19e-05,95009.625,62.11607361,0.791046143,-0.724607468,-1.517295837,288.329834,3930003.0,2334566.0,4566185.0,0.0
2014-04-21 03:00:00,0.003662109,0.000457764,94935.6875,60.16732788,0.806976318,-0.064200401,-1.502279282,289.2805176,6297362.0,3490763.0,7203540.0,0.0
2014-04-21 04:00:00,0.003166199,0.001839638,94891.4375,57.21101379,0.957977295,0.305019379,-1.695142746,289.5898438,8385301.0,4599743.0,9579213.0,0.0
2014-04-21 05:00:00,6.48e-05,0.000383377,94876.4375,55.83584595,0.710083008,0.619039536,-1.644443512,289.6298828,10011992.0,5674247.0,11482361.0,0.0
2014-04-21 06:00:00,0.0,0.000865755,94860.375,55.5430603,0.415957987,0.913741112,-1.597831726,289.4223633,11238509.0,6739094.0,12931652.0,0.0
2014-04-21 07:00:00,0.0,0.001899219,94889.1875,59.57559204,0.449937403,0.724001885,-1.135083199,287.7280273,11765589.0,7780335.0,13626997.0,0.0
2014-04-21 08:00:00,0.0,0.008097015,94888.6875,63.4127655,0.971951008,1.471606255,-2.376054764,284.2978516,11798960.0,8795485.0,13694176.0,0.0
2014-04-21 09:00:00,0.0,0.023937307,94945.5625,69.05581665,1.000001907,1.826475143,-1.751000404,283.6496582,11798960.0,9865406.0,13694176.0,0.0
2014-04-21 10:00:00,0.0,0.022598103,94994.3125,73.90226746,0.98538518,1.975658417,-1.044677734,283.2756348,11798960.0,10951397.0,13693991.0,0.0
2014-04-21 11:00:00,0.0,0.008063316,94995.625,78.02600098,0.876541078,2.061548233,-0.765156746,282.5673828,11798960.0,12020788.0,13693991.0,0.0
2014-04-21 12:00:00,0.0,0.002598286,95001.25,82.0541687,0.983533382,1.600781441,-0.788269997,281.9414062,11799070.0,13056155.0,13693991.0,0.0
2014-04-21 13:00:00,0.0,0.000532627,94987.0,85.12995911,0.758078933,0.462856293,-0.801774979,280.8686523,11799070.0,14069471.0,13693991.0,0.0
2014-04-21 14:00:00,0.0,0.001955032,94932.5625,89.24661255,0.997315288,0.347182274,-1.044391632,279.9833984,11799070.0,15067443.0,13693991.0,0.0
2014-04-21 15:00:00,0.0,0.004673004,94904.5,91.19332886,0.990655005,0.510026932,-0.998033524,279.7724609,11799070.0,16067079.0,13693991.0,0.0
2014-04-21 16:00:00,0.0,0.005680084,94861.9375,91.32814026,0.871876001,0.78417778,-1.013773918,279.486084,11799070.0,17074208.0,13693991.0,0.0
2014-04-21 17:00:00,0.0,0.017631531,94839.75,89.21958923,0.978363037,1.040000916,-1.217980385,279.4345703,11799070.0,18106192.0,13693991.0,0.0
2014-04-21 18:00:00,0.0,0.024925232,94832.4375,86.02133179,1.0,1.157346725,-1.045825005,279.6721191,11799070.0,19149744.0,13693991.0,0.0
2014-04-21 19:00:00,0.0,0.034113277,94831.875,85.17158508,1.0,0.885533333,-0.919976234,279.6850586,11799070.0,20197904.0,13693991.0,0.0
2014-04-21 20:00:00,0.0,0.02059288,94839.75,84.77030945,0.999996603,0.784561157,-0.842132568,279.4064941,11799070.0,21249424.0,13693991.0,0.0
2014-04-21 21:00:00,0.0,0.023720831,94844.5,84.03910828,0.991674364,0.586555481,-0.873417854,279.3935547,11819169.0,22275040.0,13732198.0,0.0
2014-04-21 22:00:00,0.0,0.012678068,94863.375,80.56332397,1.000003815,0.592069626,-0.897121429,282.2568359,12172698.0,23371584.0,14209173.0,0.0
2014-04-21 23:00:00,0.0,0.023445129,94849.625,67.31617737,0.992636442,0.64918232,-1.111673355,285.4946289,13198551.0,24450496.0,15449658.0,0.0
2014-04-22 00:00:00,0.0,0.024482727,94813.9375,57.52581787,0.978077114,1.45830822,-2.068005562,287.685791,14703218.0,25548544.0,17206128.0,0.0
2014-04-22 01:00:00,0.0,0.012605667,94796.8125,55.86230469,0.970611572,2.289951324,-2.048171043,289.723877,2082637.0,1099398.0,2347133.0,0.0
2014-04-22 02:00:00,0.0,0.011989594,94727.125,50.05877686,0.84821707,2.641182899,-2.264518738,291.152832,4405299.0,2236117.0,4931243.0,0.0
2014-04-22 03:00:00,0.0,0.008556366,94648.375,46.35746765,0.787727773,2.959957123,-2.391765594,292.0095215,6758972.0,3360083.0,7546232.0,0.0
2014-04-22 04:00:00,0.0,0.020566963,94599.9375,44.13114929,0.984643459,3.415799141,-2.320781708,292.3439941,8889399.0,4478515.0,9937629.0,0.0
2014-04-22 05:00:00,0.0,0.030547373,94614.3125,43.75941467,0.972681403,3.537849426,-2.074462891,291.953125,10416846.0,5600094.0,11722878.0,0.0
2014-04-22 06:00:00,0.0,0.031766891,94619.125,47.33398438,0.986999512,2.7954216,-2.031606674,290.8640137,11354205.0,6731387.0,12894227.0,0.0
2014-04-22 07:00:00,0.0,0.026416779,94652.375,54.47018433,0.951660156,2.320311546,-1.702011108,288.8347168,11743729.0,7840296.0,13431564.0,0.0
2014-04-22 08:00:00,0.0,0.009775162,94687.0,60.09536743,0.667266846,2.244210243,-1.466835976,286.6467285,11770325.0,8916788.0,13484804.0,0.0
2014-04-22 09:00:00,0.0,0.001956463,94775.5625,65.6910553,0.380249023,2.194519997,-1.192024231,285.2302246,11770325.0,9958113.0,13484804.0,0.0
2014-04-22 10:00:00,0.0,0.000113964,94812.3125,70.24723816,0.020385742,1.817378044,-1.367981911,283.675293,11770325.0,10981314.0,13484711.0,0.0
2014-04-22 11:00:00,0.0,0.0,94807.625,74.06907654,0.0,1.943790436,-1.295508385,282.9377441,11770325.0,12005054.0,13484711.0,0.0
2014-04-22 12:00:00,0.0,0.0,94838.8125,76.02122498,0.0,2.065964699,-0.969638825,282.7414551,11770325.0,13040389.0,13484711.0,0.0
2014-04-22 13:00:00,0.0,0.0,94843.3125,77.21351624,0.0,1.573420525,-0.667636871,282.427002,11770325.0,14075833.0,13484711.0,0.0
2014-04-22 14:00:00,0.0,0.0,94824.4375,78.45895386,0.0,0.851166725,-0.564886093,282.5383301,11770325.0,15111792.0,13484711.0,0.0
2014-04-22 15:00:00,0.000457764,0.0,94801.1875,80.6697998,0.035369873,0.567317963,-0.475305557,281.831543,11770325.0,16146881.0,13484711.0,0.0
2014-04-22 16:00:00,0.000343323,0.002407074,94756.5,83.20277405,0.278900147,0.197500229,-0.60080719,281.0285645,11770325.0,17188592.0,13484711.0,0.0
2014-04-22 17:00:00,0.000694275,0.005527496,94730.3125,85.4929657,0.95022583,0.25202179,-0.514578819,280.8977051,11770325.0,18224048.0,13484711.0,0.0
2014-04-22 18:00:00,0.000152588,0.00674057,94724.6875,87.23106384,0.949035645,0.121188164,-0.435180664,280.7629395,11770325.0,19280784.0,13484711.0,0.0
2014-04-22 19:00:00,0.0,0.004540566,94733.5625,88.86206055,0.797118485,-0.187917709,-0.47932148,280.5812988,11770325.0,20318736.0,13484711.0,0.0
2014-04-22 20:00:00,0.0,0.007296473,94759.25,90.08926392,0.925981641,-0.211462975,-0.512090683,280.7614746,11770325.0,21356672.0,13484711.0,0.0
2014-04-22 21:00:00,0.0,0.008806229,94782.5625,90.7449646,0.954522252,-0.095795631,-0.537333489,280.4553223,11790195.0,22405536.0,13523120.0,0.0
2014-04-22 22:00:00,0.0,0.006009787,94804.5,87.24435425,0.71042943,0.181097984,-0.5710392,283.034668,12223874.0,23493696.0,14099063.0,0.0
2014-04-22 23:00:00,0.0,0.008878794,94820.5,73.93148804,0.865669668,0.239993095,-1.039449692,286.2543945,13307727.0,24598960.0,15407601.0,0.0
2014-04-23 00:00:00,3.24e-05,0.003415505,94793.8125,64.80207825,0.864628077,0.8524189,-1.705399513,288.8950195,14985005.0,25713024.0,17347584.0,0.0
2014-04-23 01:00:00,0.014141083,0.010778427,94775.9375,60.60670471,0.567761481,2.602982521,-2.448432922,290.5488281,2080096.0,1134259.0,2395198.0,0.0
2014-04-23 02:00:00,0.039936066,0.013986588,94701.5,55.74778748,0.433135986,2.975268364,-2.385333061,291.4904785,4179451.0,2349105.0,4857530.0,9.11e-05
2014-04-23 03:00:00,0.007530212,0.002309799,94588.6875,53.0773468,0.194839478,2.816758156,-3.005199432,292.2087402,6247116.0,3540071.0,7312945.0,9.2e-05
2014-04-23 04:00:00,0.000392914,0.0,94512.6875,50.35812378,0.008041382,2.957841873,-3.336979866,292.8178711,8287405.0,4741224.0,9652303.0,9.21e-05
2014-04-23 05:00:00,0.000196457,1.14e-05,94468.5625,49.11416626,0.039489746,3.063542366,-3.398086548,292.8950195,9974753.0,5887350.0,11616737.0,9.21e-05
2014-04-23 06:00:00,0.0,1.14e-05,94464.75,50.16270447,0.069274902,2.957173347,-2.955667496,292.4038086,11154563.0,7013759.0,13034232.0,9.21e-05
2014-04-23 07:00:00,0.0,0.000350952,94480.1875,56.68565369,0.30581665,1.941437721,-1.811477661,290.5407715,11650495.0,8115477.0,13704067.0,8.94e-05
2014-04-23 08:00:00,0.0,0.009474754,94484.1875,64.10638428,0.984680176,1.869628906,-1.499648094,287.1696777,11678076.0,9195669.0,13760028.0,8.94e-05
2014-04-23 09:00:00,0.00439167,0.023578644,94516.0,69.72926331,0.991973877,1.731940269,-1.625222206,286.1428223,11678076.0,10307055.0,13760028.0,8.94e-05
2014-04-23 10:00:00,0.000244141,0.026802063,94516.1875,72.06225586,0.921038091,1.303417206,-1.868357658,286.0861816,11678076.0,11474412.0,13760479.0,8.94e-05
2014-04-23 11:00:00,0.000146866,0.008651733,94525.0625,73.16319275,0.715232492,1.221525192,-1.999025345,285.6437988,11678076.0,12612869.0,13760479.0,8.94e-05
2014-04-23 12:00:00,0.000234604,0.017620087,94524.375,75.52062988,0.979934037,1.369978905,-1.87819767,284.8701172,11678076.0,13712310.0,13760479.0,8.94e-05
2014-04-23 13:00:00,0.0,0.009460449,94509.0,77.21781921,0.804123282,1.485348701,-1.678102493,284.6452637,11678076.0,14843927.0,13760479.0,8.94e-05
2014-04-23 14:00:00,0.0,0.003326416,94480.75,78.70437622,0.631290078,1.509116173,-1.724765778,284.157959,11678076.0,15945403.0,13760479.0,8.94e-05
2014-04-23 15:00:00,0.0,0.006011963,94457.1875,79.62550354,0.90829736,1.541161537,-1.754166603,283.7634277,11678076.0,17026336.0,13760479.0,8.94e-05
2014-04-23 16:00:00,0.0,0.004760809,94421.25,80.37893677,0.778437674,1.564650536,-1.748731613,283.407959,11678076.0,18100064.0,13760479.0,8.94e-05
2014-04-23 17:00:00,0.0,0.003828075,94360.625,81.38137817,0.85343349,1.346020699,-1.7970438,283.0288086,11678076.0,19165392.0,13760479.0,8.94e-05
2014-04-23 18:00:00,0.0,0.001373291,94325.875,82.30079651,0.529846191,1.110946655,-1.850575447,282.6806641,11678076.0,20227584.0,13760479.0,8.94e-05
2014-04-23 19:00:00,0.0,0.000225067,94326.5,82.95849609,0.131347656,1.056530952,-1.829118729,282.3010254,11678076.0,21275440.0,13760479.0,8.94e-05
2014-04-23 20:00:00,0.000295639,0.000450134,94350.75,83.47340393,0.259063721,1.198767662,-1.785212517,282.1308594,11678076.0,22317920.0,13760479.0,8.94e-05
2014-04-23 21:00:00,0.00138855,0.000259399,94367.625,83.98579407,0.191497803,1.209328651,-1.803367615,282.4550781,11697072.0,23371280.0,13799338.0,9.13e-05
2014-04-23 22:00:00,0.001005173,0.0,94419.25,78.65666199,0.042419434,1.847452164,-2.312075615,285.2993164,12161374.0,24451072.0,14414375.0,9.13e-05
2014-04-23 23:00:00,0.000440598,0.0,94453.9375,68.6003418,0.03036499,2.646770477,-2.329189301,288.0336914,13300905.0,25551296.0,15770419.0,9.13e-05
2014-04-24 00:00:00,0.0,0.0,94462.5625,63.55247498,0.0,3.647571564,-2.342533112,290.0373535,15045773.0,26659984.0,17752912.0,9.13e-05
2014-04-24 01:00:00,0.000221252,0.0,94444.5,58.21966553,0.01171875,4.831954002,-1.34828949,291.6577148,2182060.0,1133922.0,2444167.0,0.0
2014-04-24 02:00:00,0.0,0.0,94397.875,52.46583557,0.0,5.461027145,-1.218207359,292.2414551,4598359.0,2276421.0,5127452.0,0.0
2014-04-24 03:00:00,0.0,0.0,94372.0,42.78778076,0.0,5.658388138,-1.025810242,292.4433594,7029337.0,3406873.0,7817393.0,0.0
2014-04-24 04:00:00,0.0,0.0,94399.5,30.49932861,0.0,5.467710495,-0.493258476,292.237793,9260022.0,4499531.0,10277745.0,0.0
2014-04-24 05:00:00,0.0,0.0,94412.5625,27.20014954,0.0,4.734236717,-0.434906006,291.6677246,11081729.0,5532336.0,12286238.0,0.0
2014-04-24 06:00:00,0.0,0.0,94484.5,31.81533813,0.0,3.508412361,-0.479892731,290.7150879,12304960.0,6526179.0,13669794.0,0.0
2014-04-24 07:00:00,0.0,0.0,94550.5,41.26838684,0.0,1.877040863,-0.800936699,288.2219238,12817841.0,7501350.0,14316245.0,0.0
2014-04-24 08:00:00,0.0,0.0,94642.5,48.99447632,0.0,2.353285789,-1.225485802,284.8181152,12843882.0,8472340.0,14367236.0,0.0
2014-04-24 09:00:00,0.0,0.0,94700.6875,58.75883484,0.0,2.350430489,-0.995107651,283.6413574,12843882.0,9471236.0,14367236.0,0.0
2014-04-24 10:00:00,0.0,0.0,94751.5,68.61793518,0.0,2.367652893,-0.668340683,282.7231445,12843882.0,10463061.0,14367542.0,0.0
2014-04-24 11:00:00,3.81e-05,0.0,94778.625,74.84799194,0.0,2.159182549,-0.328235626,282.1040039,12843882.0,11440529.0,14367542.0,0.0
2014-04-24 12:00:00,0.004005432,0.0,94837.8125,76.28741455,0.003356934,-0.606905937,0.379315198,281.1408691,12843882.0,12395744.0,14367542.0,0.0
2014-04-24 13:00:00,0.051933289,0.0,94892.0,78.95935059,0.460540772,-2.015686035,0.798407257,280.8950195,12843882.0,13352866.0,14367542.0,0.0
2014-04-24 14:00:00,0.065910339,0.0,94914.75,86.43014526,0.854125977,-2.174340248,0.339636803,283.2111816,12843882.0,14543102.0,14367542.0,0.0
2014-04-24 15:00:00,0.062393188,0.0,94950.9375,91.30114746,0.654388428,-2.017161369,0.424049377,283.5288086,12843882.0,15747176.0,14367542.0,0.0
2014-04-24 16:00:00,0.067169189,0.0,94968.9375,89.09817505,0.658294678,-1.978053093,0.481793225,283.1474609,12843882.0,16901248.0,14367542.0,0.0
2014-04-24 17:00:00,0.083847046,0.0,94982.5625,86.46697998,0.593383789,-1.897902489,0.578920364,282.8493652,12843882.0,18076784.0,14367542.0,0.0001055
2014-04-24 18:00:00,0.06628418,0.0,95010.625,82.40672302,0.491577148,-1.736467361,0.762229919,282.7172852,12843882.0,19270864.0,14367542.0,0.000140011
2014-04-24 19:00:00,0.045211792,0.0,95071.6875,80.11791992,0.401763916,-1.556159973,0.99912262,282.0373535,12843882.0,20393168.0,14367542.0,0.000165462
2014-04-24 20:00:00,0.0362854,0.0,95111.9375,79.02005005,0.295928955,-1.456950188,1.213424683,280.8703613,12843882.0,21426288.0,14367542.0,0.000181437
2014-04-24 21:00:00,0.032699585,0.0,95139.8125,78.41139221,0.339416504,-1.389525414,1.181669235,280.5708008,12861347.0,22431952.0,14402514.0,0.000193834
2014-04-24 22:00:00,0.041793823,0.0,95193.25,75.43952942,0.420166016,-1.774809837,1.239952087,282.3237305,13185305.0,23534080.0,14878064.0,0.000202239
2014-04-24 23:00:00,0.059782207,0.0,95249.5625,71.11331177,0.390289307,-2.242769241,0.791887283,283.817627,14018522.0,24671264.0,15942180.0,0.000214636
2014-04-25 00:00:00,0.061733536,0.0,95241.75,69.54968262,0.457427979,-2.876105309,0.069386482,285.6105957,15458339.0,25793600.0,17655776.0,0.00022912
2014-04-25 01:00:00,0.037109375,5.72e-05,95135.625,67.50428772,0.462371826,-3.527094841,-0.583262444,287.861084,1906986.0,1103979.0,2206867.0,0.0
2014-04-25 02:00:00,0.047470093,0.002290726,95065.375,63.16105652,0.838989258,-3.665534019,-2.434101105,289.2255859,3914254.0,2234374.0,4571471.0,0.0
2014-04-25 03:00:00,0.068321228,0.001274109,94921.6875,60.30627441,0.959838867,-2.965605736,-3.015967369,290.0883789,5558156.0,3465706.0,6602846.0,0.0
2014-04-25 04:00:00,0.109375,0.000999451,94828.4375,59.03140259,1.0,-2.766604424,-3.051785469,290.4558105,6726731.0,4778007.0,8228715.0,0.0
2014-04-25 05:00:00,0.15909195,0.000106812,94742.75,61.34658813,0.951782227,-3.063573837,-2.622558594,290.3798828,7621978.0,6106591.0,9548613.0,9.11e-05
2014-04-25 06:00:00,0.074638367,0.000150681,94736.375,70.43774414,0.760925293,-3.726561546,-1.923417091,289.3913574,8050078.0,7436308.0,10333627.0,0.000120521
2014-04-25 07:00:00,0.030414581,0.000717163,94738.125,74.46321106,0.223175049,-2.974500656,-1.26813221,288.5285645,8275026.0,8694629.0,10755280.0,0.000137687
2014-04-25 08:00:00,0.046195984,0.000254631,94727.8125,78.42073059,0.355529785,-2.550161362,-1.864403725,287.2104492,8295813.0,9856267.0,10799898.0,0.00014472
2014-04-25 09:00:00,0.048774719,0.001411438,94762.5625,82.81756592,0.552947998,-1.819114685,-1.383532524,285.7456055,8295813.0,10974953.0,10799898.0,0.000175834
2014-04-25 10:00:00,0.040241241,0.002501488,94809.75,86.07543945,1.000005722,-1.778651237,-1.079407692,285.2124023,8295813.0,12126770.0,10799906.0,0.000192285
2014-04-25 11:00:00,0.033943176,0.006826401,94782.8125,87.60594177,0.999994695,-1.688345909,-0.813998222,284.8745117,8295813.0,13271903.0,10799906.0,0.000204563
2014-04-25 12:00:00,0.030355453,0.014637761,94758.75,88.70079041,0.999999523,-1.555170059,-0.545660973,284.5847168,8295501.0,14403870.0,10799906.0,0.000214458
2014-04-25 13:00:00,0.015769959,0.019668579,94703.0625,90.01794434,1.0,-0.855599403,-0.039367676,285.0556641,8295501.0,15528702.0,10799906.0,0.000216484
2014-04-25 14:00:00,0.002471924,0.052332506,94623.6875,91.27372742,1.000006676,-0.035569191,0.455183983,284.6025391,8295501.0,16691295.0,10799906.0,0.00021708
2014-04-25 15:00:00,8.39e-05,0.057764001,94556.8125,92.86819458,1.000001907,0.041716576,0.438023567,284.2119141,8295501.0,17857456.0,10799906.0,0.00021708
2014-04-25 16:00:00,0.0,0.02784685,94512.1875,91.6756897,0.957012057,0.999941826,-0.173130989,284.2658691,8295501.0,18997920.0,10799906.0,0.00021708
2014-04-25 17:00:00,0.016349792,0.020738062,94448.3125,89.85958862,0.997358024,1.15067482,-1.05723381,283.4475098,8295501.0,20112864.0,10799906.0,0.000218153
2014-04-25 18:00:00,0.022109985,0.053366765,94388.5,88.03341675,0.999996305,0.879092217,-1.331067085,283.0209961,8295501.0,21252496.0,10799906.0,0.000246167
2014-04-25 19:00:00,0.000259399,0.055432137,94370.4375,86.92298889,0.994710028,1.00345993,-1.248194695,283.7434082,8295501.0,22471760.0,10799906.0,0.000244737
2014-04-25 20:00:00,0.000534058,0.018231463,94357.4375,86.9296875,0.893680096,1.073682785,-1.613142014,283.3193359,8295501.0,23593312.0,10799906.0,0.000244737
2014-04-25 21:00:00,0.002319336,0.005688328,94383.0625,87.73075867,0.97484082,1.636460304,-1.703587532,283.6928711,8310487.0,24713568.0,10830254.0,0.000244737
2014-04-25 22:00:00,0.000526428,0.002141627,94432.6875,82.75654602,0.889544845,3.165605545,-2.343017578,286.4104004,8726425.0,25818752.0,11390737.0,0.000244737
2014-04-25 23:00:00,0.000289917,0.0496521,94467.625,75.26077271,1.000000954,3.729325294,-2.419118881,288.6789551,9780679.0,26965584.0,12673017.0,0.000244737
2014-04-26 00:00:00,0.00189209,0.077552795,94463.1875,71.49995422,0.999998331,4.457221985,-2.565479279,289.4707031,10906539.0,28158848.0,14143711.0,0.000246763
2014-04-26 01:00:00,0.022186279,0.032867432,94420.75,66.91789246,0.981791735,4.793736458,-1.308906555,290.1201172,1364080.0,1265950.0,1805705.0,0.0
2014-04-26 02:00:00,6.87e-05,0.037944794,94322.6875,54.95715332,0.971226633,6.532522202,-2.470881462,290.6159668,2914215.0,2491276.0,3796821.0,0.0
2014-04-26 03:00:00,0.000396729,0.030225754,94252.4375,52.14372253,0.952753186,7.071091652,-1.911898613,291.0786133,4903205.0,3666311.0,6153224.0,0.0
2014-04-26 04:00:00,0.002662659,0.006599426,94234.0,52.78103638,0.566314697,6.290681839,-1.322877884,291.1000977,6608368.0,4814319.0,8194266.0,0.0
2014-04-26 05:00:00,0.00466156,7.25e-05,94217.0,50.39178467,0.198852539,6.018750191,-0.652247429,291.2106934,8136001.0,5962879.0,10012454.0,0.0
2014-04-26 06:00:00,0.022468567,0.0,94290.375,49.84352112,0.618103027,5.489352226,-0.40850544,290.9064941,9129827.0,7115842.0,11253581.0,0.0
2014-04-26 07:00:00,0.014434814,0.0,94359.5625,53.68069458,0.269378662,3.451417923,-0.278645515,289.6223145,9402870.0,8326363.0,11722037.0,0.0
2014-04-26 08:00:00,0.00378418,0.0,94439.4375,58.43531799,0.080231547,2.184814453,-0.481635094,287.7443848,9421530.0,9485783.0,11762920.0,0.0
2014-04-26 09:00:00,0.007019043,0.0,94538.375,63.52906799,0.216174603,1.922559738,-1.41037178,285.4916992,9421530.0,10581016.0,11762920.0,0.0
2014-04-26 10:00:00,0.01776123,0.000179768,94657.0625,68.92852783,0.235824347,1.776698112,-1.318006516,285.0219727,9421530.0,11718288.0,11763012.0,0.0
2014-04-26 11:00:00,0.005966187,0.000179768,94743.25,73.44787598,0.182495117,1.874232292,-0.933184624,284.5200195,9421530.0,12853834.0,11763012.0,0.0
2014-04-26 12:00:00,0.000900269,0.0,94776.3125,76.86534119,0.016662598,1.887181282,-1.242839813,283.375,9421826.0,13898794.0,11763012.0,0.0
2014-04-26 13:00:00,0.000968933,0.0,94808.625,80.28901672,0.010309879,1.611783028,-1.225329399,282.8681641,9421826.0,14941833.0,11763012.0,0.0
2014-04-26 14:00:00,0.000488281,0.0,94804.75,84.41578674,0.0,1.091204643,-0.870938301,282.3544922,9421826.0,15964885.0,11763012.0,0.0
2014-04-26 15:00:00,0.000701904,0.0,94790.5625,87.31942749,0.0,0.765305519,-0.494851112,281.5493164,9421826.0,16973536.0,11763012.0,0.0
2014-04-26 16:00:00,0.001251221,0.0,94797.125,88.41130066,0.003356934,0.8954916,-0.047323227,281.3476562,9421826.0,17974320.0,11763012.0,0.0
2014-04-26 17:00:00,0.002822876,0.0,94828.4375,90.56602478,0.01852417,0.512993813,1.660197258,281.1772461,9421826.0,18963456.0,11763012.0,0.0
2014-04-26 18:00:00,0.010536194,0.0,94896.5,91.9568634,0.120147705,-1.111139297,2.25375843,280.1848145,9421826.0,19959744.0,11763012.0,0.0
2014-04-26 19:00:00,0.026687622,0.0,94961.1875,91.96018982,0.320800781,-1.217465401,1.775971413,280.7058105,9421826.0,21023776.0,11763012.0,0.0
2014-04-26 20:00:00,0.045776367,0.0,95038.25,91.41145325,0.533416748,-1.247639656,1.776609421,280.4213867,9421826.0,22065632.0,11763012.0,0.0
2014-04-26 21:00:00,0.156669617,0.0,95122.5625,88.72549438,1.0,-0.995379448,1.147569656,281.5944824,9432706.0,23236640.0,11790517.0,0.0
2014-04-26 22:00:00,0.288200378,0.0,95214.0625,85.66011047,1.0,-1.550068855,1.2365942,282.7590332,9586828.0,24482432.0,12133508.0,0.000123382
2014-04-26 23:00:00,0.295349121,0.0,95294.625,82.74082947,1.0,-2.321759224,1.148886681,283.2172852,9884838.0,25749840.0,12783150.0,0.000287414
2014-04-27 00:00:00,0.213722229,0.0,95340.375,80.3915863,1.0,-2.664048195,1.13008213,283.4841309,10352193.0,27000816.0,13735612.0,0.000397444
2014-04-27 01:00:00,0.153884888,0.0,95379.5625,76.00236511,1.0,-2.417414665,1.201218605,284.7680664,777470.75,1281786.0,1301748.0,0.0
2014-04-27 02:00:00,0.085548401,0.0,95339.0,70.40490723,0.844940186,-2.477715492,1.079650879,285.6113281,1818465.0,2562225.0,2891412.0,0.0
2014-04-27 03:00:00,0.039861612,0.0,95277.375,65.38969421,0.690408468,-2.448233604,1.106884003,286.6259766,3178224.0,3848092.0,4710064.0,0.0
2014-04-27 04:00:00,0.020766117,0.0,95245.625,61.42721558,0.528386593,-2.436067581,0.805006027,287.3837891,4734723.0,5012414.0,6626534.0,0.0
2014-04-27 05:00:00,0.014764406,0.0,95224.5625,58.37400818,0.445767045,-2.518157005,0.354182243,287.7885742,6193318.0,6179814.0,8351121.0,0.0
2014-04-27 06:00:00,0.017938197,0.0,95258.5,56.84793091,0.338154912,-2.65941143,-0.017933846,287.3808594,7030345.0,7289405.0,9437254.0,0.0
2014-04-27 07:00:00,0.027625494,0.0,95277.9375,59.3087616,0.477846623,-1.948709488,0.022642136,285.9941406,7371268.0,8359234.0,9940817.0,0.0
2014-04-27 08:00:00,0.026816018,0.0,95324.4375,60.97512817,0.436169684,-2.50636673,0.236589432,284.9829102,7386511.0,9503702.0,9975490.0,0.0
2014-04-27 09:00:00,0.011452623,0.0,95373.5625,65.0974884,0.260717988,-2.744080544,0.522268295,283.682373,7386511.0,10558421.0,9975490.0,0.0
2014-04-27 10:00:00,0.009003293,0.0,95416.0,69.76838684,0.278747559,-2.431199074,0.395750046,282.8701172,7386511.0,11643626.0,9975461.0,0.0
2014-04-27 11:00:00,0.015094832,0.0,95461.8125,73.56738281,0.25944829,-1.868556976,0.604604721,281.6740723,7386511.0,12687448.0,9975461.0,0.0
2014-04-27 12:00:00,0.025547028,0.0,95473.625,76.13972473,0.420501709,-1.618124962,1.421606064,280.3557129,7386511.0,13680721.0,9975461.0,0.0
2014-04-27 13:00:00,0.037437439,0.0,95469.875,76.90376282,0.701385498,-0.886422157,1.531505585,280.8225098,7386255.0,14773874.0,9975461.0,0.0
2014-04-27 14:00:00,0.048278809,0.0,95431.4375,76.56278992,0.99029541,-0.571868897,1.324950218,281.3481445,7386255.0,15921739.0,9975461.0,0.0
2014-04-27 15:00:00,0.051513672,0.0,95399.75,75.85945129,0.997314453,-0.526246071,1.347132683,282.0500488,7386255.0,17146784.0,9975461.0,0.0
2014-04-27 16:00:00,0.059319612,0.0,95364.25,75.94085693,0.990661621,-0.396105766,1.308350563,282.1977539,7386255.0,18371408.0,9975461.0,0.0
2014-04-27 17:00:00,0.062836111,0.0,95330.75,75.90437317,0.965209961,-0.397797585,1.298125267,282.416748,7386255.0,19616192.0,9975461.0,0.0
2014-04-27 18:00:00,0.07298106,0.0,95325.375,76.20405579,0.975952148,-0.288603783,1.167553902,282.5258789,7386255.0,20861872.0,9975461.0,8.11e-05
2014-04-27 19:00:00,0.0681898,0.0,95342.875,77.06936646,0.738677979,-0.22551918,1.089122772,282.3942871,7386255.0,22085840.0,9975461.0,9.07e-05
2014-04-27 20:00:00,0.067764282,0.0,95355.625,78.2721405,0.705200195,-0.163412094,1.2417202,282.0610352,7386255.0,23283024.0,9975461.0,9.83e-05
2014-04-27 21:00:00,0.055555522,0.0,95373.625,79.76564026,0.61920166,0.055077553,0.975278854,282.1538086,7395759.0,24468880.0,9999526.0,0.000103831
2014-04-27 22:00:00,0.046478283,0.0,95405.3125,80.95469666,0.62890625,0.109929085,1.199286461,283.3015137,7626007.0,25629664.0,10390768.0,0.000111818
2014-04-27 23:00:00,0.02658844,0.0,95422.75,78.64816284,0.362121582,-0.488624573,0.479373932,284.9279785,8451413.0,26786704.0,11458018.0,0.000116646
2014-04-28 00:00:00,0.013404846,0.0,95399.125,75.9901123,0.345916748,-0.480032921,-0.594812393,286.701416,10032242.0,27913456.0,13288848.0,0.000118017
2014-04-28 01:00:00,0.001644135,0.0,95369.25,74.7068634,0.105407715,0.167697907,-1.284193993,288.3613281,1784329.0,1109817.0,2087433.0,0.0
2014-04-28 02:00:00,0.001764297,0.000195026,95254.125,69.90040588,0.274169922,0.769029617,-1.627596855,290.0092773,4123444.0,2258241.0,4656398.0,0.0
2014-04-28 03:00:00,0.027248383,0.00023365,95149.125,60.90771484,0.69152832,2.353277206,-1.492384911,291.2658691,6406279.0,3378946.0,7182580.0,0.0
2014-04-28 04:00:00,0.013515472,0.00469017,95074.3125,53.97436523,0.985321045,2.483093262,-1.479893684,291.9604492,8202026.0,4683401.0,9291139.0,0.0
2014-04-28 05:00:00,0.001085281,0.008759499,95025.1875,51.56472778,0.935197353,2.292908669,-1.533232689,292.1835938,9554520.0,5936456.0,10936010.0,0.0
2014-04-28 06:00:00,6.48e-05,0.004584681,95030.25,50.79632568,0.694662035,1.776856422,-1.521678925,291.857666,10492451.0,7117240.0,12076884.0,0.0
2014-04-28 07:00:00,0.0,0.004839897,95010.625,57.43914795,0.629150391,0.764998436,-1.69282341,289.184082,10864782.0,8219810.0,12593740.0,0.0
2014-04-28 08:00:00,0.0,0.001772881,95018.0,62.88038635,0.202374697,1.804854393,-2.15695858,286.0693359,10881446.0,9272644.0,12627145.0,0.0
2014-04-28 09:00:00,0.0,0.000480652,95033.375,68.06010437,0.060333252,2.282207489,-1.506248474,285.286377,10881446.0,10357383.0,12627145.0,0.0
2014-04-28 10:00:00,0.0,0.000243187,95060.125,74.54873657,0.05116272,1.924026489,-0.870800972,285.3364258,10881446.0,11398498.0,12627090.0,0.0
2014-04-28 11:00:00,0.000896454,0.000276566,95081.5,80.90530396,0.04309082,1.869443893,-0.613955498,284.1428223,10881446.0,12444481.0,12627090.0,0.0
2014-04-28 12:00:00,0.001973152,0.0,95075.0625,84.63900757,0.051422119,1.237234116,-0.697580338,283.4672852,10881528.0,13502487.0,12627090.0,0.0
2014-04-28 13:00:00,0.0,0.000219822,94999.25,86.92276001,0.031402588,0.248397827,-0.992603302,282.2746582,10881528.0,14557302.0,12627090.0,0.0
2014-04-28 14:00:00,4.67e-05,0.000463486,94949.125,88.474823,0.460479736,0.617305756,-1.016273499,282.3256836,10881528.0,15622093.0,12627090.0,0.0
2014-04-28 15:00:00,0.00683403,0.0,94935.875,88.79075623,0.584884644,1.347800255,-0.640246391,282.5424805,10881528.0,16675323.0,12627090.0,0.0
2014-04-28 16:00:00,0.028327942,0.000232339,94899.3125,89.36175537,0.555480957,0.508088112,-1.2127285,282.0979004,10881528.0,17785728.0,12627090.0,0.0
2014-04-28 17:00:00,0.011751175,0.0,94821.375,90.4319458,0.308837891,0.182541847,-1.313983917,282.3723145,10881528.0,18951440.0,12627090.0,0.0
2014-04-28 18:00:00,0.010679245,0.0,94775.125,91.0927124,0.54888916,0.672291756,-1.463598251,282.9208984,10881528.0,20111088.0,12627090.0,0.0
2014-04-28 19:00:00,0.011125565,0.000301361,94745.125,91.99214172,0.481536865,0.579985619,-1.36572361,283.2851562,10881528.0,21310864.0,12627090.0,0.0
2014-04-28 20:00:00,0.01061058,0.005364656,94730.125,92.56497192,1.0,0.667250633,-1.38821888,282.9040527,10881528.0,22448864.0,12627090.0,0.0
2014-04-28 21:00:00,0.011650085,0.012598883,94721.75,93.33000183,0.999996424,0.58903122,-1.281279564,283.2133789,10892915.0,23628624.0,12650102.0,0.0
2014-04-28 22:00:00,0.010276794,0.012532234,94725.5,89.17967224,1.000005722,1.333715439,-1.763660431,285.2480469,11191298.0,24839728.0,13084263.0,0.0
2014-04-28 23:00:00,0.010189056,0.003085136,94728.3125,81.02258301,0.967828095,1.794037819,-1.975594521,287.5695801,11978730.0,26047024.0,14120298.0,0.0
2014-04-29 00:00:00,0.006362915,0.003676176,94664.0,73.72172546,0.979370117,2.174701691,-2.668072701,289.9519043,13366438.0,27234784.0,15801234.0,0.0
2014-04-29 01:00:00,0.047859192,0.003261566,94589.125,69.80715942,0.999998391,5.380627632,-4.037282944,291.8916016,1913836.0,1189091.0,2214883.0,0.0
2014-04-29 02:00:00,0.061393738,0.005131874,94518.5625,65.67643738,0.999994278,6.653209686,-4.299078941,292.3737793,3642629.0,2498944.0,4346533.0,0.000105143
2014-04-29 03:00:00,0.079086304,0.009669155,94445.25,65.3006134,0.999994636,6.667760849,-3.949715614,292.0693359,4874933.0,3788354.0,6069468.0,0.000138402
2014-04-29 04:00:00,0.073242188,0.020232148,94336.0625,64.77549744,0.999998629,5.577393532,-3.952198982,292.2265625,6093138.0,5103902.0,7726540.0,0.000197411
2014-04-29 05:00:00,0.089004517,0.006844264,94286.25,65.29815674,0.999998331,4.817807198,-3.575892448,292.0532227,6968106.0,6393811.0,8982888.0,0.000206709
2014-04-29 06:00:00,0.112272143,0.009001888,94272.125,66.54119873,1.0,3.606944084,-2.813090324,291.8005371,7653148.0,7677997.0,9958738.0,0.000218034
2014-04-29 07:00:00,0.089492798,0.134003997,94265.1875,70.5012207,1.0,1.920113564,-2.209804535,290.5083008,7843600.0,8949985.0,10313393.0,0.000265121
2014-04-29 08:00:00,0.135635376,0.200524271,94242.5,74.56436157,1.0,1.66017437,-2.242443085,289.4909668,7850329.0,10231658.0,10333814.0,0.000339985
2014-04-29 09:00:00,0.278442383,0.042513106,94285.0,79.15609741,1.0,2.174396515,-2.326366425,289.1791992,7850329.0,11573997.0,10333814.0,0.000621319
2014-04-29 10:00:00,0.441833496,0.030142494,94300.0625,84.98536682,1.0,2.300961494,-2.577889442,288.7329102,7850329.0,12941563.0,10333814.0,0.000862598
2014-04-29 11:00:00,0.27130127,0.095851064,94272.4375,90.30601501,1.0,1.953691483,-3.304210663,288.314209,7850329.0,14307504.0,10334032.0,0.001253605
2014-04-29 12:00:00,0.19466424,0.159509659,94229.875,93.10035706,1.0,2.114463806,-3.847736359,287.9958496,7850334.0,15665275.0,10334032.0,0.001823902
2014-04-29 13:00:00,0.199829876,0.017898504,94196.6875,96.35983276,1.0,2.830498695,-3.906646729,287.8146973,7850334.0,17034000.0,10334032.0,0.00248003
2014-04-29 14:00:00,0.292656183,0.068757057,94168.5625,96.36479187,1.0,3.675385475,-2.030674934,287.5192871,7850334.0,18414384.0,10334032.0,0.00305748
2014-04-29 15:00:00,0.406900227,0.043899633,94149.25,93.38931274,1.000002861,4.10196209,-1.13146019,286.5061035,7850334.0,19759920.0,10334032.0,0.003637314
2014-04-29 16:00:00,0.212256551,0.038535476,94140.8125,92.27528381,0.994429588,3.68833065,-1.277230263,285.7414551,7850334.0,21075280.0,10334032.0,0.004005909
2014-04-29 17:00:00,0.12860179,0.05034114,94131.25,93.29226685,0.989132702,3.243282318,-1.63744545,285.2321777,7850334.0,22381168.0,10334032.0,0.004311085
2014-04-29 18:00:00,0.050206091,0.000160217,94148.5625,93.94422913,0.791249991,2.94440937,-1.062049866,284.6096191,7850334.0,23614032.0,10334032.0,0.004328135
2014-04-29 19:00:00,0.086440921,1.53e-05,94190.875,92.97927856,0.858767211,2.687594414,-0.581500053,284.3234863,7850334.0,24841728.0,10334032.0,0.004336972
2014-04-29 20:00:00,0.008084405,0.0,94249.8125,90.97175598,0.232915163,2.641181946,-0.544205666,284.3867188,7850334.0,26110384.0,10334032.0,0.004340742
2014-04-29 21:00:00,0.011407048,0.0,94335.0,90.37353516,0.419230223,2.266848564,-0.524372101,283.5361328,7859989.0,27202528.0,10354771.0,0.004340772
2014-04-29 22:00:00,0.00757717,0.0,94421.875,86.76741028,0.105176628,2.654141426,-0.530426025,284.6047363,8203683.0,28283040.0,10838941.0,0.00434161
2014-04-29 23:00:00,0.001300537,0.0,94475.5625,77.10588074,0.198908567,2.678791046,-0.179552078,285.5085449,9160861.0,29346336.0,12002789.0,0.004342057
2014-04-30 00:00:00,0.004184179,0.0,94499.5625,68.16041565,0.272019148,2.915398598,-0.001576006,286.6816406,10785407.0,30397456.0,13831970.0,0.004342034
2014-04-30 01:00:00,0.017407935,0.000930786,94364.4375,53.78427124,0.217102051,4.596107483,-0.92603302,287.4797363,1762136.0,1088937.0,2034648.0,0.0
2014-04-30 02:00:00,0.02253563,0.001890182,94347.0625,50.46348572,0.305285871,5.278621674,-0.23704052,287.7172852,3882346.0,2184530.0,4356545.0,0.0
2014-04-30 03:00:00,0.003753662,0.000610352,94305.875,50.49745178,0.10987854,4.995835304,0.32136935,287.8059082,5818888.0,3257284.0,6561573.0,0.0
2014-04-30 04:00:00,0.010986328,0.001789093,94309.625,47.03172302,0.338745117,4.658494949,1.179096222,288.1696777,7887480.0,4317404.0,8836116.0,0.0
2014-04-30 05:00:00,0.015678406,0.003763199,94327.25,42.14060974,0.521362305,3.741695404,1.966843605,288.326416,9493566.0,5397487.0,10645712.0,0.0
2014-04-30 06:00:00,0.00435257,0.000555992,94373.25,42.3120575,0.320358276,2.977308273,1.640989304,287.9973145,10468559.0,6453735.0,11822234.0,0.0
2014-04-30 07:00:00,0.006269455,0.00020349,94439.5,45.62605286,0.248352051,1.686310768,0.436739922,286.5515137,10813564.0,7540547.0,12302309.0,0.0
2014-04-30 08:00:00,0.008289337,8.92e-05,94512.5625,50.89379883,0.316741943,1.817961693,0.052932858,284.8901367,10826395.0,8565945.0,12328406.0,0.0
2014-04-30 09:00:00,0.005760193,0.0,94602.75,57.24713135,0.239944458,1.659210205,0.608916998,282.8803711,10826395.0,9562098.0,12328406.0,0.0
2014-04-30 10:00:00,0.000747681,0.0,94687.5625,61.39807129,0.070007324,0.951972961,1.608791351,282.9023438,10826395.0,10551939.0,12328406.0,0.0
2014-04-30 11:00:00,0.0,0.0,94730.9375,63.30218506,0.002655029,-0.571070671,2.352897644,280.9086914,10826442.0,11538670.0,12328530.0,0.0
2014-04-30 12:00:00,0.0,0.0,94766.125,64.12251282,0.000961304,-1.123464584,2.303749084,280.0012207,10826442.0,12472268.0,12328530.0,0.0
2014-04-30 13:00:00,0.0,0.0,94771.3125,65.94148254,0.0,-1.562995911,2.089912415,279.2331543,10826442.0,13403340.0,12328530.0,0.0
2014-04-30 14:00:00,0.0,0.0,94746.9375,69.33345032,0.0,-1.683966637,1.696539879,278.8740234,10826442.0,14332096.0,12328530.0,0.0
2014-04-30 15:00:00,0.0,0.0,94711.5625,73.73524475,0.0,-1.501711845,1.208433151,279.2709961,10826442.0,15257169.0,12328530.0,0.0
2014-04-30 16:00:00,0.0,0.0,94682.125,77.70321655,0.0,-1.158588409,1.1057024,279.6542969,10826442.0,16173832.0,12328530.0,0.0
2014-04-30 17:00:00,0.0,0.0,94645.75,80.78727722,0.0,-0.778240204,1.025300026,279.3532715,10826442.0,17086896.0,12328530.0,0.0
2014-04-30 18:00:00,0.0,0.0,94620.3125,84.00257874,0.0,-0.506772041,0.92536068,278.980957,10826442.0,17998816.0,12328530.0,0.0
2014-04-30 19:00:00,0.0,0.0,94626.5625,86.82937622,0.0,-0.325256348,0.969463348,278.4753418,10826442.0,18909360.0,12328530.0,0.0
2014-04-30 20:00:00,0.0,0.0,94647.75,89.26794434,0.0,-0.422471046,0.615715027,278.2524414,10826442.0,19820384.0,12328530.0,0.0
2014-04-30 21:00:00,0.0,0.0,94683.0,90.85009766,0.0,-0.45276928,0.256524086,277.9199219,10836232.0,20725776.0,12347943.0,0.0
2014-04-30 22:00:00,0.0,0.0,94703.5,86.13763428,0.0,-0.368093491,0.449079514,279.3095703,11248060.0,21672656.0,12880512.0,0.0
2014-04-30 23:00:00,0.0,0.0,94690.0625,74.09815979,0.0,-0.311746597,0.026706696,282.0021973,12334138.0,22640800.0,14133954.0,0.0
